kepoi_name,koi_disposition,target,koi_period,koi_duration,koi_depth,koi_prad,koi_teq,koi_insol,koi_impact,koi_model_snr,koi_steff,koi_slogg,koi_srad
K00753.01,FALSE POSITIVE,0,19.89913995,1.7822,10829.0,14.6,638.0,39.3,0.969,76.3,5853.0,4.544,0.868
K00754.01,FALSE POSITIVE,0,1.736952453,2.40641,8079.2,33.46,1395.0,891.96,1.276,505.6,5805.0,4.564,0.791
K00755.01,CONFIRMED,2,2.525591777,1.6545,603.3,2.75,1406.0,926.16,0.701,40.9,6031.0,4.438,1.046
K00756.01,CONFIRMED,2,11.09432054,4.5945,1517.5,3.9,835.0,114.81,0.538,66.5,6046.0,4.486,0.972
K00756.02,CONFIRMED,2,4.13443512,3.1402,686.0,2.77,1160.0,427.65,0.762,40.2,6046.0,4.486,0.972
K00115.03,CANDIDATE,1,3.43591631,3.133,23.2,0.55,1272.0,617.61,0.624,8.7,5779.0,4.339,1.087
K00756.03,CONFIRMED,2,2.56658897,2.429,226.5,1.59,1360.0,807.74,0.755,15.0,6046.0,4.486,0.972
K00834.01,CONFIRMED,2,23.65369415,8.2183,3341.8,7.89,731.0,67.65,0.008,266.3,5739.0,4.191,1.384
K00834.02,CONFIRMED,2,13.23352214,6.7372,504.6,3.06,888.0,146.67,0.014,49.1,5739.0,4.191,1.384
K00834.03,CONFIRMED,2,6.15560285,4.9843,285.0,2.32,1146.0,406.94,0.235,35.1,5739.0,4.191,1.384
K00834.04,CONFIRMED,2,2.090811305,3.388,115.9,1.62,1642.0,1718.04,0.746,19.9,5739.0,4.191,1.384
K00834.05,CONFIRMED,2,50.4467417,7.159,370.3,2.67,568.0,24.64,0.379,19.4,5739.0,4.191,1.384
K00119.01,CONFIRMED,2,49.18394185,11.3364,1646.2,8.2,669.0,47.4,0.035,355.7,5626.0,3.907,2.057
K00835.01,CONFIRMED,2,11.76307164,2.9076,1037.3,2.35,616.0,33.99,0.048,48.9,4959.0,4.603,0.756
K00899.03,CONFIRMED,2,15.36845737,2.4714,756.1,1.11,332.0,2.86,0.115,30.9,3561.0,4.855,0.411
K00900.01,CONFIRMED,2,13.81020318,3.048,1309.7,4.56,833.0,113.75,0.791,46.2,5942.0,4.327,1.142
K00901.01,CANDIDATE,1,12.732624065,2.2083,6465.7,4.87,432.0,8.22,0.811,210.5,3950.0,4.721,0.541
K00902.01,CANDIDATE,1,83.92494032,6.7904,7958.7,4.78,226.0,0.62,0.658,182.1,3960.0,4.746,0.509
K00903.01,CONFIRMED,2,5.007316661,4.2362,6932.3,6.96,998.0,234.28,0.344,431.4,5865.0,4.563,0.827
K00126.01,FALSE POSITIVE,0,33.80364366,11.4813,13494.4,20.7,745.0,72.71,0.023,529.9,5855.0,3.999,1.796
K00904.01,CONFIRMED,2,2.211116989,1.6485,724.2,1.85,931.0,177.19,0.69,42.6,4500.0,4.656,0.646
K00961.02,CONFIRMED,2,0.453287416,0.4445,1461.5,0.76,729.0,66.14,0.81,150.4,3292.0,5.215,0.148
K00961.03,CONFIRMED,2,1.865114193,0.4279,1124.8,0.66,455.0,10.1,0.785,56.9,3292.0,5.215,0.148
K00964.01,FALSE POSITIVE,0,3.273699006,3.07626,6862.8,22.36,3060.0,20728.79,0.733,1293.1,10816.0,4.086,2.493
K00965.01,FALSE POSITIVE,0,7.047103499,3.3208,71318.0,51.86,955.0,196.62,1.047,274.9,5730.0,4.417,1.035
K00966.01,FALSE POSITIVE,0,0.379463865,0.86896,1973.3,59.56,3000.0,19256.81,1.246,458.6,5075.0,3.892,1.783
K00967.01,FALSE POSITIVE,0,9.88047978,2.78458,18541.0,23.6,860.0,129.45,1.02,534.5,6113.0,4.512,0.917
K00968.01,FALSE POSITIVE,0,4.6484156,38.1939,128.4,5.06,2259.0,6152.88,0.968,91.7,6980.0,3.577,3.482
K01060.02,CONFIRMED,2,4.75796103,4.66,124.5,1.7,1372.0,835.65,0.621,20.9,6021.0,4.093,1.458
K01060.03,CONFIRMED,2,20.4972755,8.536,242.9,2.96,843.0,119.42,0.966,22.8,6021.0,4.093,1.458
K01060.04,CONFIRMED,2,8.19345065,5.234,115.4,1.74,1144.0,405.75,0.815,15.7,6021.0,4.093,1.458
K01061.01,CONFIRMED,2,41.8059544,6.057,434.4,2.02,533.0,19.02,0.029,28.3,5907.0,4.445,0.973
K01062.01,FALSE POSITIVE,0,15.45158184,2.406,85.3,2.02,1285.0,643.83,0.636,21.0,7839.0,4.08,2.069
K01063.01,FALSE POSITIVE,0,89.698168533,5.5418,273106.0,102.08,554.0,22.33,0.684,3420.3,6214.0,4.021,1.583
K00143.01,CANDIDATE,1,22.65117451,3.6895,2250.0,7.62,855.0,126.57,0.925,170.1,6968.0,4.31,1.333
K01126.02,FALSE POSITIVE,0,475.91706,22.86,967.3,28.22,221.0,0.56,1.222,15.3,5334.0,4.372,1.004
K01127.01,CONFIRMED,2,5.32667299,3.4045,611.4,2.26,1007.0,242.97,0.043,34.1,5831.0,4.517,0.921
K01127.02,CONFIRMED,2,8.1280933,3.727,224.1,1.39,875.0,138.51,0.357,10.7,5831.0,4.517,0.921
K00149.01,CONFIRMED,2,14.55730897,7.7643,956.9,4.32,879.0,141.0,0.036,200.0,5774.0,4.159,1.412
K01127.03,CANDIDATE,1,2.83668931,3.031,166.1,1.19,1242.0,562.48,0.33,12.1,5831.0,4.517,0.921
K01128.01,CONFIRMED,2,0.974868896,1.6191,197.6,1.16,1612.0,1605.87,0.12,82.6,5487.0,4.563,0.832
K01129.01,CONFIRMED,2,4.89721006,1.812,274.4,1.48,904.0,157.93,0.66,16.9,5093.0,4.483,0.847
K01213.01,FALSE POSITIVE,0,0.796722833,2.4551,107.1,1.44,2401.0,7844.64,0.601,43.9,5959.0,4.121,1.334
K01214.01,CONFIRMED,2,4.24153629,2.971,188.1,1.44,1177.0,452.95,0.257,18.0,5776.0,4.34,1.047
K00155.01,CONFIRMED,2,5.660669429,4.6483,737.8,3.24,1115.0,365.53,0.477,201.1,5746.0,4.266,1.173
K01215.01,CONFIRMED,2,17.32419108,8.045,241.3,3.14,964.0,204.1,0.764,49.1,5968.0,3.972,1.857
K01215.02,CONFIRMED,2,33.0063185,7.118,278.1,3.13,778.0,86.38,0.39,38.2,5968.0,3.972,1.857
K01216.01,CONFIRMED,2,11.13127159,4.2372,211.2,2.06,952.0,194.31,0.01,36.8,5800.0,4.202,1.435
K01217.01,FALSE POSITIVE,0,3.47143963,3.663,99.8,1.19,1358.0,805.05,0.719,27.5,6341.0,4.409,1.111
K01297.01,FALSE POSITIVE,0,1.031096352,2.781,265.4,2.36,2020.0,3954.46,0.979,37.8,6371.0,4.426,1.072
K01298.01,CONFIRMED,2,11.00817635,2.013,1462.5,2.15,488.0,13.39,0.025,42.1,4141.0,4.684,0.582
K01298.02,CONFIRMED,2,92.7495777,5.506,1105.1,1.87,240.0,0.78,0.019,18.0,4141.0,4.684,0.582
K01299.01,CONFIRMED,2,52.5008645,14.9066,946.7,12.41,812.0,102.94,0.11,116.2,4976.0,3.331,4.157
K00158.01,FALSE POSITIVE,0,5.80181368,4.119,269.6,4.52,1491.0,1168.82,0.967,35.3,6020.0,3.86,2.097
K01300.01,CONFIRMED,2,0.63133171,1.1487,434.5,1.2,1322.0,726.72,0.726,95.8,4441.0,4.71,0.53
K01301.01,CONFIRMED,2,12.69905011,2.9899,797.4,2.62,686.0,52.55,0.663,30.4,5291.0,4.489,0.882
K01302.01,CONFIRMED,2,55.6391882,7.316,853.0,3.13,478.0,12.33,0.811,48.3,5949.0,4.493,0.962
K01303.01,CANDIDATE,1,34.2966363,19.718,696.6,3.29,584.0,27.6,0.711,66.7,5490.0,4.263,1.167
K01304.01,CONFIRMED,2,4.59726613,2.909,313.0,1.69,1105.0,352.4,0.033,17.0,5999.0,4.494,0.959
K01305.01,CONFIRMED,2,2.633852528,2.0206,259.8,1.38,1131.0,387.43,0.204,23.3,5114.0,4.463,0.878
K01305.02,CONFIRMED,2,6.18670882,2.909,202.6,1.21,851.0,123.96,0.013,14.3,5114.0,4.463,0.878
K01307.02,CONFIRMED,2,20.34237838,2.3351,564.6,2.88,667.0,46.93,0.826,28.7,5514.0,4.345,1.071
K01308.01,CONFIRMED,2,23.58444746,5.5545,429.2,3.0,730.0,66.96,0.711,42.8,5655.0,4.152,1.354
K01309.01,CONFIRMED,2,10.1171684,4.6677,288.7,3.07,1163.0,433.41,0.296,50.6,6306.0,4.077,1.792
K01310.01,CONFIRMED,2,19.12947603,3.9622,451.2,4.23,817.0,105.25,0.861,31.7,5372.0,4.007,1.71
K01310.02,CANDIDATE,1,144.688915,9.468,397.1,3.33,416.0,7.09,0.087,11.6,5372.0,4.007,1.71
K01317.01,FALSE POSITIVE,0,2.171827838,3.2205,42086.0,58.56,1311.0,698.31,1.323,300.6,5650.0,4.513,0.891
K01318.01,FALSE POSITIVE,0,1.634614356,3.4422,19761.5,44.22,1611.0,1597.73,1.229,376.5,6121.0,4.468,0.97
K01319.01,FALSE POSITIVE,0,16.025018977,3.8828,29090.0,1069.01,657.0,44.01,13.239,257.8,5776.0,4.582,0.789
K01320.01,CONFIRMED,2,10.50682978,3.7769,13355.5,9.01,668.0,47.21,0.407,343.4,5127.0,4.589,0.782
K01321.01,FALSE POSITIVE,0,0.711966971,2.0221,6227.5,33.34,1855.0,2808.98,1.268,392.2,5486.0,4.47,0.83
K01327.01,FALSE POSITIVE,0,15.6402515,6.222,800.3,18.11,640.0,39.55,1.167,19.3,5346.0,4.491,0.826
K01328.01,CANDIDATE,1,80.9669561,2.5276,4733.0,5.04,364.0,4.14,0.007,52.0,5611.0,4.61,0.737
K01329.01,CONFIRMED,2,33.1996355,5.022,1112.5,2.85,485.0,13.09,0.017,32.6,5102.0,4.463,0.88
K01330.01,FALSE POSITIVE,0,8.65306587,4.486,1048.1,19.78,633.0,37.94,1.222,43.0,4641.0,4.589,0.694
K01330.02,FALSE POSITIVE,0,94.219289,24.312,1025.9,2.15,285.0,1.57,0.173,37.6,4641.0,4.589,0.694
K01334.02,FALSE POSITIVE,0,94.225938,22.08,530.4,1.93,348.0,3.48,0.213,25.4,5421.0,4.564,0.852
K01335.01,CONFIRMED,2,127.8334997,10.914,1829.9,9.46,554.0,22.21,0.416,76.9,6505.0,3.973,2.17
K01336.01,CONFIRMED,2,10.21864532,3.802,445.3,2.33,920.0,169.13,0.416,26.6,6100.0,4.376,1.083
K01336.02,CONFIRMED,2,15.573637,5.326,468.1,2.94,799.0,96.38,0.946,24.7,6100.0,4.376,1.083
K01336.03,CONFIRMED,2,40.1015561,5.246,550.0,2.92,583.0,27.31,0.868,19.0,6100.0,4.376,1.083
K00733.01,CONFIRMED,2,5.924993927,2.8874,1608.1,3.15,758.0,77.91,0.848,68.5,5016.0,4.641,0.679
K00733.02,CONFIRMED,2,11.34934848,3.1101,1249.8,2.39,610.0,32.75,0.398,41.7,5016.0,4.641,0.679
K00733.03,CONFIRMED,2,3.13295351,2.2207,435.2,1.39,937.0,181.84,0.135,23.9,5016.0,4.641,0.679
K00733.04,CONFIRMED,2,18.64349986,1.8491,813.4,2.14,517.0,16.91,0.774,16.1,5016.0,4.641,0.679
K00734.01,CONFIRMED,2,24.5434566,7.2518,1151.3,3.08,616.0,34.07,0.042,64.5,5955.0,4.52,0.91
K00738.02,CONFIRMED,2,13.28689997,3.2825,1039.6,2.78,715.0,61.8,0.017,41.3,5730.0,4.545,0.87
K00739.01,CONFIRMED,2,1.287076693,1.4942,729.4,1.39,871.0,135.97,0.003,65.2,3736.0,4.724,0.525
K00740.01,CONFIRMED,2,17.6717714,3.4202,918.6,2.44,513.0,16.38,0.86,36.2,4869.0,4.636,0.687
K00741.01,FALSE POSITIVE,0,23.355341391,4.60672,38524.0,21.55,601.0,30.96,0.842,1144.3,5754.0,4.534,0.905
K00742.01,FALSE POSITIVE,0,11.521446064,3.6399,17984.3,150.51,753.0,75.88,2.483,622.1,5795.0,4.554,0.848
K00748.01,FALSE POSITIVE,0,2.696370652,3.6129,397.9,1.58,1066.0,305.34,0.044,48.2,4989.0,4.504,0.819
K00749.01,CONFIRMED,2,5.349553819,3.0278,831.0,2.55,919.0,168.99,0.092,60.6,5185.0,4.44,0.91
K00749.02,CONFIRMED,2,3.94105221,2.5984,363.3,1.7,1018.0,253.15,0.226,28.9,5185.0,4.44,0.91
K00749.03,CONFIRMED,2,8.10904807,3.596,217.4,1.3,800.0,97.03,0.025,14.1,5185.0,4.44,0.91
K00750.01,CONFIRMED,2,21.67699193,3.4555,857.2,2.95,530.0,18.64,0.896,34.3,4954.0,4.5,0.828
K00757.01,CONFIRMED,2,16.06864674,3.5347,4914.3,5.76,600.0,30.75,0.052,161.9,5031.0,4.485,0.848
K00757.02,CONFIRMED,2,41.19725502,4.6297,2213.9,3.86,439.0,8.76,0.045,51.2,5031.0,4.485,0.848
K00757.03,CONFIRMED,2,6.252962249,2.5819,1036.9,2.65,823.0,108.3,0.105,47.1,5031.0,4.485,0.848
K00758.01,CONFIRMED,2,16.01308419,3.2554,1121.9,3.1,593.0,29.31,0.799,33.2,5015.0,4.499,0.826
K00759.01,CONFIRMED,2,32.62876672,4.7971,1804.8,3.36,506.0,15.55,0.021,80.0,5586.0,4.56,0.798
K00759.02,CONFIRMED,2,91.7732862,6.473,652.0,2.12,359.0,3.92,0.606,19.1,5586.0,4.56,0.798
K00760.01,CONFIRMED,2,4.959319244,2.22739,9802.0,12.21,1103.0,349.4,0.831,696.5,5712.0,4.359,1.082
K00835.02,CONFIRMED,2,56.2279271,3.57,862.7,2.37,366.0,4.22,0.7,20.9,4959.0,4.603,0.756
K00836.01,FALSE POSITIVE,0,2.384052875,3.0918,1268.1,17.06,1010.0,244.87,1.178,50.5,4794.0,4.58,0.701
K00837.01,CONFIRMED,2,7.953547,2.6312,875.4,2.25,696.0,55.37,0.3,38.4,4768.0,4.536,0.779
K00837.02,CONFIRMED,2,4.14451656,2.3421,391.8,1.48,864.0,132.08,0.004,22.8,4768.0,4.536,0.779
K00838.01,FALSE POSITIVE,0,4.859386384,2.2757,6044.3,38.33,1114.0,364.23,1.259,269.7,6072.0,4.47,0.988
K00839.01,FALSE POSITIVE,0,2.446737317,4.7211,1177.9,26.25,1261.0,597.19,1.241,110.2,5764.0,4.548,0.863
K00840.01,CONFIRMED,2,3.04033046,1.8411,10858.8,8.99,1021.0,257.29,0.736,568.2,5035.0,4.519,0.791
K00904.02,CONFIRMED,2,27.9541337,3.95,942.5,1.9,400.0,6.04,0.063,25.4,4500.0,4.656,0.646
K00904.03,CONFIRMED,2,42.1406089,5.083,895.5,1.85,349.0,3.49,0.045,21.6,4500.0,4.656,0.646
K00904.04,CONFIRMED,2,4.617490562,2.2618,575.8,1.62,728.0,66.47,0.649,28.1,4500.0,4.656,0.646
K00904.05,CONFIRMED,2,10.19849255,2.4283,634.1,1.75,559.0,23.11,0.714,21.4,4500.0,4.656,0.646
K00905.01,FALSE POSITIVE,0,5.795063956,3.2496,1692.9,4.33,950.0,192.74,0.949,119.4,5865.0,4.563,0.827
K00906.01,CONFIRMED,2,7.15681552,2.5882,867.0,2.47,782.0,88.23,0.45,47.7,5029.0,4.494,0.838
K00906.02,CONFIRMED,2,17.64830851,2.0873,763.3,2.43,579.0,26.49,0.653,23.8,5029.0,4.494,0.838
K00135.01,CONFIRMED,2,3.024092505,2.8021,7765.0,12.14,1489.0,1162.54,0.424,1225.3,6063.0,4.261,1.358
K00969.01,FALSE POSITIVE,0,17.512014768,1.8248,4511.7,13.66,804.0,98.77,0.994,322.3,6224.0,4.33,1.132
K00970.01,FALSE POSITIVE,0,3.9886021,1.7376,673.5,34.39,3145.0,23135.72,0.06,37.1,4813.0,2.472,13.652
K00971.01,CANDIDATE,1,0.533059312,1.8621,1495.8,133.56,5862.0,277887.7,1.263,179.6,8523.0,3.559,4.051
K00972.01,CONFIRMED,2,13.118962443,4.3045,372.2,8.25,1768.0,2310.43,0.042,267.4,7221.0,3.488,4.24
K00972.02,FALSE POSITIVE,0,7.82187328,3.8417,42.2,2.78,2101.0,4601.71,0.005,37.2,7221.0,3.488,4.24
K00974.01,CANDIDATE,1,53.5057611,10.5616,195.6,2.52,675.0,49.16,0.46,71.2,6247.0,4.016,1.762
K01064.01,CANDIDATE,1,1.187352427,4.999,20703.0,67.35,2251.0,6067.3,1.222,717.4,6424.0,4.186,1.489
K01065.01,FALSE POSITIVE,0,4.020628573,4.4085,20901.0,16.94,1232.0,543.92,0.827,282.6,6210.0,4.45,1.033
K01066.01,CANDIDATE,1,5.714817603,3.14126,12294.8,9.29,943.0,187.27,0.096,537.7,5695.0,4.526,0.842
K01067.01,FALSE POSITIVE,0,185.02288222,4.87326,43546.7,49.82,379.0,4.89,1.004,938.2,6025.0,4.237,1.367
K01068.01,FALSE POSITIVE,0,2.897432135,3.1793,1223.7,14.35,2170.0,5240.0,0.967,73.9,5970.0,3.619,2.994
K01069.01,CONFIRMED,2,8.70420525,2.9385,1074.9,2.86,748.0,74.13,0.5,74.0,5074.0,4.474,0.863
K01069.02,CONFIRMED,2,2.46697039,1.6345,308.7,1.56,1139.0,398.42,0.574,29.5,5074.0,4.474,0.863
K01130.01,FALSE POSITIVE,0,2.757794163,2.7644,39043.0,20.05,1231.0,542.43,0.8,349.2,5747.0,4.514,0.891
K01131.01,CANDIDATE,1,0.696125302,2.0054,14966.0,28.44,1645.0,1739.43,1.219,177.2,5245.0,4.594,0.674
K01132.01,FALSE POSITIVE,0,1.914158508,3.2917,7829.2,13.63,1646.0,1730.47,0.942,124.6,6289.0,4.407,1.118
K01133.01,FALSE POSITIVE,0,5.251916208,4.9095,10624.3,37.15,952.0,194.17,1.256,146.3,5542.0,4.52,0.872
K01134.01,FALSE POSITIVE,0,100.3039228,8.702,5450.0,29.55,313.0,2.26,1.256,63.2,5055.0,4.566,0.772
K01134.02,FALSE POSITIVE,0,200.61103346,7.13,449.2,2.47,938.0,183.39,0.583,27.5,5761.0,4.438,0.997
K01135.01,FALSE POSITIVE,0,0.986620248,3.9722,1345.8,43.98,2308.0,6719.67,1.252,117.7,6243.0,4.176,1.385
K01218.01,CONFIRMED,2,29.6193891,4.9595,314.7,1.74,580.0,26.79,0.046,42.5,5618.0,4.401,0.996
K01220.01,CONFIRMED,2,6.40087137,2.5561,133.6,1.91,1109.0,357.44,0.861,24.4,5426.0,4.107,1.421
K01221.01,CONFIRMED,2,30.1599411,7.874,175.9,4.54,836.0,115.69,0.802,32.3,5010.0,3.62,3.051
K01221.02,CONFIRMED,2,51.0771048,11.233,141.5,3.66,702.0,57.28,0.498,24.1,5010.0,3.62,3.051
K01223.01,FALSE POSITIVE,0,7.388833611,5.62857,13063.5,10.66,877.0,139.94,0.799,1509.3,5845.0,4.558,0.838
K01224.01,FALSE POSITIVE,0,2.698021895,23.192,6721.2,52.51,1582.0,1481.76,1.3,647.1,6568.0,4.36,1.211
K00156.01,CONFIRMED,2,8.041347775,2.6332,591.0,1.29,507.0,15.59,0.26,77.5,3980.0,4.722,0.54
K01301.02,CONFIRMED,2,37.5142128,5.303,935.0,2.68,478.0,12.38,0.366,28.9,5291.0,4.489,0.882
K01306.01,CONFIRMED,2,1.796320953,1.9139,210.9,1.2,1367.0,827.82,0.015,22.1,5576.0,4.503,0.829
K01306.02,CONFIRMED,2,3.468073,2.361,243.9,1.29,1098.0,343.57,0.143,20.6,5576.0,4.503,0.829
K00159.01,CONFIRMED,2,8.99088621,4.2447,469.7,2.78,960.0,200.35,0.77,93.6,5881.0,4.315,1.171
K01306.03,CONFIRMED,2,5.9142668,2.661,253.2,1.31,919.0,168.51,0.04,17.4,5576.0,4.503,0.829
K01306.04,CONFIRMED,2,29.2214959,4.014,394.0,1.81,539.0,20.03,0.779,14.6,5576.0,4.503,0.829
K01307.01,CONFIRMED,2,44.8520997,3.5729,780.8,3.35,513.0,16.35,0.807,33.0,5514.0,4.345,1.071
K01311.01,CONFIRMED,2,83.5781976,7.2487,630.8,6.63,655.0,43.62,0.544,54.9,6056.0,3.788,2.562
K01312.01,CONFIRMED,2,6.1469956,3.3153,249.6,2.04,1164.0,433.72,0.083,25.8,6110.0,4.285,1.296
K00159.02,CONFIRMED,2,2.403640701,1.4012,74.9,1.24,1489.0,1164.85,0.918,16.3,5881.0,4.315,1.171
K01313.01,FALSE POSITIVE,0,0.522457732,0.8907,143.8,1.52,2308.0,6715.55,0.967,48.2,5991.0,4.459,0.954
K01314.01,CONFIRMED,2,8.57504983,8.653,160.6,4.26,1374.0,841.68,0.129,36.9,4986.0,3.462,3.464
K01315.01,CANDIDATE,1,6.84639884,3.4919,149.7,1.9,1132.0,387.84,0.9,36.3,6065.0,4.251,1.31
K01316.01,CONFIRMED,2,7.64970832,6.625,55.4,1.43,1144.0,404.99,0.898,28.5,5855.0,4.125,1.613
K01322.01,FALSE POSITIVE,0,17.72724392,4.1073,16878.0,14.77,741.0,71.06,0.825,109.7,6181.0,4.464,1.006
K00160.01,CANDIDATE,1,13.73808249,3.354,660.7,3.84,912.0,163.52,0.957,68.4,6375.0,4.292,1.178
K01323.01,CONFIRMED,2,3.990105908,2.4108,6154.9,7.45,1124.0,378.53,0.582,247.8,5926.0,4.519,0.913
K01324.01,FALSE POSITIVE,0,0.52205862,2.0847,1381.3,27.16,2022.0,3951.57,1.24,169.0,5359.0,4.478,0.878
K01325.01,CONFIRMED,2,10.035381809,3.4062,2829.7,4.42,786.0,90.33,0.079,150.9,5813.0,4.561,0.833
K01326.01,FALSE POSITIVE,0,53.100942624,2.2868,19981.1,24.02,464.0,10.93,0.988,1108.5,5465.0,4.396,0.973
K01331.01,CANDIDATE,1,6.80082032,1.9883,699.9,1.88,697.0,55.83,0.597,25.5,4805.0,4.633,0.688
K00161.01,CONFIRMED,2,3.105507835,1.7458,904.6,2.68,980.0,217.91,0.799,178.6,4989.0,4.585,0.791
K01332.01,CONFIRMED,2,19.30581662,4.2902,709.1,4.0,815.0,104.41,0.001,36.3,5661.0,4.09,1.522
K01332.02,CONFIRMED,2,6.09747233,3.431,217.6,2.22,1197.0,485.84,0.012,17.4,5661.0,4.09,1.522
K01332.03,CONFIRMED,2,56.637918,6.172,589.7,3.68,570.0,24.87,0.298,20.9,5661.0,4.09,1.522
K01333.01,FALSE POSITIVE,0,2.243016513,2.721,299.6,1.37,1167.0,438.46,0.737,59.1,5462.0,4.614,0.732
K01334.01,FALSE POSITIVE,0,8.6531216,4.39,654.8,22.58,772.0,84.05,1.214,35.7,5421.0,4.564,0.852
K00162.01,CONFIRMED,2,14.00640392,4.6919,716.4,3.11,807.0,100.09,0.568,109.3,5788.0,4.323,1.124
K01336.04,CONFIRMED,2,4.45814897,2.867,188.1,1.61,1212.0,511.6,0.754,14.3,6100.0,4.376,1.083
K01337.01,CONFIRMED,2,1.922799706,1.8604,259.7,1.28,1215.0,514.44,0.036,30.1,5194.0,4.559,0.815
K01338.01,CONFIRMED,2,3.222975318,2.9247,232.7,1.47,1239.0,558.65,0.33,31.3,5823.0,4.427,0.96
K01338.02,CANDIDATE,1,42.0370662,6.282,266.8,1.66,527.0,18.16,0.672,14.7,5823.0,4.427,0.96
K01338.03,CANDIDATE,1,21.0112068,4.507,163.6,1.4,663.0,45.79,0.853,10.2,5823.0,4.427,0.96
K01339.01,CONFIRMED,2,4.16811839,2.8084,263.0,2.28,1277.0,628.73,0.709,26.7,5689.0,4.202,1.313
K00001.01,CONFIRMED,2,2.470613377,1.74319,14230.9,13.04,1339.0,761.46,0.818,4304.3,5820.0,4.457,0.964
K00002.01,CONFIRMED,2,2.204735417,3.88864,6674.7,16.1,2048.0,4148.92,0.224,5945.9,6440.0,4.019,1.952
K00011.01,FALSE POSITIVE,0,3.747838198,5.0642,616.0,13.65,1031.0,266.76,1.121,138.2,5514.0,4.569,0.826
K00112.02,CONFIRMED,2,3.709214104,2.6302,131.1,1.16,1206.0,500.46,0.051,50.6,5833.0,4.407,1.022
K00732.01,CONFIRMED,2,1.260258822,1.8594,1130.7,3.57,1569.0,1435.82,0.791,128.2,5550.0,4.5,0.954
K00732.02,CANDIDATE,1,3.29534567,1.902,141.9,1.23,1139.0,397.37,0.729,10.4,5550.0,4.5,0.954
K00732.03,CONFIRMED,2,5.25449393,3.078,169.0,1.41,975.0,213.25,0.837,12.6,5550.0,4.5,0.954
K00734.02,CANDIDATE,1,70.2780911,2.466,781.6,2.54,434.0,8.38,0.07,14.9,5955.0,4.52,0.91
K00735.01,CANDIDATE,1,22.34213536,6.461,2264.4,5.19,526.0,18.14,0.973,51.9,5237.0,4.568,0.707
K00114.01,FALSE POSITIVE,0,7.36178958,5.022,233.7,39.21,1342.0,767.22,1.169,47.7,6227.0,3.986,1.958
K00736.01,CONFIRMED,2,18.79418506,3.2906,1529.0,2.33,412.0,6.79,0.356,40.2,4126.0,4.668,0.602
K00736.02,CONFIRMED,2,6.73893544,2.813,601.3,1.44,579.0,26.64,0.043,24.2,4126.0,4.668,0.602
K00737.01,FALSE POSITIVE,0,14.49839316,3.7343,3271.1,5.16,607.0,32.22,0.91,125.6,5268.0,4.602,0.735
K00738.01,CONFIRMED,2,10.3392408,3.075,1184.6,2.98,777.0,86.46,0.15,51.4,5730.0,4.545,0.87
K00743.01,FALSE POSITIVE,0,19.40393776,12.2155,8918.7,7.18,523.0,17.69,0.804,214.7,5043.0,4.591,0.68
K00115.01,CONFIRMED,2,5.412203927,2.9472,601.6,2.94,1093.0,337.68,0.787,166.7,5779.0,4.339,1.087
K00744.01,FALSE POSITIVE,0,19.221388942,4.79843,74284.0,49.29,698.0,55.97,1.065,2317.0,6117.0,4.496,0.947
K00744.02,FALSE POSITIVE,0,2.03746414,2.895,138.8,1.12,1474.0,1118.26,0.008,14.1,6117.0,4.496,0.947
K00745.01,FALSE POSITIVE,0,16.46983774,9.4378,10478.9,7.94,595.0,29.61,0.292,303.4,5152.0,4.517,0.786
K00746.01,CONFIRMED,2,9.27358173,3.2875,1288.3,2.47,649.0,41.85,0.387,87.2,4856.0,4.583,0.696
K00747.01,CONFIRMED,2,6.02930329,1.5821,1912.7,2.85,678.0,50.04,0.258,65.4,4537.0,4.648,0.672
K00115.02,CONFIRMED,2,7.12594387,3.0014,192.4,1.79,997.0,233.31,0.898,47.1,5779.0,4.339,1.087
K00761.01,FALSE POSITIVE,0,2.701287801,3.3827,860.4,6.54,1222.0,527.81,1.016,48.3,5550.0,4.468,0.91
K00762.01,CONFIRMED,2,4.49876511,3.7362,460.0,2.1,1133.0,389.62,0.312,29.5,6075.0,4.486,0.969
K00116.01,CONFIRMED,2,13.57078281,3.3539,511.7,2.64,785.0,89.61,0.866,88.4,5854.0,4.406,1.012
K00763.01,FALSE POSITIVE,0,19.651209505,5.2514,11766.3,12.42,730.0,67.03,0.723,513.4,6074.0,4.391,1.063
K00764.01,CONFIRMED,2,41.43958662,10.5989,2793.1,5.5,516.0,16.72,0.355,141.1,5468.0,4.367,1.046
K00765.01,CONFIRMED,2,8.35389523,2.2514,1041.6,2.52,790.0,91.9,0.023,43.4,5592.0,4.582,0.787
K00766.01,CONFIRMED,2,4.125543472,3.1744,1487.3,4.43,1243.0,565.35,0.597,128.6,6174.0,4.417,1.103
K00841.01,CONFIRMED,2,15.33528675,3.897,3081.4,5.0,610.0,32.67,0.773,86.6,5251.0,4.581,0.817
K00841.02,CONFIRMED,2,31.33046135,5.176,5073.8,6.5,481.0,12.61,0.798,117.2,5251.0,4.581,0.817
K00119.02,CONFIRMED,2,190.3200468,15.284,1141.7,7.78,426.0,7.8,0.812,139.3,5626.0,3.907,2.057
K00841.03,CONFIRMED,2,6.54626149,2.75,655.9,2.19,810.0,101.78,0.644,24.8,5251.0,4.581,0.817
K00841.04,FALSE POSITIVE,0,269.306232,14.931,1708.0,24.0,235.0,0.72,1.219,18.1,5251.0,4.581,0.817
K00841.05,FALSE POSITIVE,0,499.47338,12.248,1662.0,3.71,191.0,0.31,0.793,15.7,5251.0,4.581,0.817
K00842.01,CONFIRMED,2,12.71809866,3.0957,1149.4,2.31,562.0,23.6,0.427,52.7,4702.0,4.592,0.686
K00906.03,CONFIRMED,2,4.14810719,2.535,175.2,1.08,938.0,182.76,0.093,12.9,5029.0,4.494,0.838
K00907.01,CONFIRMED,2,16.51410989,4.1575,973.5,2.72,655.0,43.57,0.395,55.9,5527.0,4.488,0.866
K00126.02,CANDIDATE,1,0.875197345,0.052,0.0,0.73,2518.0,9497.39,1.004,0.0,5855.0,3.999,1.796
K00907.02,CONFIRMED,2,30.1329298,5.172,1015.8,3.14,536.0,19.55,0.839,44.8,5527.0,4.488,0.866
K00907.03,CONFIRMED,2,4.79090809,2.603,251.3,1.36,990.0,227.24,0.11,21.2,5527.0,4.488,0.866
K00907.04,CONFIRMED,2,99.6415962,4.448,952.5,2.64,360.0,3.97,0.028,22.7,5527.0,4.488,0.866
K00908.01,CONFIRMED,2,4.708326451,3.16114,7912.7,10.6,1162.0,431.02,0.061,633.4,5560.0,4.246,1.21
K00975.01,CONFIRMED,2,2.785821236,3.5599,68.9,1.69,1784.0,2388.98,0.893,53.6,6202.0,4.026,1.733
K00976.01,FALSE POSITIVE,0,52.56901867,6.7507,26900.0,78.54,737.0,69.62,1.197,184.3,7240.0,4.178,1.717
K00977.01,CANDIDATE,1,1.353771892,7.012,1349.1,430.99,4903.0,136609.48,1.203,76.7,4283.0,2.012,15.76
K00978.01,FALSE POSITIVE,0,18.95491633,24.249,867.5,71.39,1139.0,397.48,1.228,249.3,6362.0,3.761,2.534
K00136.01,FALSE POSITIVE,0,15.663886949,2.4775,5144.4,27.36,1060.0,298.77,0.985,175.9,5996.0,3.901,2.221
K00979.01,FALSE POSITIVE,0,4.348866254,3.2797,625.6,2436.69,6421.0,401588.95,1.187,56.3,3598.0,0.65,101.451
K00980.01,FALSE POSITIVE,0,47.93094546,2.6897,2144.4,68.02,905.0,158.41,1.272,221.1,8214.0,4.104,1.938
K00150.01,CONFIRMED,2,8.408878137,3.4967,798.9,2.28,809.0,101.22,0.018,147.2,5551.0,4.508,0.812
K01136.01,FALSE POSITIVE,0,1.63484631,6.11,449.2,2.47,938.0,183.39,0.583,27.5,5761.0,4.438,0.997
K01137.01,FALSE POSITIVE,0,302.38867822,3.1229,41320.0,40.73,238.0,0.76,1.134,294.8,5328.0,4.499,0.857
K01138.01,FALSE POSITIVE,0,31.82814583,2.917,4456.8,35.8,564.0,23.97,1.276,78.7,5908.0,4.507,0.92
K01139.01,FALSE POSITIVE,0,3.629442796,5.63,426.6,3.28,1434.0,1001.35,0.97,76.4,6506.0,4.336,1.217
K01140.01,CANDIDATE,1,0.553261874,0.8875,1038.1,97.36,3689.0,43709.08,1.246,202.2,5679.0,3.565,3.142
K01141.01,CONFIRMED,2,5.72812616,2.0295,643.4,1.38,569.0,24.74,0.22,20.8,3968.0,4.714,0.548
K01225.01,FALSE POSITIVE,0,1.714274727,2.06728,28460.1,25.0,827.0,110.02,1.182,987.2,3874.0,4.715,0.535
K01226.01,FALSE POSITIVE,0,137.75960504,9.1713,83298.0,49.52,396.0,5.81,0.776,885.9,5323.0,4.085,1.452
K01227.01,FALSE POSITIVE,0,2.155278342,2.1064,20739.0,16.89,1272.0,620.67,0.926,142.7,5665.0,4.568,0.82
K01228.01,FALSE POSITIVE,0,3.661326482,2.5714,17846.0,12.07,1023.0,258.6,0.812,424.6,5319.0,4.501,0.798
K01230.01,CANDIDATE,1,165.739861,24.9393,7343.4,57.54,692.0,54.1,0.263,527.8,5019.0,2.99,6.836
K01231.01,FALSE POSITIVE,0,22.34293693,7.0813,2691.1,2.92,399.0,6.01,0.001,35.3,4260.0,4.663,0.58
K00767.01,CONFIRMED,2,2.816504904,2.50587,16813.7,12.21,1219.0,521.13,0.105,1406.8,5532.0,4.452,0.955
K00768.01,FALSE POSITIVE,0,33.93373447,14.561,8503.7,7.34,430.0,8.11,0.812,236.1,5040.0,4.628,0.705
K00769.01,CONFIRMED,2,4.280963604,2.875,750.8,2.3,1012.0,247.87,0.424,61.8,5644.0,4.564,0.831
K00770.01,FALSE POSITIVE,0,1.50635409,1.5155,2211.7,4.53,1452.0,1054.12,0.86,181.1,5714.0,4.563,0.831
K00771.01,FALSE POSITIVE,0,670.645531,53.412,18090.6,14.14,196.0,0.35,0.701,642.7,5520.0,4.466,0.983
K00772.01,FALSE POSITIVE,0,61.2563628,7.633,5123.3,39.87,505.0,15.43,1.248,85.3,6144.0,4.402,1.091
K00842.02,CONFIRMED,2,36.06588163,4.3246,1563.8,2.64,397.0,5.88,0.26,51.7,4702.0,4.592,0.686
K00843.01,CONFIRMED,2,4.190425659,2.8589,2877.4,6.21,1234.0,547.9,0.458,240.6,6073.0,4.392,1.135
K00844.01,CONFIRMED,2,3.709870784,3.0694,2020.3,4.35,1151.0,415.1,0.023,116.1,5727.0,4.463,0.978
K00845.01,CONFIRMED,2,16.3297527,6.271,1187.5,3.75,727.0,66.08,0.791,74.6,5878.0,4.444,0.987
K00846.01,CONFIRMED,2,27.807566216,4.21587,25391.1,13.84,554.0,22.24,0.782,748.1,5862.0,4.584,0.785
K00847.01,CONFIRMED,2,80.8723469,11.195,3604.6,7.59,452.0,9.88,0.527,160.9,5510.0,4.222,1.238
K00909.01,FALSE POSITIVE,0,16.37198661,3.8449,4147.6,540.37,438.0,8.71,9.303,54.5,4187.0,4.656,0.592
K00910.01,CONFIRMED,2,5.392026903,2.9804,1151.4,2.68,850.0,123.33,0.314,77.4,5198.0,4.589,0.801
K00911.01,CONFIRMED,2,4.093578461,2.5833,538.6,2.85,1182.0,461.07,0.93,36.4,6077.0,4.471,0.999
K00911.02,CONFIRMED,2,105.145959,8.593,685.4,3.43,401.0,6.09,0.964,15.4,6077.0,4.471,0.999
K00912.01,CONFIRMED,2,10.8484518,2.9993,1675.6,2.34,499.0,14.66,0.21,64.5,4201.0,4.682,0.591
K00912.02,CONFIRMED,2,6.66833241,1.915,362.3,1.18,587.0,28.06,0.644,14.2,4201.0,4.682,0.591
K00127.01,CONFIRMED,2,3.578780566,2.91089,11382.2,10.43,1145.0,406.6,0.079,1838.4,5524.0,4.421,0.994
K00982.01,FALSE POSITIVE,0,1.592633181,5.5605,633.1,1.56,1053.0,290.51,0.003,66.9,4506.0,4.626,0.651
K00983.02,FALSE POSITIVE,0,5.177577252,2.4777,1325.4,73.82,1671.0,1846.9,1.341,23.6,7429.0,4.143,1.796
K00984.01,CONFIRMED,2,4.28746668,1.5693,790.1,2.29,942.0,186.31,0.374,19.4,5296.0,4.576,0.815
K00985.01,FALSE POSITIVE,0,2.002779769,2.231,260.5,1.42,1311.0,696.4,0.242,22.2,5346.0,4.44,0.892
K00986.01,CONFIRMED,2,8.18739443,3.0472,517.6,1.92,782.0,88.36,0.377,38.4,5251.0,4.494,0.849
K00986.02,CONFIRMED,2,76.0498163,7.158,445.9,1.75,372.0,4.53,0.015,17.4,5251.0,4.494,0.849
K00987.01,CONFIRMED,2,3.179267286,1.0246,200.9,1.21,1101.0,347.01,0.171,41.0,5511.0,4.554,0.857
K01142.01,CONFIRMED,2,3.75574267,2.2911,417.4,1.58,977.0,215.46,0.127,27.9,5311.0,4.588,0.788
K01143.01,FALSE POSITIVE,0,7.44042933,2.991,547.3,2.74,883.0,144.12,0.968,34.0,5815.0,4.54,0.877
K01144.01,FALSE POSITIVE,0,2.44199803,2.759,251.7,1.44,1282.0,638.05,0.856,27.2,5970.0,4.564,0.796
K01145.01,CANDIDATE,1,30.5872153,5.3698,464.8,2.32,621.0,35.08,0.013,33.1,5944.0,4.38,1.082
K00150.02,CONFIRMED,2,28.5742692,4.9427,824.9,2.32,538.0,19.83,0.068,97.1,5551.0,4.508,0.812
K01146.01,CONFIRMED,2,7.09712124,2.1059,369.5,0.74,425.0,7.73,0.05,18.3,3569.0,4.861,0.389
K01147.01,FALSE POSITIVE,0,2.6827683,2.957,79.8,1.19,1551.0,1366.57,0.769,26.7,6180.0,4.262,1.223
K01231.02,FALSE POSITIVE,0,10.42360821,5.404,878.3,1.67,515.0,16.64,0.001,18.7,4260.0,4.663,0.58
K01232.01,FALSE POSITIVE,0,119.40817159,9.3537,18563.3,16.26,328.0,2.72,0.915,508.4,5316.0,4.477,0.872
K01232.02,FALSE POSITIVE,0,419.97507836,12.1687,275.1,1.53,215.0,0.51,0.68,5.9,5316.0,4.477,0.872
K01233.01,FALSE POSITIVE,0,1.171536413,1.5878,1132.7,7.12,2387.0,7673.2,0.973,67.0,7021.0,4.275,1.485
K00156.02,CONFIRMED,2,5.188563677,2.3683,358.7,1.0,586.0,27.95,0.179,56.4,3980.0,4.722,0.54
K01234.01,FALSE POSITIVE,0,0.973547911,2.2858,435.7,11.52,1814.0,2556.6,1.097,38.7,6084.0,4.542,0.863
K01235.01,FALSE POSITIVE,0,3.053563251,3.2551,508.4,21.79,1171.0,444.16,1.208,50.4,5764.0,4.548,0.863
K00116.02,CONFIRMED,2,43.84439721,6.802,615.2,2.87,531.0,18.77,0.852,83.7,5854.0,4.406,1.012
K00773.01,CONFIRMED,2,38.3775486,5.588,724.2,2.82,529.0,18.53,0.468,34.7,5481.0,4.369,1.036
K00774.01,FALSE POSITIVE,0,7.442652004,2.3078,24446.2,15.03,967.0,206.78,0.137,835.6,6108.0,4.469,0.956
K00775.01,CONFIRMED,2,16.38489988,3.0249,1127.1,2.0,433.0,8.35,0.001,28.9,4126.0,4.661,0.615
K00775.02,CONFIRMED,2,7.8774163,2.0805,1306.1,2.16,553.0,22.18,0.041,38.7,4126.0,4.661,0.615
K00775.03,CONFIRMED,2,36.4454001,4.007,1122.3,1.99,332.0,2.88,0.028,21.7,4126.0,4.661,0.615
K00776.01,CONFIRMED,2,3.728732147,2.683,5226.5,6.02,1023.0,258.34,0.558,345.2,5497.0,4.577,0.809
K00120.01,CANDIDATE,1,20.5452375,2.517,218.5,2.41,742.0,71.57,0.95,18.5,5670.0,4.206,1.264
K00848.01,FALSE POSITIVE,0,3.166465862,2.9381,4357.2,26.82,954.0,196.31,1.266,122.1,4968.0,4.575,0.704
K00849.01,CONFIRMED,2,10.35533116,3.1775,750.6,2.47,777.0,86.22,0.029,49.2,5501.0,4.462,0.918
K00850.01,CONFIRMED,2,10.526294577,2.5211,9768.0,8.24,713.0,61.16,0.644,482.3,5386.0,4.553,0.793
K00851.01,CONFIRMED,2,4.583520948,2.7055,3812.1,5.39,1038.0,274.98,0.045,99.5,5815.0,4.54,0.877
K00852.01,CONFIRMED,2,3.76181843,3.5176,510.6,2.66,1121.0,372.62,0.926,35.9,5653.0,4.472,0.949
K00853.01,CONFIRMED,2,8.20396958,2.9667,1024.4,3.01,742.0,71.5,0.823,54.4,5015.0,4.499,0.826
K00913.01,CONFIRMED,2,4.082274889,3.23015,17859.2,10.55,1016.0,251.48,0.093,1669.1,5655.0,4.581,0.794
K00914.01,CANDIDATE,1,3.886655224,3.1646,581.6,1.87,1010.0,246.29,0.649,48.1,5662.0,4.61,0.738
K00915.01,FALSE POSITIVE,0,37.601661282,8.30604,59130.1,27.22,606.0,31.86,0.408,1667.3,6140.0,4.354,1.096
K00916.01,CONFIRMED,2,3.314947362,1.8007,1398.2,3.94,1155.0,421.03,0.799,123.5,5609.0,4.481,0.944
K00917.01,FALSE POSITIVE,0,6.71969089,3.0231,969.7,4.37,952.0,194.18,0.985,45.4,5931.0,4.479,0.866
K00918.01,CONFIRMED,2,39.6431552,6.5292,15663.8,10.98,472.0,11.74,0.062,690.3,5231.0,4.455,0.9
K00988.01,CONFIRMED,2,10.38122447,2.715,801.5,2.18,672.0,48.37,0.319,41.9,5095.0,4.566,0.78
K00137.01,CONFIRMED,2,7.641567589,3.41018,2269.7,4.91,899.0,154.25,0.027,437.5,5356.0,4.338,1.055
K00988.02,CONFIRMED,2,24.5709023,3.587,764.2,2.82,505.0,15.33,0.945,26.3,5095.0,4.566,0.78
K00989.02,FALSE POSITIVE,0,0.817026268,2.0799,1145.5,2.92,1784.0,2386.13,0.01,121.1,5619.0,4.536,0.874
K00991.01,CONFIRMED,2,12.06222962,2.0584,300.2,1.62,750.0,74.8,0.392,32.4,5547.0,4.451,0.933
K00992.01,CONFIRMED,2,9.93146307,5.678,398.6,2.41,931.0,177.83,0.037,26.2,5782.0,4.28,1.22
K00992.02,CANDIDATE,1,4.57834367,3.987,140.7,1.44,1206.0,499.41,0.232,11.4,5782.0,4.28,1.22
K01070.01,CONFIRMED,2,6.61836309,3.6813,549.1,2.98,1066.0,304.65,0.043,31.5,5529.0,4.19,1.294
K01148.01,CONFIRMED,2,11.47609015,5.046,182.3,2.07,984.0,221.34,0.755,27.7,6071.0,4.202,1.41
K01148.02,CONFIRMED,2,25.2630467,6.22,125.5,1.71,756.0,77.24,0.743,14.3,6071.0,4.202,1.41
K01150.01,CONFIRMED,2,0.677374687,1.8361,76.7,0.9,2099.0,4572.56,0.132,38.7,5718.0,4.395,1.037
K01151.01,CONFIRMED,2,10.43547031,3.4167,210.2,1.22,759.0,78.35,0.174,36.7,5528.0,4.499,0.853
K01151.02,CONFIRMED,2,7.41084314,3.245,124.1,0.94,850.0,123.4,0.064,25.6,5528.0,4.499,0.853
K01151.03,CONFIRMED,2,5.24970432,2.746,61.9,0.67,954.0,195.3,0.248,13.9,5528.0,4.499,0.853
K01151.04,CANDIDATE,1,17.4532945,4.027,79.3,0.76,639.0,39.42,0.357,12.0,5528.0,4.499,0.853
K01236.01,CONFIRMED,2,35.7353616,8.491,778.8,5.47,774.0,84.66,0.878,58.4,6366.0,4.045,1.697
K01236.02,CONFIRMED,2,12.30971679,6.74,396.0,3.82,1104.0,350.46,0.847,45.9,6366.0,4.045,1.697
K01236.04,CONFIRMED,2,98.353149,24.708,423.0,4.13,552.0,21.96,0.906,30.5,6366.0,4.045,1.697
K01237.01,FALSE POSITIVE,0,14.32407216,4.6577,2053.9,38.86,782.0,88.38,1.292,58.0,6022.0,4.453,1.039
K01238.01,CONFIRMED,2,27.07237655,6.9592,514.2,2.18,605.0,31.58,0.015,44.0,5936.0,4.501,0.965
K01239.01,CANDIDATE,1,0.783276173,1.6735,264.7,1.98,2149.0,5056.88,0.041,46.9,5640.0,4.247,1.233
K01239.02,CANDIDATE,1,3.17405898,2.3156,282.2,2.09,1348.0,780.46,0.422,29.2,5640.0,4.247,1.233
K00777.01,CANDIDATE,1,40.4195037,3.362,6256.0,7.51,467.0,11.29,0.911,36.9,5446.0,4.507,0.781
K00778.01,CONFIRMED,2,2.243380573,1.1196,821.7,1.99,822.0,107.6,0.915,38.9,4149.0,4.698,0.564
K00779.01,FALSE POSITIVE,0,10.405998015,6.5036,14488.8,11.23,833.0,113.94,0.324,745.2,5746.0,4.393,0.924
K00780.01,CONFIRMED,2,2.337437946,1.9982,971.2,2.34,1070.0,311.16,0.28,82.4,5005.0,4.595,0.765
K00116.03,CONFIRMED,2,6.164876,3.262,55.8,0.79,1021.0,256.35,0.646,14.4,5854.0,4.406,1.012
K00780.02,CANDIDATE,1,7.2406612,0.558,556.4,19.45,734.0,68.63,1.198,13.7,5005.0,4.595,0.765
K00781.01,CONFIRMED,2,11.59822233,2.5237,2804.5,2.65,396.0,5.82,0.679,71.0,3688.0,4.79,0.473
K00853.02,CONFIRMED,2,14.49645186,4.016,647.5,3.01,613.0,33.48,0.97,25.7,5015.0,4.499,0.826
K00854.01,CONFIRMED,2,56.0560754,4.685,1626.0,1.94,233.0,0.69,0.018,27.4,3593.0,4.757,0.491
K00855.01,CONFIRMED,2,41.408316686,5.0264,22838.9,11.38,453.0,9.93,0.377,907.8,5522.0,4.586,0.747
K00856.01,CANDIDATE,1,39.74893077,7.3051,15178.9,14.21,552.0,21.87,0.881,561.1,6122.0,4.487,0.964
K00121.01,FALSE POSITIVE,0,8.8111022,5.0683,401.1,63.66,1399.0,904.92,1.223,76.8,6200.0,3.8,2.404
K00857.01,CONFIRMED,2,5.715425977,2.5242,908.1,2.47,850.0,123.03,0.348,59.4,5237.0,4.572,0.826
K00857.02,CONFIRMED,2,20.0261412,1.611,421.2,2.28,559.0,23.14,0.957,10.7,5237.0,4.572,0.826
K00919.01,FALSE POSITIVE,0,51.42598578,16.9422,66067.7,29.66,549.0,21.4,0.203,1843.8,6257.0,4.41,1.147
K00920.01,CONFIRMED,2,21.80451611,3.4097,1144.9,2.6,543.0,20.48,0.751,49.9,5481.0,4.629,0.708
K00921.01,CONFIRMED,2,10.28194593,3.4366,1110.7,2.53,680.0,50.6,0.168,55.0,5196.0,4.593,0.775
K00921.02,CONFIRMED,2,18.11993039,4.2309,1506.9,2.95,563.0,23.77,0.206,60.7,5196.0,4.593,0.775
K00128.01,CONFIRMED,2,4.942783419,3.25346,11144.7,10.62,1008.0,244.42,0.566,2040.7,5514.0,4.459,0.978
K00921.03,CONFIRMED,2,3.78402867,1.9012,426.1,1.7,949.0,191.78,0.691,25.6,5196.0,4.593,0.775
K00922.01,CONFIRMED,2,5.15448142,3.228,697.5,2.94,964.0,204.1,0.933,48.1,5431.0,4.457,0.884
K00993.01,CONFIRMED,2,21.85362905,3.439,355.6,1.75,618.0,34.57,0.676,23.0,5830.0,4.54,0.876
K00993.02,CONFIRMED,2,13.0607936,3.215,236.6,1.45,734.0,68.66,0.718,19.4,5830.0,4.54,0.876
K00993.03,FALSE POSITIVE,0,86.723653,4.852,241.0,1.43,391.0,5.5,0.662,9.4,5830.0,4.54,0.876
K00994.01,CANDIDATE,1,4.2989201,2.747,237.6,2.12,1046.0,283.62,0.972,20.0,5300.0,4.385,0.986
K00995.01,FALSE POSITIVE,0,25.9518461,14.581,1058.5,22.32,521.0,17.37,1.22,65.8,5372.0,4.584,0.796
K00137.02,CONFIRMED,2,14.85890852,3.5252,3269.0,5.94,720.0,63.52,0.255,456.8,5356.0,4.338,1.055
K00996.01,FALSE POSITIVE,0,25.9518536,14.755,2017.9,24.6,494.0,14.09,1.25,79.4,5198.0,4.604,0.742
K01070.02,CONFIRMED,2,107.7214092,8.042,1396.2,4.75,421.0,7.39,0.003,30.5,5529.0,4.19,1.294
K01071.01,FALSE POSITIVE,0,1.09206833,1.8596,219.2,1.29,1611.0,1588.89,0.469,45.5,5639.0,4.551,0.859
K00144.01,CONFIRMED,2,4.176254191,3.6716,1360.1,3.07,876.0,139.48,0.715,249.7,4957.0,4.594,0.776
K01072.01,CONFIRMED,2,10.12805158,3.517,477.4,1.95,767.0,81.77,0.753,38.0,5676.0,4.548,0.82
K01073.01,FALSE POSITIVE,0,1.613001111,2.394,104.1,1.25,1680.0,1878.1,0.448,19.3,5580.0,4.223,1.205
K01074.01,CONFIRMED,2,3.770551475,3.8077,12440.0,12.05,1302.0,679.75,0.053,100.8,6322.0,4.426,1.075
K01075.01,CANDIDATE,1,1.343767797,1.9405,4702.6,18.66,2654.0,11675.38,0.891,269.8,6324.0,3.8,2.312
K01151.05,CANDIDATE,1,21.7203362,4.252,87.8,0.8,594.0,29.45,0.311,12.0,5528.0,4.499,0.853
K00151.01,CANDIDATE,1,13.4471791,3.0454,1428.2,5.24,848.0,122.34,0.963,105.3,6276.0,4.405,1.041
K01152.01,FALSE POSITIVE,0,4.722254104,3.451,82670.0,14.45,557.0,22.67,0.506,314.1,3801.0,4.776,0.488
K01153.01,FALSE POSITIVE,0,0.635069939,2.07171,33117.3,57.77,2351.0,7193.72,1.25,578.6,6340.0,4.434,1.058
K01154.01,CANDIDATE,1,6.810823723,7.98574,14446.8,26.06,1626.0,1656.16,0.57,1441.9,7226.0,3.967,2.079
K01155.01,FALSE POSITIVE,0,0.933746515,6.6522,2936.6,25.54,1508.0,1222.25,1.262,549.5,5252.0,4.596,0.716
K01156.01,FALSE POSITIVE,0,1.872421727,1.5261,3018.9,5.65,1298.0,672.92,0.917,179.0,5337.0,4.486,0.825
K01240.01,CONFIRMED,2,2.1395563,2.0678,266.1,1.76,1425.0,974.3,0.368,48.9,5534.0,4.338,1.08
K00156.03,CONFIRMED,2,11.776132317,2.8971,1430.8,2.08,446.0,9.37,0.54,163.5,3980.0,4.722,0.54
K01240.02,CONFIRMED,2,4.807103254,0.9393,450.5,2.96,1088.0,330.84,0.94,32.9,5534.0,4.338,1.08
K01241.01,CONFIRMED,2,21.4054422,11.721,409.3,11.64,1087.0,330.0,0.943,60.9,4838.0,3.299,4.361
K01241.02,CONFIRMED,2,10.5007712,14.522,183.4,5.68,1378.0,852.28,0.034,45.3,4838.0,3.299,4.361
K01242.01,CANDIDATE,1,99.6442783,5.1772,3215.6,8.48,415.0,6.98,0.966,163.2,6102.0,4.447,1.016
K01243.01,FALSE POSITIVE,0,3.125814002,1.7895,238.8,1.88,1460.0,1073.04,0.506,32.0,6358.0,4.346,1.181
K00782.01,CONFIRMED,2,6.575315881,4.3084,2793.3,5.31,1015.0,251.38,0.39,221.1,5992.0,4.415,0.989
K00783.01,CONFIRMED,2,7.275040844,7.5377,3001.0,4.86,833.0,113.64,0.547,312.1,5485.0,4.556,0.867
K00784.01,CONFIRMED,2,19.27153892,2.7594,1219.8,1.93,393.0,5.66,0.031,37.1,4077.0,4.702,0.56
K00784.02,CONFIRMED,2,10.06524317,1.369,1053.3,1.91,488.0,13.43,0.628,30.3,4077.0,4.702,0.56
K00785.01,CONFIRMED,2,12.3935651,3.8896,916.6,2.66,677.0,49.68,0.883,35.8,5557.0,4.603,0.75
K00786.01,CONFIRMED,2,3.689920099,2.6557,426.7,1.89,1147.0,408.99,0.151,35.6,5880.0,4.518,0.917
K00787.01,CONFIRMED,2,4.431238488,3.15,1010.9,3.25,1104.0,351.23,0.405,71.1,5714.0,4.428,1.015
K00858.01,FALSE POSITIVE,0,13.61014819,2.594,5732.9,19.02,733.0,68.29,1.081,184.1,5697.0,4.46,0.903
K00859.01,FALSE POSITIVE,0,10.44331991,2.743,1159.8,2.66,667.0,46.94,0.23,51.7,4947.0,4.516,0.802
K00861.01,CONFIRMED,2,2.237489571,1.8119,315.8,1.41,1160.0,427.17,0.128,30.7,5265.0,4.58,0.81
K00862.01,FALSE POSITIVE,0,5.851520671,3.11058,33003.6,14.62,901.0,155.89,0.211,1630.4,5532.0,4.53,0.806
K00863.01,CONFIRMED,2,3.167893418,2.1814,781.2,2.62,1221.0,526.23,0.026,64.8,5895.0,4.503,0.94
K00864.01,CONFIRMED,2,4.311780262,2.7251,1154.0,3.11,1038.0,274.84,0.196,86.1,5527.0,4.484,0.927
K00864.02,CONFIRMED,2,20.0504494,4.556,840.9,2.69,622.0,35.44,0.383,37.8,5527.0,4.484,0.927
K00923.01,CONFIRMED,2,5.743469797,3.4412,1240.2,3.13,982.0,219.95,0.001,79.7,5897.0,4.531,0.891
K00924.01,CANDIDATE,1,39.4759093,2.968,1012.6,4.06,577.0,26.13,0.938,26.6,6225.0,4.45,1.031
K00925.01,FALSE POSITIVE,0,19.974485239,4.23479,40293.1,26.56,700.0,56.84,0.886,1398.8,6108.0,4.471,0.997
K00926.01,CONFIRMED,2,3.166353562,3.3129,1473.4,3.82,1273.0,621.92,0.032,128.3,6007.0,4.47,0.998
K00927.01,FALSE POSITIVE,0,23.899634407,3.81881,20953.1,44.04,652.0,42.8,1.245,547.8,6192.0,4.503,0.924
K00928.01,CANDIDATE,1,2.494170338,1.1221,863.7,2.42,1194.0,480.19,0.095,69.2,5569.0,4.566,0.829
K00998.01,FALSE POSITIVE,0,161.78832712,5.31,87750.0,36.14,375.0,4.68,0.267,704.5,6018.0,4.327,1.212
K00999.01,CONFIRMED,2,16.56806842,4.2647,1331.4,2.54,548.0,21.27,0.164,41.9,4987.0,4.602,0.716
K00999.02,CONFIRMED,2,47.3329299,2.708,931.5,2.18,386.0,5.25,0.43,14.0,4987.0,4.602,0.716
K01000.01,FALSE POSITIVE,0,0.856895349,1.3078,82.2,0.82,1881.0,2960.82,0.554,33.1,6021.0,4.537,0.873
K01001.01,CONFIRMED,2,40.8065333,13.135,313.9,3.71,772.0,83.75,0.016,54.8,6207.0,3.963,2.097
K01001.02,CONFIRMED,2,140.10765,18.503,266.8,3.42,511.0,16.17,0.019,29.0,6207.0,3.963,2.097
K01002.01,CONFIRMED,2,3.4815917,1.8069,135.2,1.17,1156.0,421.61,0.076,23.4,5405.0,4.374,1.022
K01076.01,FALSE POSITIVE,0,29.12436474,3.4209,6496.0,15.25,356.0,3.81,1.181,63.4,4457.0,4.767,0.481
K01077.01,FALSE POSITIVE,0,1.103971357,0.926,317.9,1.37,1471.0,1109.79,0.52,21.7,5409.0,4.609,0.746
K01078.01,CONFIRMED,2,3.353732008,1.4598,1264.7,1.65,615.0,33.76,0.051,47.8,3789.0,4.781,0.46
K01078.02,CONFIRMED,2,6.877446033,1.3692,1632.3,2.05,484.0,12.95,0.79,39.6,3789.0,4.781,0.46
K01078.03,CONFIRMED,2,28.46464804,2.6657,1629.8,1.87,301.0,1.95,0.035,28.9,3789.0,4.781,0.46
K01080.01,FALSE POSITIVE,0,1.096583368,2.1188,308.5,1.35,1474.0,1119.9,0.421,44.3,5222.0,4.528,0.763
K00145.01,CANDIDATE,1,102.9641952,15.735,1896.7,39.0,797.0,95.4,0.922,86.1,5047.0,3.066,7.119
K01157.01,FALSE POSITIVE,0,0.93374614,6.551,1717.5,149.71,3303.0,28084.15,1.27,365.7,5438.0,3.424,4.319
K01158.01,FALSE POSITIVE,0,6.47179275,6.788,402.5,2.08,1075.0,316.0,0.014,30.7,6341.0,4.446,1.033
K01159.01,CONFIRMED,2,64.617518,5.796,2486.6,5.4,383.0,5.09,0.9,61.9,5043.0,4.47,0.881
K01160.01,CONFIRMED,2,13.21409607,3.5641,1154.8,2.77,629.0,36.95,0.812,38.0,5333.0,4.62,0.728
K01161.01,CONFIRMED,2,6.05729966,3.7419,385.2,1.94,947.0,189.98,0.219,35.1,5334.0,4.372,1.004
K00152.01,CONFIRMED,2,52.09081627,8.6388,2894.1,7.14,592.0,29.07,0.065,243.5,6198.0,4.237,1.324
K01161.02,CONFIRMED,2,10.93725572,3.0822,421.6,2.41,777.0,86.28,0.866,24.6,5334.0,4.372,1.004
K01244.01,FALSE POSITIVE,0,10.80487163,2.7215,292.7,1.71,857.0,127.84,0.207,27.4,6092.0,4.471,0.998
K01245.01,CONFIRMED,2,13.71938426,5.5677,316.4,1.98,864.0,131.94,0.022,48.3,6387.0,4.41,1.105
K01246.01,CANDIDATE,1,19.03723442,3.3882,401.3,5.74,1051.0,288.04,0.033,25.3,5248.0,3.523,2.892
K01247.01,FALSE POSITIVE,0,2.73987398,4.15886,20632.2,34.83,2113.0,4705.3,0.703,1454.3,6520.0,3.844,2.26
K01248.01,FALSE POSITIVE,0,5.801880653,4.2608,41924.0,19.91,964.0,203.62,0.773,396.8,5845.0,4.541,0.874
K00157.01,CONFIRMED,2,13.02493307,4.5706,778.4,2.88,786.0,90.1,0.004,119.3,5657.0,4.364,1.046
K00787.02,CONFIRMED,2,11.37936986,2.6255,1023.5,3.95,806.0,99.68,0.911,37.9,5714.0,4.428,1.015
K00116.04,CONFIRMED,2,23.9800854,5.351,104.0,1.31,649.0,41.94,0.95,17.1,5854.0,4.406,1.012
K00787.03,CANDIDATE,1,0.589376952,1.71,80.7,0.93,2162.0,5161.1,0.491,11.4,5714.0,4.428,1.015
K00788.01,CONFIRMED,2,26.39432897,3.573,1510.9,3.07,489.0,13.49,0.602,48.2,5129.0,4.595,0.763
K00790.01,CONFIRMED,2,8.47237911,2.7245,1123.5,2.59,751.0,75.44,0.022,47.6,5354.0,4.587,0.788
K00790.02,CONFIRMED,2,60.4189369,5.039,931.3,2.36,390.0,5.49,0.094,20.1,5354.0,4.587,0.788
K00791.01,CONFIRMED,2,12.611904345,5.1497,6105.6,7.4,753.0,76.15,0.55,277.2,5795.0,4.508,0.919
K00864.03,CONFIRMED,2,9.76734503,1.6585,569.1,2.67,791.0,92.46,0.9,21.1,5527.0,4.484,0.927
K00122.01,CONFIRMED,2,11.523067458,3.8757,507.3,3.13,927.0,174.81,0.0,142.0,5644.0,4.162,1.411
K00865.01,CANDIDATE,1,119.0207044,8.1405,7430.5,8.98,366.0,4.25,0.076,223.5,5453.0,4.342,1.062
K00866.01,FALSE POSITIVE,0,2.861159894,1.8832,1014.3,4.37,1355.0,797.1,0.965,58.3,6126.0,4.458,1.021
K00867.01,CONFIRMED,2,16.08518937,3.984,1442.4,3.68,613.0,33.43,0.867,62.6,5239.0,4.523,0.826
K00868.01,CANDIDATE,1,235.9986399,8.2284,20714.6,10.59,188.0,0.29,0.778,271.8,4245.0,4.627,0.657
K00869.01,CONFIRMED,2,7.49018305,2.7297,1123.6,2.56,753.0,76.06,0.02,53.0,5103.0,4.562,0.787
K00929.01,CONFIRMED,2,6.491682808,4.301,7163.3,9.66,1062.0,301.54,0.535,502.3,6123.0,4.413,1.107
K00929.02,CONFIRMED,2,2.85188338,2.666,114.9,1.23,1398.0,903.77,0.578,10.1,6123.0,4.413,1.107
K00129.01,CONFIRMED,2,24.669192732,7.03515,7382.3,77.76,1485.0,1150.61,0.073,603.0,5313.0,2.936,9.327
K00930.01,FALSE POSITIVE,0,3.044770796,10.0134,1695.0,24.54,1076.0,317.36,1.252,203.5,5525.0,4.603,0.753
K00931.01,CONFIRMED,2,3.855603916,3.2179,16652.7,13.61,1212.0,508.65,0.348,1173.9,6033.0,4.46,1.046
K00932.01,FALSE POSITIVE,0,3.855599139,3.183,1030.9,3.57,1158.0,425.74,0.864,90.1,5936.0,4.501,0.965
K01003.01,FALSE POSITIVE,0,8.360616221,7.5385,28066.3,40.35,1263.0,601.6,0.21,425.6,5463.0,3.79,2.445
K01004.01,FALSE POSITIVE,0,1.838514968,2.7391,2721.7,4.86,1426.0,974.1,0.045,63.7,5751.0,4.508,0.94
K00137.03,CONFIRMED,2,3.504691252,1.9811,315.1,2.03,1165.0,435.21,0.741,67.5,5356.0,4.338,1.055
K01005.01,CONFIRMED,2,35.61760233,8.4559,4634.9,5.17,456.0,10.19,0.009,155.0,5123.0,4.523,0.779
K01006.01,FALSE POSITIVE,0,30.6113932,3.576,3472.0,19.68,317.0,2.38,1.264,37.5,3900.0,4.727,0.534
K01007.01,CONFIRMED,2,7.40742502,3.675,442.0,2.01,938.0,183.15,0.03,23.1,5922.0,4.474,0.961
K01008.01,FALSE POSITIVE,0,569.934135,4.1904,18904.0,38.98,296.0,1.81,0.919,66.7,5367.0,3.783,2.057
K01081.01,FALSE POSITIVE,0,9.95639775,5.615,510.5,28.15,905.0,158.42,1.222,32.9,6161.0,4.454,1.053
K01082.01,CONFIRMED,2,6.50327035,2.591,418.3,1.67,804.0,98.81,0.08,19.0,4999.0,4.49,0.843
K01082.02,CONFIRMED,2,4.09667624,2.19,302.3,1.42,938.0,182.9,0.142,16.2,4999.0,4.49,0.843
K01082.03,CONFIRMED,2,1.196548464,1.2592,224.6,1.25,1414.0,945.12,0.332,16.5,4999.0,4.49,0.843
K01082.04,CANDIDATE,1,9.6550473,2.752,313.1,1.45,705.0,58.36,0.124,12.2,4999.0,4.49,0.843
K01083.01,CONFIRMED,2,7.33685101,3.548,325.8,1.52,875.0,138.46,0.018,21.6,5795.0,4.554,0.848
K01083.02,CANDIDATE,1,4.57797412,2.862,125.4,0.96,1024.0,259.36,0.343,9.6,5795.0,4.554,0.848
K01161.03,CONFIRMED,2,2.97136658,2.716,233.3,1.52,1200.0,490.13,0.349,25.6,5334.0,4.372,1.004
K01162.01,CONFIRMED,2,158.6850022,11.5372,898.3,3.08,350.0,3.53,0.034,97.4,5751.0,4.34,1.034
K01163.01,CONFIRMED,2,2.936527336,1.771,352.3,1.92,1209.0,505.22,0.524,34.7,5359.0,4.375,1.002
K01163.02,CONFIRMED,2,8.01500821,3.0137,363.0,2.0,865.0,132.46,0.645,28.6,5359.0,4.375,1.002
K01164.01,FALSE POSITIVE,0,0.933749941,6.606,415.3,12.93,919.0,168.44,1.225,88.8,3682.0,4.786,0.48
K01165.01,CONFIRMED,2,7.053934488,1.7244,511.5,2.36,840.0,117.33,0.899,56.3,5357.0,4.498,0.863
K01165.02,CONFIRMED,2,4.29263699,2.7,61.4,0.68,991.0,227.69,0.454,11.4,5357.0,4.498,0.863
K01249.01,FALSE POSITIVE,0,85.34092607,10.6141,51746.2,1177.65,409.0,6.61,12.773,898.4,6004.0,4.522,0.898
K01250.01,FALSE POSITIVE,0,0.782045734,1.7945,16185.0,45.05,2070.0,4332.1,1.244,272.3,6113.0,4.463,0.995
K01251.01,FALSE POSITIVE,0,0.576078683,1.63253,10084.8,23.23,1982.0,3647.63,1.113,426.0,5693.0,4.57,0.816
K01252.01,FALSE POSITIVE,0,0.885747456,4.4788,895.2,269.98,4958.0,142553.16,1.205,203.6,5487.0,2.816,10.396
K01253.01,FALSE POSITIVE,0,3.611541977,8.6068,2972.3,28.07,1005.0,240.29,1.254,167.1,5203.0,4.504,0.802
K01254.01,CANDIDATE,1,5.082722475,5.9139,1974.1,4.4,1059.0,296.94,0.019,95.5,5780.0,4.438,1.0
K01255.01,FALSE POSITIVE,0,78.9257421,7.5193,17972.0,11.9,398.0,5.94,0.359,85.2,5750.0,4.538,0.882
K00792.01,FALSE POSITIVE,0,1.433769925,1.8868,1976.3,46.58,1920.0,3209.29,1.268,112.6,6017.0,4.22,1.339
K00793.01,FALSE POSITIVE,0,10.31872301,3.836,871.7,28.59,876.0,139.26,1.215,38.2,5927.0,4.409,1.06
K00794.01,CONFIRMED,2,2.539183147,2.4282,382.1,2.06,1332.0,743.09,0.238,38.9,5519.0,4.35,1.062
K00795.01,CONFIRMED,2,6.770300385,2.0844,1304.0,2.77,812.0,102.87,0.838,50.8,5653.0,4.656,0.679
K00796.01,FALSE POSITIVE,0,0.444291966,2.0792,10967.4,27.51,1836.0,2706.26,1.258,299.7,5255.0,4.678,0.636
K00117.01,CONFIRMED,2,14.74914825,6.0995,430.2,2.89,874.0,137.91,0.173,107.4,5847.0,4.191,1.402
K00797.01,CANDIDATE,1,10.181584004,3.5089,5741.1,7.73,812.0,102.91,0.92,183.6,5988.0,4.541,0.836
K00869.02,CONFIRMED,2,36.2761238,4.7865,1572.6,3.03,445.0,9.29,0.035,45.5,5103.0,4.562,0.787
K00869.03,CONFIRMED,2,17.46087931,2.2641,812.4,2.32,568.0,24.6,0.594,22.6,5103.0,4.562,0.787
K00869.04,CONFIRMED,2,3.219814777,2.0642,488.2,1.69,998.0,234.93,0.06,30.5,5103.0,4.562,0.787
K00870.01,CONFIRMED,2,5.912273234,2.3254,961.4,1.73,585.0,27.72,0.17,62.8,4072.0,4.696,0.57
K00870.02,CONFIRMED,2,8.98581901,2.8606,881.3,1.65,509.0,15.9,0.008,51.8,4072.0,4.696,0.57
K00123.01,CONFIRMED,2,6.481633073,3.784,298.5,2.54,1145.0,406.25,0.833,125.6,5945.0,4.213,1.302
K00871.01,FALSE POSITIVE,0,12.940668656,2.4845,42450.0,22.94,723.0,64.64,0.897,307.5,5875.0,4.572,0.809
K00933.01,FALSE POSITIVE,0,3.187067566,3.119,1037.4,23.88,1079.0,319.76,1.234,37.2,5450.0,4.552,0.811
K00934.01,CONFIRMED,2,5.826657508,2.9183,1539.1,4.09,1013.0,248.57,0.033,81.1,5561.0,4.362,1.06
K00934.02,CONFIRMED,2,12.41216347,3.739,611.3,2.58,787.0,90.65,0.021,25.6,5561.0,4.362,1.06
K00934.03,CONFIRMED,2,18.74649011,3.895,796.8,3.05,686.0,52.38,0.508,26.7,5561.0,4.362,1.06
K00935.01,CONFIRMED,2,20.86021229,5.1937,1910.5,5.5,781.0,87.76,0.066,117.0,6035.0,4.22,1.257
K00935.02,CONFIRMED,2,42.63427848,6.1998,1719.3,5.22,615.0,33.82,0.142,78.7,6035.0,4.22,1.257
K00935.03,CONFIRMED,2,87.6476068,8.871,1009.6,4.0,484.0,12.94,0.147,37.5,6035.0,4.22,1.257
K01009.01,FALSE POSITIVE,0,5.09246539,3.659,254.0,1.17,844.0,119.7,0.161,17.1,5037.0,4.547,0.751
K01011.01,FALSE POSITIVE,0,6.198273591,7.53837,47302.6,19.81,985.0,222.23,0.343,2561.1,6038.0,4.524,0.898
K01012.01,FALSE POSITIVE,0,1.023471798,2.3499,861.4,3.78,1727.0,2103.09,0.974,63.0,5741.0,4.491,0.893
K01013.01,FALSE POSITIVE,0,0.51872711,1.252,714.1,19.07,1965.0,3537.27,1.199,93.3,5572.0,4.597,0.762
K01014.01,CONFIRMED,2,17.31711739,3.1518,1473.0,2.04,454.0,10.07,0.684,35.9,4719.0,4.753,0.502
K01015.01,CONFIRMED,2,9.42889884,4.4481,565.4,4.39,1163.0,432.9,0.011,50.4,5897.0,3.98,1.86
K00138.01,FALSE POSITIVE,0,48.93786896,6.5868,7240.1,24.19,764.0,80.37,0.981,445.7,7066.0,4.094,1.761
K01084.01,FALSE POSITIVE,0,1.204274435,1.3362,185.8,1.19,1564.0,1413.91,0.528,34.7,5668.0,4.552,0.849
K01085.01,CONFIRMED,2,7.71790675,1.84,306.8,0.9,502.0,15.01,0.112,12.6,3975.0,4.753,0.509
K01086.01,CONFIRMED,2,27.6652847,6.633,469.2,2.21,641.0,39.94,0.004,36.1,6036.0,4.396,1.017
K00146.01,FALSE POSITIVE,0,8.667822346,4.9658,2121.9,67.37,1303.0,681.39,1.276,187.6,6266.0,3.923,1.889
K01087.01,FALSE POSITIVE,0,0.948950734,4.0245,2133.0,36.87,2103.0,4636.91,1.246,238.6,6307.0,4.391,1.133
K01088.01,FALSE POSITIVE,0,0.995861402,1.1507,4993.8,26.93,1477.0,1124.35,1.256,272.0,5286.0,4.604,0.706
K01089.01,CONFIRMED,2,86.67856052,10.1289,8244.1,9.83,434.0,8.41,0.291,318.3,5822.0,4.351,1.081
K01166.01,CONFIRMED,2,7.6746614,1.9374,503.0,2.8,957.0,198.67,0.939,20.8,6063.0,4.47,1.001
K01167.01,FALSE POSITIVE,0,0.445275074,2.276,254.7,1.21,1950.0,3419.7,0.639,86.3,5346.0,4.621,0.725
K00152.02,CONFIRMED,2,27.40229859,6.8491,747.5,3.63,734.0,68.46,0.022,79.3,6198.0,4.237,1.324
K01169.01,CANDIDATE,1,0.689210173,1.6169,195.0,1.32,1943.0,3362.71,0.154,93.4,5630.0,4.505,0.954
K01170.01,CONFIRMED,2,7.34373964,1.1784,574.4,1.84,839.0,117.5,0.185,32.2,5757.0,4.597,0.762
K01172.01,FALSE POSITIVE,0,0.933749106,4.256,186.2,3.22,2863.0,15822.49,0.736,136.3,6215.0,3.849,2.188
K01173.01,FALSE POSITIVE,0,2.037440623,3.442,118.6,1.19,1572.0,1448.05,0.715,27.0,6253.0,4.415,1.015
K01256.01,FALSE POSITIVE,0,9.991625291,3.8552,3450.5,38.93,907.0,160.14,1.256,220.3,5874.0,4.338,1.096
K01257.01,CONFIRMED,2,86.64764448,4.2326,7311.6,9.4,419.0,7.28,0.0,241.9,5522.0,4.323,1.12
K01258.01,CONFIRMED,2,36.33750453,7.06,2828.4,5.3,513.0,16.36,0.825,96.8,5717.0,4.538,0.884
K00157.02,CONFIRMED,2,22.687155,5.4921,960.0,3.2,653.0,42.95,0.023,122.8,5657.0,4.364,1.046
K01258.02,CONFIRMED,2,14.64613058,5.688,593.5,2.22,694.0,54.95,0.561,30.0,5717.0,4.538,0.884
K01258.03,CONFIRMED,2,148.272013,4.192,1707.4,4.3,321.0,2.51,0.883,21.8,5717.0,4.538,0.884
K01259.01,FALSE POSITIVE,0,1.506507172,4.5346,880.9,13.4,801.0,97.56,1.226,86.7,3755.0,4.774,0.473
K00798.01,FALSE POSITIVE,0,3.341913228,3.813,725.3,21.55,1032.0,268.67,1.213,39.0,5295.0,4.551,0.811
K00799.01,CANDIDATE,1,1.626630225,2.1145,1620.6,32.43,1547.0,1355.88,1.26,103.6,5735.0,4.41,0.973
K00800.01,CONFIRMED,2,2.711504086,3.0099,837.5,3.12,1420.0,960.79,0.023,64.5,6214.0,4.442,1.076
K00800.02,CONFIRMED,2,7.21203748,4.0491,950.4,3.32,1025.0,260.58,0.012,51.5,6214.0,4.442,1.076
K00801.01,CONFIRMED,2,1.625522174,2.38963,7969.0,9.73,1579.0,1467.41,0.076,799.7,5539.0,4.322,1.106
K00802.01,CANDIDATE,1,19.620346923,2.0038,21724.6,13.6,643.0,40.39,0.458,340.5,5710.0,4.492,0.905
K00803.01,FALSE POSITIVE,0,7.544039,6.222,322.6,17.47,838.0,116.46,1.175,14.2,5657.0,4.567,0.824
K00872.01,CONFIRMED,2,33.60123371,4.4056,7425.9,8.46,495.0,14.22,0.67,247.9,5149.0,4.447,0.93
K00872.02,CONFIRMED,2,6.76652928,2.9004,450.7,1.97,845.0,120.48,0.429,29.2,5149.0,4.447,0.93
K00873.01,CONFIRMED,2,4.347288783,2.1024,451.6,2.36,1174.0,449.79,0.025,39.7,5754.0,4.345,1.122
K00874.01,CONFIRMED,2,4.601811819,2.2607,755.9,2.35,896.0,152.91,0.567,60.8,4986.0,4.496,0.833
K00874.02,CONFIRMED,2,11.18719905,3.252,353.6,1.55,667.0,46.65,0.387,21.9,4986.0,4.496,0.833
K00875.01,CONFIRMED,2,4.220965778,3.0854,2260.0,2.62,595.0,29.68,0.705,157.8,3837.0,4.747,0.517
K00876.01,FALSE POSITIVE,0,6.998099523,2.0488,20285.0,588.66,853.0,125.22,7.361,192.3,5612.0,4.566,0.829
K00130.01,CANDIDATE,1,34.193600311,5.41382,13714.8,21.95,778.0,86.74,0.625,1405.6,6129.0,3.991,1.786
K00935.04,CANDIDATE,1,9.61731426,3.8692,234.0,1.94,1010.0,246.13,0.331,18.2,6035.0,4.22,1.257
K00936.01,CONFIRMED,2,9.467821474,2.4327,2237.0,2.13,407.0,6.47,0.081,124.7,3582.0,4.807,0.458
K00936.02,CONFIRMED,2,0.893040969,1.0981,741.7,1.24,893.0,151.14,0.009,87.8,3582.0,4.807,0.458
K00937.01,CONFIRMED,2,20.83426731,4.0454,988.4,2.74,595.0,29.62,0.256,45.1,5537.0,4.549,0.88
K00938.01,CONFIRMED,2,9.94602357,3.3862,994.5,3.12,807.0,100.34,0.035,51.0,5344.0,4.365,1.013
K00938.02,CONFIRMED,2,1.04562195,1.8955,213.0,1.45,1710.0,2031.84,0.037,25.3,5344.0,4.365,1.013
K01015.02,CONFIRMED,2,4.08897299,3.585,157.9,2.36,1537.0,1317.96,0.374,19.0,5897.0,3.98,1.86
K01015.03,CANDIDATE,1,16.9972894,2.585,225.0,3.14,956.0,197.18,0.825,11.1,5897.0,3.98,1.86
K01016.01,FALSE POSITIVE,0,2.866680334,1.1264,712.4,2.93,1045.0,282.64,0.968,43.0,5238.0,4.598,0.764
K01017.01,CONFIRMED,2,17.44486016,4.445,826.9,3.24,679.0,50.32,0.871,46.0,5568.0,4.413,0.966
K01018.01,FALSE POSITIVE,0,8.30697421,2.76,158.7,37.99,1246.0,570.93,1.151,17.4,5300.0,3.69,2.124
K01020.01,FALSE POSITIVE,0,54.35635067,6.4345,10510.4,38.81,566.0,24.18,1.142,628.1,6161.0,4.281,1.255
K01021.01,FALSE POSITIVE,0,0.54624855,2.0543,639.7,18.93,1837.0,2677.36,1.215,42.9,5414.0,4.625,0.714
K01089.02,CONFIRMED,2,12.21828097,2.6969,1843.4,5.1,835.0,114.59,0.778,90.1,5822.0,4.351,1.081
K01090.01,FALSE POSITIVE,0,8.387210055,1.6477,4952.0,72.52,1211.0,509.55,1.284,180.6,6089.0,4.044,1.795
K01091.01,FALSE POSITIVE,0,15.2384539,19.292,7019.0,9.84,829.0,111.67,0.74,56.0,6384.0,4.419,1.086
K01093.01,FALSE POSITIVE,0,0.528755447,5.714,408.5,47.75,3271.0,27241.45,1.204,100.1,6151.0,3.92,1.954
K01094.01,CONFIRMED,2,6.10027621,4.7476,766.6,2.59,990.0,227.15,0.015,43.2,5957.0,4.506,0.937
K01095.01,CANDIDATE,1,51.59809554,2.0153,5869.2,6.57,449.0,9.61,0.251,79.7,5681.0,4.551,0.859
K01098.01,FALSE POSITIVE,0,5.48990788,4.02,598.9,23.6,1039.0,275.65,1.199,36.7,5982.0,4.493,0.96
K01175.01,CONFIRMED,2,31.5925809,13.566,145.1,1.78,688.0,53.09,0.283,25.5,5676.0,4.1,1.487
K01175.02,CONFIRMED,2,17.157236,11.284,110.4,1.55,844.0,119.87,0.238,23.6,5676.0,4.1,1.487
K01175.03,FALSE POSITIVE,0,93.881556,20.644,188.7,2.02,479.0,12.42,0.008,23.7,5676.0,4.1,1.487
K01176.01,CONFIRMED,2,1.97376085,1.82542,30222.4,8.78,753.0,76.1,0.337,1252.5,3807.0,4.762,0.503
K01177.01,FALSE POSITIVE,0,3.305577989,2.5903,17971.0,25.89,1027.0,263.55,1.145,39.6,5534.0,4.629,0.707
K01178.01,FALSE POSITIVE,0,4.800653901,9.0419,15304.4,16.91,1347.0,778.45,0.785,298.0,6715.0,4.347,1.241
K00152.03,CONFIRMED,2,13.48457668,5.0197,653.5,3.39,929.0,176.29,0.011,80.8,6198.0,4.237,1.324
K01260.01,FALSE POSITIVE,0,5.2972293,3.799,1210.5,47.7,2867.0,15961.1,0.022,31.8,4631.0,2.386,14.296
K01261.01,CONFIRMED,2,133.460999,11.4997,5032.9,11.21,433.0,8.29,0.249,162.3,5588.0,4.047,1.593
K01261.02,CONFIRMED,2,15.19423359,3.106,367.8,3.69,893.0,150.25,0.906,18.1,5588.0,4.047,1.593
K01262.01,FALSE POSITIVE,0,14.17098745,3.4804,3070.8,4.19,608.0,32.22,0.041,93.6,5107.0,4.565,0.777
K01263.01,FALSE POSITIVE,0,31.9734169,13.262,1414.4,24.1,442.0,9.01,1.24,62.5,4931.0,4.595,0.774
K01264.01,CONFIRMED,2,14.13175309,4.0136,1033.0,3.02,675.0,49.18,0.848,40.1,5616.0,4.564,0.822
K01265.01,FALSE POSITIVE,0,1.061934816,3.2551,437.2,25.72,1660.0,1789.63,1.25,74.5,5730.0,4.545,0.87
K00804.01,CONFIRMED,2,9.02930689,3.1449,1019.8,2.57,757.0,77.75,0.024,53.9,5349.0,4.526,0.82
K00805.01,FALSE POSITIVE,0,10.328035714,7.7915,16917.7,13.28,843.0,119.31,0.281,636.8,5627.0,4.359,1.024
K00012.01,CONFIRMED,2,17.855221681,7.41287,9065.2,13.16,911.0,163.04,0.075,915.7,6823.0,4.308,1.367
K00117.02,CONFIRMED,2,4.90144976,4.1654,140.7,1.7,1262.0,598.74,0.529,50.6,5847.0,4.191,1.402
K00806.01,CONFIRMED,2,143.2063047,8.9302,10565.7,8.9,308.0,2.14,0.379,138.8,5485.0,4.556,0.867
K00806.02,CONFIRMED,2,60.32494216,6.6188,20280.4,12.19,411.0,6.77,0.224,347.2,5485.0,4.556,0.867
K00807.01,FALSE POSITIVE,0,1.540397253,2.1541,816.1,25.69,1470.0,1105.68,1.225,38.8,5663.0,4.53,0.915
K00877.01,CONFIRMED,2,5.95489993,2.3892,1410.7,2.33,635.0,38.52,0.327,87.2,4261.0,4.641,0.633
K00877.02,CONFIRMED,2,12.03987488,2.7363,1250.6,2.18,502.0,15.06,0.286,57.6,4261.0,4.641,0.633
K00013.01,CONFIRMED,2,1.763587535,3.16877,4590.6,21.42,3559.0,37958.27,0.512,4061.9,9107.0,3.867,3.031
K00123.02,CONFIRMED,2,21.22261195,6.5093,366.0,2.48,771.0,83.56,0.02,114.9,5945.0,4.213,1.302
K00877.03,CONFIRMED,2,20.83762895,2.3734,439.0,1.42,418.0,7.24,0.706,14.9,4261.0,4.641,0.633
K00878.01,CONFIRMED,2,23.58917143,5.073,1200.7,3.16,487.0,13.34,0.926,53.3,4919.0,4.566,0.721
K00880.01,CONFIRMED,2,26.44439337,3.9783,1843.5,3.91,562.0,23.54,0.03,88.0,5427.0,4.463,0.929
K00938.03,CONFIRMED,2,5.71462396,2.336,297.8,1.78,971.0,210.16,0.503,16.7,5344.0,4.365,1.013
K00939.01,CONFIRMED,2,3.388012244,2.6849,280.1,2.11,1315.0,705.93,0.433,30.6,5553.0,4.221,1.25
K00939.02,CONFIRMED,2,5.83909761,3.1915,273.6,2.06,1097.0,341.48,0.341,25.2,5553.0,4.221,1.25
K00939.03,CONFIRMED,2,1.620467654,2.1888,159.6,1.57,1681.0,1893.42,0.271,22.7,5553.0,4.221,1.25
K00014.01,FALSE POSITIVE,0,2.947376671,2.0911,433.2,403.59,2404.0,7903.84,2.641,62.3,8090.0,4.002,2.234
K00131.01,CONFIRMED,2,5.014234733,4.589,6536.0,10.63,1308.0,692.13,0.066,794.3,6490.0,4.32,1.307
K00939.04,CONFIRMED,2,10.6816951,3.605,307.8,2.3,897.0,152.75,0.646,21.9,5553.0,4.221,1.25
K01022.01,CONFIRMED,2,18.82744023,4.664,1006.2,2.7,632.0,37.82,0.025,29.5,5687.0,4.538,0.86
K01022.02,FALSE POSITIVE,0,68.832195,3.31,678.1,2.35,411.0,6.71,0.633,8.2,5687.0,4.538,0.86
K01023.01,FALSE POSITIVE,0,8.4120069,3.923,819.6,1.71,590.0,28.69,0.022,39.7,4502.0,4.668,0.621
K00015.01,FALSE POSITIVE,0,3.012476582,3.1424,1138.5,65.25,2371.0,7471.65,1.261,253.4,8601.0,4.137,2.031
K00139.01,CONFIRMED,2,224.7789355,11.1899,3487.5,7.67,333.0,2.92,0.652,235.7,5873.0,4.293,1.235
K01024.01,CONFIRMED,2,5.747711909,1.8923,820.1,1.86,641.0,40.07,0.575,51.7,4252.0,4.64,0.632
K01025.01,FALSE POSITIVE,0,37.4783492,5.317,1467.9,10.05,262.0,1.12,1.161,18.3,3687.0,4.813,0.44
K00147.01,FALSE POSITIVE,0,145.5624926,5.4126,2931.6,40.15,387.0,5.33,1.274,58.1,6148.0,4.346,1.095
K01099.01,CONFIRMED,2,161.5278347,3.6734,4653.6,8.19,366.0,4.25,0.0,54.7,5778.0,4.285,1.213
K01100.01,FALSE POSITIVE,0,0.73093905,2.8437,451.1,1.45,1488.0,1159.62,0.018,52.4,4768.0,4.588,0.711
K01101.01,CONFIRMED,2,11.39102358,2.303,448.6,1.67,618.0,34.55,0.732,10.5,4983.0,4.617,0.728
K01102.01,CONFIRMED,2,12.33343853,6.221,536.4,4.12,915.0,165.3,0.979,31.7,5896.0,4.197,1.24
K01102.02,CONFIRMED,2,8.14515981,5.073,446.8,3.43,1050.0,287.91,0.965,32.2,5896.0,4.197,1.24
K01102.03,CONFIRMED,2,18.9985279,4.529,430.7,43.17,792.0,93.03,1.3,16.9,5896.0,4.197,1.24
K01179.01,FALSE POSITIVE,0,15.06649901,5.9885,36348.0,56.44,932.0,177.96,1.018,154.6,5751.0,4.028,1.626
K01180.01,FALSE POSITIVE,0,34.82008158,11.1711,18847.8,11.36,459.0,10.49,0.663,882.6,5114.0,4.522,0.784
K01181.01,FALSE POSITIVE,0,0.651784374,2.0141,2779.3,33.65,2090.0,4500.59,1.224,195.2,5555.0,4.375,1.061
K01182.01,FALSE POSITIVE,0,11.11620211,4.211,4843.9,8.96,853.0,125.21,0.937,115.3,6122.0,4.471,0.996
K01183.01,FALSE POSITIVE,0,1.922861499,3.5734,1916.2,5.09,1392.0,884.12,0.943,103.4,5778.0,4.531,0.911
K01184.01,FALSE POSITIVE,0,0.635445336,1.8592,2547.4,19.0,1177.0,451.42,1.253,182.2,3920.0,4.7,0.55
K01185.01,FALSE POSITIVE,0,1.665784138,1.8946,2006.2,97.27,2636.0,11424.49,1.27,148.0,6261.0,3.686,2.789
K00157.03,CONFIRMED,2,31.99552485,4.2817,1376.1,4.12,582.0,27.17,0.69,128.0,5657.0,4.364,1.046
K01266.01,CONFIRMED,2,11.41926141,3.9908,915.6,1.48,419.0,7.32,0.242,58.0,3823.0,4.765,0.492
K01267.01,FALSE POSITIVE,0,5.93821065,2.5128,522.5,61.63,996.0,231.93,1.646,33.6,6123.0,4.545,0.85
K01268.01,CANDIDATE,1,268.9410974,5.4434,9010.2,13.57,321.0,2.52,0.765,120.4,5798.0,4.224,1.306
K01269.01,FALSE POSITIVE,0,0.655001616,1.8136,271.2,31.77,3162.0,23595.49,1.121,104.5,6426.0,3.965,2.089
K01270.01,CONFIRMED,2,5.729317577,1.1816,865.4,2.41,850.0,123.03,0.597,59.0,5320.0,4.589,0.786
K01270.02,CONFIRMED,2,11.60908533,2.2603,489.3,1.71,671.0,48.06,0.03,34.1,5320.0,4.589,0.786
K00808.01,FALSE POSITIVE,0,2.99025443,5.414,589.2,1.7,918.0,168.45,0.014,48.5,4667.0,4.578,0.731
K00809.01,CONFIRMED,2,1.594745374,1.9604,15044.5,11.3,1539.0,1329.42,0.514,1009.3,5934.0,4.491,0.893
K00810.01,CONFIRMED,2,4.783002698,2.335,1008.7,2.5,886.0,145.48,0.003,70.6,5170.0,4.574,0.807
K00811.01,CONFIRMED,2,20.50588921,4.0595,2105.5,3.41,518.0,17.06,0.26,78.5,4905.0,4.544,0.761
K00812.01,CONFIRMED,2,3.340218842,1.9104,1632.6,2.03,656.0,43.73,0.466,71.6,3950.0,4.754,0.493
K00812.02,CONFIRMED,2,20.06036336,3.3203,1494.7,1.96,361.0,4.0,0.556,35.2,3950.0,4.754,0.493
K00812.03,CONFIRMED,2,46.1842039,4.758,1394.7,1.83,273.0,1.32,0.013,26.0,3950.0,4.754,0.493
K00880.02,CONFIRMED,2,51.53997972,6.3994,3644.3,5.51,450.0,9.67,0.183,155.5,5427.0,4.463,0.929
K00880.03,CONFIRMED,2,5.902245782,2.9003,702.3,2.43,926.0,173.74,0.209,59.3,5427.0,4.463,0.929
K00880.04,CONFIRMED,2,2.382951591,1.8876,391.6,1.86,1253.0,583.01,0.479,41.4,5427.0,4.463,0.929
K00881.01,CONFIRMED,2,21.02250608,4.1072,1772.5,3.07,521.0,17.48,0.036,62.4,5067.0,4.585,0.75
K00881.02,CONFIRMED,2,226.8904775,7.558,3136.4,4.53,236.0,0.73,0.731,46.8,5067.0,4.585,0.75
K00882.01,FALSE POSITIVE,0,1.956811408,2.1958,24905.0,21.58,1109.0,357.16,1.091,125.4,5209.0,4.657,0.603
K00883.01,CANDIDATE,1,2.688899233,2.11275,37491.6,12.04,929.0,175.76,0.001,1011.6,4820.0,4.667,0.639
K00940.01,CONFIRMED,2,6.104849417,4.6912,2090.3,3.18,784.0,89.25,0.041,293.7,5085.0,4.584,0.712
K00941.01,CONFIRMED,2,6.581477136,3.0896,2318.9,4.56,881.0,142.63,0.137,116.2,5188.0,4.4,0.973
K00941.02,CONFIRMED,2,2.382652873,1.8888,705.4,2.74,1237.0,553.53,0.682,45.5,5188.0,4.4,0.973
K00941.03,CONFIRMED,2,24.66461416,2.8579,2398.8,5.34,567.0,24.53,0.8,56.7,5188.0,4.4,0.973
K00942.01,CONFIRMED,2,11.51517167,2.006,1357.4,2.9,657.0,43.96,0.311,53.2,5177.0,4.59,0.798
K00943.01,CONFIRMED,2,3.601465336,2.2753,777.7,2.31,996.0,232.65,0.021,50.7,5052.0,4.48,0.855
K00944.01,CANDIDATE,1,3.108251172,2.5048,1867.7,4.43,1096.0,340.69,0.9,156.5,5330.0,4.495,0.847
K01028.01,FALSE POSITIVE,0,8.09695764,3.319,283.5,34.0,1197.0,484.58,1.165,35.4,5949.0,4.024,1.707
K01029.01,CONFIRMED,2,32.3122867,6.569,677.8,4.84,699.0,56.49,0.934,33.6,5821.0,4.108,1.494
K01030.01,CONFIRMED,2,9.22961384,2.235,492.1,2.79,1021.0,257.11,0.067,19.3,6320.0,4.347,1.252
K01031.01,CONFIRMED,2,14.5598556,5.624,290.6,1.64,758.0,78.26,0.026,15.6,5959.0,4.46,0.966
K01034.01,FALSE POSITIVE,0,1.739428983,2.4894,5897.4,268.65,1268.0,612.49,4.246,130.0,5415.0,4.603,0.742
K01035.01,FALSE POSITIVE,0,1.217266418,3.3208,5811.5,14.49,2378.0,7548.29,0.878,603.4,6631.0,4.145,1.638
K01036.01,FALSE POSITIVE,0,19.563092517,6.9547,12992.2,23.76,965.0,205.39,0.842,2477.0,6208.0,3.959,1.831
K01102.04,CONFIRMED,2,4.24439049,3.282,174.0,2.07,1305.0,686.99,0.949,15.1,5896.0,4.197,1.24
K01103.01,CANDIDATE,1,90.1240507,11.649,3020.3,7.12,485.0,13.09,0.698,57.9,6520.0,4.375,1.215
K01104.01,FALSE POSITIVE,0,0.890110752,0.8774,321.5,1.25,1372.0,838.42,0.216,19.6,4768.0,4.628,0.711
K01105.01,FALSE POSITIVE,0,5.76573396,2.924,248.0,7.47,1964.0,3518.78,0.708,22.2,5772.0,3.364,4.434
K00148.01,CONFIRMED,2,4.77800306,2.7361,473.0,1.85,932.0,177.79,0.02,115.4,5192.0,4.489,0.873
K01106.01,CONFIRMED,2,7.42608123,3.6379,443.3,2.47,1037.0,273.78,0.097,37.5,6049.0,4.353,1.176
K01106.02,CONFIRMED,2,15.9868932,4.158,178.5,1.62,803.0,98.51,0.533,10.9,6049.0,4.353,1.176
K01186.01,FALSE POSITIVE,0,55.6639167,23.546,3414.4,34.14,434.0,8.38,1.298,103.4,5587.0,4.528,0.853
K01187.01,FALSE POSITIVE,0,0.741057213,1.05299,1996.3,26.67,1730.0,2128.29,1.26,251.9,5496.0,4.592,0.776
K01188.01,FALSE POSITIVE,0,2.988085455,3.68,802.8,21.81,1101.0,348.05,1.216,48.2,5497.0,4.577,0.809
K00152.04,CONFIRMED,2,81.0637895,3.001,476.0,3.01,511.0,16.12,0.584,19.4,6198.0,4.237,1.324
K01189.01,FALSE POSITIVE,0,2.783883492,2.4546,903.9,67.17,1934.0,3304.55,1.255,86.1,6028.0,3.835,2.147
K01190.01,FALSE POSITIVE,0,0.393727296,3.02,903.5,23.05,2216.0,5746.51,1.228,82.4,5628.0,4.575,0.808
K01191.01,CONFIRMED,2,8.17242644,3.902,864.3,3.29,858.0,127.95,0.926,37.0,5705.0,4.499,0.905
K01271.01,CANDIDATE,1,162.0479502,9.8974,4840.5,11.52,437.0,8.65,0.663,370.2,6309.0,4.16,1.567
K01273.01,CONFIRMED,2,40.05881661,5.595,1239.4,3.43,489.0,13.57,0.819,62.6,5668.0,4.545,0.868
K01275.01,CONFIRMED,2,50.28635977,6.3212,1119.3,3.88,543.0,20.59,0.018,99.5,5900.0,4.309,1.167
K01276.01,CONFIRMED,2,22.79020351,5.0394,617.9,2.57,634.0,38.27,0.036,47.7,5478.0,4.354,1.053
K00157.04,CONFIRMED,2,46.6856205,6.3794,588.8,2.52,513.0,16.41,0.217,59.0,5657.0,4.364,1.046
K01276.02,CONFIRMED,2,13.26079792,3.912,199.4,1.47,760.0,78.79,0.22,17.6,5478.0,4.354,1.053
K01277.01,FALSE POSITIVE,0,1.061932545,2.1429,133.6,2.29,2508.0,9391.15,0.713,80.2,6134.0,3.975,1.851
K00117.03,CONFIRMED,2,3.180027898,3.5797,120.3,1.53,1458.0,1066.86,0.196,50.4,5847.0,4.191,1.402
K00812.04,CONFIRMED,2,7.82502168,2.186,520.8,1.2,494.0,14.05,0.708,15.9,3950.0,4.754,0.493
K00813.01,CONFIRMED,2,3.895936525,2.3111,8544.8,7.34,1005.0,241.62,0.524,370.8,5557.0,4.592,0.774
K00814.01,CONFIRMED,2,22.36646466,5.228,986.8,2.32,536.0,19.45,0.4,32.1,5395.0,4.615,0.734
K00815.01,CANDIDATE,1,34.84398644,2.9315,4523.6,7.61,511.0,16.1,0.934,76.8,5509.0,4.482,0.871
K00816.01,CONFIRMED,2,7.748094239,3.5957,2472.1,5.52,964.0,204.39,0.517,113.2,5973.0,4.439,1.085
K00817.01,CONFIRMED,2,23.96793669,3.827,1182.3,1.8,329.0,2.77,0.416,27.5,3747.0,4.728,0.524
K00124.01,CONFIRMED,2,12.69104387,3.7727,252.1,2.57,1008.0,244.3,0.008,60.2,5869.0,4.024,1.626
K00884.01,CONFIRMED,2,9.439459486,2.8979,3036.1,4.16,686.0,52.32,0.049,175.2,5097.0,4.597,0.779
K00884.02,CONFIRMED,2,20.47748843,2.8364,1382.4,2.92,530.0,18.65,0.497,52.7,5097.0,4.597,0.779
K00884.03,CONFIRMED,2,3.336123113,1.9616,516.3,1.74,970.0,209.79,0.252,41.6,5097.0,4.597,0.779
K00886.01,CONFIRMED,2,8.01078456,2.312,1333.6,1.72,453.0,9.9,0.192,48.5,3713.0,4.779,0.47
K00886.02,CONFIRMED,2,12.07134205,4.3224,759.2,1.29,395.0,5.74,0.014,31.0,3713.0,4.779,0.47
K00886.03,CONFIRMED,2,20.99587872,2.6333,767.3,1.3,328.0,2.74,0.228,18.2,3713.0,4.779,0.47
K00945.01,CONFIRMED,2,25.8474958,5.985,537.4,2.4,672.0,48.23,0.054,27.3,6297.0,4.448,1.031
K00945.02,CONFIRMED,2,40.715561,6.894,680.9,2.7,578.0,26.34,0.008,28.9,6297.0,4.448,1.031
K00132.01,FALSE POSITIVE,0,10.810132734,4.4618,6165.2,13.95,985.0,222.68,0.948,806.5,6211.0,4.269,1.284
K00945.03,FALSE POSITIVE,0,66.789347,4.08,358.5,2.07,490.0,13.61,0.667,9.5,6297.0,4.448,1.031
K00946.01,FALSE POSITIVE,0,20.42720701,3.447,1273.0,4.42,674.0,48.72,0.956,36.7,6014.0,4.494,0.958
K00947.01,CONFIRMED,2,28.59914031,3.6567,1585.1,1.83,298.0,1.87,0.009,53.8,3755.0,4.781,0.461
K00948.01,CONFIRMED,2,24.58716355,3.984,907.5,2.37,530.0,18.72,0.648,35.6,5474.0,4.605,0.749
K01037.01,FALSE POSITIVE,0,3.7228551,12.8164,2969.2,5.67,1118.0,368.33,0.911,294.8,5873.0,4.547,0.863
K00139.02,CONFIRMED,2,3.341799486,2.9254,178.2,1.67,1356.0,798.41,0.426,48.8,5873.0,4.293,1.235
K01039.01,FALSE POSITIVE,0,1.073917869,2.4305,1926.6,33.01,1794.0,2450.63,1.266,137.5,5962.0,4.479,0.959
K01040.01,FALSE POSITIVE,0,4.206096814,10.7381,1298.1,32.66,1252.0,581.11,1.239,149.3,6306.0,4.426,1.076
K01041.01,FALSE POSITIVE,0,19.56313723,6.8575,5536.0,9.73,706.0,58.71,0.908,157.8,5766.0,4.352,1.077
K01042.01,FALSE POSITIVE,0,2.227718792,4.9699,1039.0,8.88,1400.0,906.46,1.04,124.3,6038.0,4.508,0.922
K01043.01,FALSE POSITIVE,0,0.591914504,1.0225,1057.7,27.21,1646.0,1746.78,1.344,56.3,5122.0,4.659,0.655
K01106.03,CANDIDATE,1,13.2298203,3.566,157.8,1.5,856.0,126.84,0.435,10.0,6049.0,4.353,1.176
K01107.01,FALSE POSITIVE,0,0.73094589,4.32,250.2,17.12,1922.0,3248.17,1.169,37.5,5901.0,4.553,0.848
K01108.01,CONFIRMED,2,18.92537246,3.9835,640.9,13.92,1171.0,443.58,0.806,41.0,4941.0,3.317,4.885
K01108.02,CONFIRMED,2,1.475323222,2.3155,154.9,5.88,2740.0,13331.51,0.136,27.2,4941.0,3.317,4.885
K01108.03,CONFIRMED,2,4.15246118,2.5755,223.4,7.62,1941.0,3354.56,0.639,24.5,4941.0,3.317,4.885
K01110.01,CONFIRMED,2,8.7348852,4.49,270.7,1.59,890.0,148.62,0.314,24.8,5982.0,4.493,0.96
K01110.02,FALSE POSITIVE,0,3.71840884,3.611,77.2,0.84,1184.0,464.19,0.192,9.6,5982.0,4.493,0.96
K01192.02,FALSE POSITIVE,0,359.047933,16.637,5622.7,7.76,260.0,1.08,0.002,91.1,5609.0,4.346,1.048
K01193.01,CANDIDATE,1,119.0624882,3.1188,5372.3,10.4,366.0,4.26,0.968,71.6,5697.0,4.392,0.92
K01194.01,CONFIRMED,2,8.70798309,2.4904,1419.6,2.01,543.0,20.59,0.063,28.1,4362.0,4.722,0.554
K01194.02,FALSE POSITIVE,0,14.8623076,3.161,840.0,1.57,454.0,10.08,0.324,14.4,4362.0,4.722,0.554
K01194.03,CONFIRMED,2,4.17634276,2.335,531.5,1.23,694.0,54.8,0.142,14.9,4362.0,4.722,0.554
K01195.01,FALSE POSITIVE,0,119.67747,32.274,3254.1,36.8,379.0,4.9,1.283,52.0,6075.0,4.486,0.969
K01196.01,FALSE POSITIVE,0,3.98216698,2.396,381.3,3.32,1374.0,842.48,0.775,27.1,5570.0,4.066,1.548
K01278.01,CONFIRMED,2,24.8056775,6.148,624.4,2.16,588.0,28.22,0.007,39.4,5600.0,4.455,0.872
K01278.02,CONFIRMED,2,44.3471936,6.43,791.7,2.45,484.0,13.0,0.273,40.5,5600.0,4.455,0.872
K01278.03,CONFIRMED,2,9.2207691,4.907,140.0,1.02,817.0,105.63,0.037,13.2,5600.0,4.455,0.872
K01278.04,CONFIRMED,2,13.6396648,5.425,162.7,1.1,717.0,62.6,0.105,13.3,5600.0,4.455,0.872
K01278.05,FALSE POSITIVE,0,203.250506,9.81,238.9,1.35,292.0,1.71,0.336,7.0,5600.0,4.455,0.872
K01279.01,CONFIRMED,2,14.37457572,4.7892,335.8,1.94,779.0,87.24,0.035,55.2,5768.0,4.358,1.067
K01279.02,CONFIRMED,2,9.65188331,4.296,103.2,1.08,890.0,148.32,0.122,19.8,5768.0,4.358,1.067
K00817.02,CONFIRMED,2,8.29561738,1.3421,824.3,1.82,469.0,11.39,0.888,17.9,3747.0,4.728,0.524
K00818.01,CONFIRMED,2,8.11437482,2.2736,1558.0,2.1,460.0,10.55,0.573,56.4,3692.0,4.753,0.517
K00819.01,FALSE POSITIVE,0,38.036729482,4.34617,82871.6,27.5,500.0,14.81,0.501,1300.0,5575.0,4.521,0.932
K00820.01,FALSE POSITIVE,0,4.64090031,35.512,2450.6,30.09,1155.0,421.08,1.28,296.9,6463.0,4.5,0.826
K00117.04,CONFIRMED,2,7.95825328,4.377,50.0,1.06,1074.0,314.15,0.706,14.7,5847.0,4.191,1.402
K00821.01,CONFIRMED,2,21.81295996,4.3791,1175.4,3.38,639.0,39.33,0.053,37.8,5601.0,4.41,0.999
K00822.01,FALSE POSITIVE,0,7.91936937,3.3148,15148.1,10.34,814.0,104.0,0.733,389.0,5690.0,4.588,0.776
K00887.01,CONFIRMED,2,7.41113177,2.5242,620.5,2.45,905.0,158.11,0.712,50.4,5849.0,4.517,0.919
K00888.01,FALSE POSITIVE,0,1.000747038,0.9967,1823.5,4.14,1620.0,1635.2,0.908,147.4,5472.0,4.499,0.79
K00889.01,CONFIRMED,2,8.884922995,2.07004,16053.4,10.51,770.0,83.21,0.069,388.2,5332.0,4.5,0.843
K00890.01,CONFIRMED,2,8.09888906,4.20241,6911.1,8.95,986.0,223.19,0.018,435.9,6214.0,4.442,1.076
K00124.02,CONFIRMED,2,31.71981013,4.819,363.4,3.09,743.0,71.97,0.125,63.1,5869.0,4.024,1.626
K00891.01,CONFIRMED,2,10.00653012,5.344,936.1,3.52,876.0,139.21,0.862,71.9,6063.0,4.47,1.001
K00892.01,CONFIRMED,2,10.37168928,3.035,1254.9,3.2,720.0,63.68,0.537,64.5,5121.0,4.457,0.888
K00949.01,CONFIRMED,2,12.53248222,4.0168,1145.9,3.24,775.0,85.15,0.668,66.7,5997.0,4.522,0.904
K00950.01,CANDIDATE,1,31.201692472,2.15663,34513.7,8.31,286.0,1.59,0.001,607.4,3748.0,4.796,0.449
K00951.01,CONFIRMED,2,13.19720694,3.4872,2141.4,4.18,642.0,40.03,0.568,116.2,4954.0,4.462,0.885
K00951.02,CONFIRMED,2,33.6528474,3.9616,1140.8,3.05,470.0,11.5,0.567,41.9,4954.0,4.462,0.885
K00952.01,CONFIRMED,2,5.90127815,2.1979,1525.2,1.94,514.0,16.54,0.03,56.6,3731.0,4.75,0.498
K00952.02,CONFIRMED,2,8.75209691,2.3742,1367.6,1.83,451.0,9.76,0.017,44.8,3731.0,4.75,0.498
K00133.01,FALSE POSITIVE,0,4.618767792,5.9957,4399.1,7.48,1170.0,442.78,0.766,270.1,6013.0,4.381,1.033
K01044.01,FALSE POSITIVE,0,0.525154153,2.1441,747.5,23.61,2073.0,4391.51,1.226,116.1,5582.0,4.497,0.846
K01045.01,FALSE POSITIVE,0,1.303861044,4.0541,598.2,27.85,1610.0,1595.19,1.258,140.6,5758.0,4.475,0.902
K01047.01,FALSE POSITIVE,0,2.55549176,9.083,113.8,23.35,1312.0,701.68,1.228,24.3,5948.0,4.508,0.901
K01048.01,FALSE POSITIVE,0,3.411758679,3.158,570.6,14.71,684.0,51.85,1.213,35.6,3995.0,4.71,0.561
K01049.01,FALSE POSITIVE,0,0.525426427,1.0801,324.6,1.45,2069.0,4349.62,0.113,63.6,5791.0,4.575,0.802
K00140.01,FALSE POSITIVE,0,19.97867,10.168,944.3,6.85,1351.0,788.02,0.923,86.2,9651.0,4.229,1.895
K01050.01,CONFIRMED,2,1.269091415,1.4647,340.9,1.41,1331.0,740.47,0.412,73.5,5041.0,4.576,0.766
K01111.01,FALSE POSITIVE,0,10.26547688,3.733,399.6,1.81,770.0,83.13,0.69,20.1,5699.0,4.553,0.853
K00016.01,FALSE POSITIVE,0,0.895277575,2.711,534.5,9.27,4253.0,77480.31,0.928,132.1,8040.0,3.707,3.325
K00148.02,CONFIRMED,2,9.673958488,3.2641,952.7,2.63,736.0,69.42,0.194,178.0,5192.0,4.489,0.873
K01112.01,CONFIRMED,2,37.8102649,8.733,570.3,2.33,566.0,24.27,0.061,35.2,6085.0,4.451,0.973
K01113.01,CONFIRMED,2,25.93406406,4.6142,414.5,2.48,695.0,55.1,0.014,42.2,5952.0,4.287,1.225
K01113.02,CONFIRMED,2,83.4463485,6.536,503.0,2.73,471.0,11.59,0.058,36.1,5952.0,4.287,1.225
K01114.01,FALSE POSITIVE,0,7.04710032,2.926,400.9,25.2,986.0,223.84,1.195,24.0,5766.0,4.363,1.068
K00017.01,CONFIRMED,2,3.234699282,3.59385,10558.7,13.06,1356.0,797.62,0.079,3003.8,5640.0,4.236,1.291
K00153.01,CONFIRMED,2,8.925079516,2.6766,977.5,2.36,628.0,36.89,0.74,135.8,4728.0,4.628,0.693
K01196.02,CONFIRMED,2,11.63486009,5.466,292.3,2.61,961.0,201.96,0.053,18.4,5570.0,4.066,1.548
K01196.03,CONFIRMED,2,33.1981761,4.709,336.7,3.21,678.0,49.9,0.826,11.8,5570.0,4.066,1.548
K01197.01,FALSE POSITIVE,0,0.643794198,1.5662,456.7,19.51,2011.0,3852.91,1.193,53.7,5958.0,4.561,0.83
K01198.01,CONFIRMED,2,16.08832318,5.731,597.8,3.42,875.0,138.64,0.648,31.3,6157.0,4.224,1.33
K01198.02,CONFIRMED,2,10.30067919,4.885,271.8,2.2,1015.0,251.55,0.004,16.4,6157.0,4.224,1.33
K01280.01,FALSE POSITIVE,0,6.0990118,3.6112,227.5,3.16,1374.0,842.53,0.688,39.3,5743.0,3.881,1.971
K00018.01,CONFIRMED,2,3.548465446,4.56904,7251.5,14.92,1640.0,1708.28,0.075,2486.5,6290.0,4.074,1.746
K00157.05,CONFIRMED,2,118.3786735,9.5574,1083.3,3.4,376.0,4.75,0.011,83.1,5657.0,4.364,1.046
K01281.01,CONFIRMED,2,49.4781446,2.493,496.6,1.88,462.0,10.73,0.048,20.4,5776.0,4.554,0.849
K01282.01,CONFIRMED,2,30.8639476,8.864,256.5,3.01,743.0,72.05,0.907,63.0,5977.0,4.08,1.571
K01283.01,CONFIRMED,2,8.0922105,5.7696,65.3,1.44,1089.0,331.65,0.951,37.5,5774.0,4.106,1.395
K01284.01,FALSE POSITIVE,0,3.117087797,3.06941,12152.1,88.51,1842.0,2725.12,1.255,441.7,6338.0,3.973,2.046
K00824.01,CONFIRMED,2,15.37562369,3.3169,15337.0,11.01,600.0,30.54,0.692,166.0,4986.0,4.496,0.833
K00825.01,CONFIRMED,2,8.10363271,3.161,887.9,2.11,687.0,52.82,0.047,39.3,4861.0,4.574,0.732
K00825.02,CONFIRMED,2,4.71510843,2.506,417.5,1.46,823.0,108.84,0.258,21.3,4861.0,4.574,0.732
K00826.01,CONFIRMED,2,6.365839713,2.9721,780.7,2.44,914.0,165.33,0.524,70.8,5776.0,4.554,0.849
K00827.01,FALSE POSITIVE,0,5.97581754,3.065,962.4,3.86,1047.0,284.25,0.941,50.3,6108.0,4.471,0.997
K00828.01,FALSE POSITIVE,0,2.507089906,2.0067,1339.2,30.26,1326.0,730.47,1.255,64.9,5926.0,4.506,0.939
K00829.01,CONFIRMED,2,18.64932728,4.4056,893.6,3.12,701.0,57.13,0.08,46.1,5775.0,4.405,1.053
K00892.02,CONFIRMED,2,3.96996298,1.1757,299.2,1.78,992.0,229.37,0.836,15.0,5121.0,4.457,0.888
K00893.01,CONFIRMED,2,4.40841331,5.012,549.4,2.66,1139.0,398.0,0.899,45.1,6007.0,4.457,0.961
K00894.01,FALSE POSITIVE,0,7.9426176,6.703,1590.7,4.68,878.0,140.57,0.942,60.4,5811.0,4.521,0.926
K00895.01,FALSE POSITIVE,0,4.409409243,3.8636,12861.0,10.95,1101.0,347.06,0.028,85.8,5600.0,4.368,0.975
K00896.01,CONFIRMED,2,16.23947096,4.0374,2590.7,4.14,598.0,30.14,0.043,123.8,5191.0,4.564,0.837
K00896.02,CONFIRMED,2,6.308201629,2.9785,1328.5,2.96,819.0,106.44,0.03,86.2,5191.0,4.564,0.837
K00896.03,CANDIDATE,1,28.8672107,3.782,347.1,1.51,493.0,14.0,0.041,12.0,5191.0,4.564,0.837
K00952.03,CONFIRMED,2,22.78078241,3.3002,1925.1,2.17,328.0,2.73,0.008,46.4,3731.0,4.75,0.498
K00952.04,CONFIRMED,2,2.896005211,1.6776,614.1,1.23,652.0,42.53,0.082,28.6,3731.0,4.75,0.498
K00952.05,CONFIRMED,2,0.742957911,0.6688,843.3,1.47,1026.0,262.51,0.162,45.3,3731.0,4.75,0.498
K00953.01,CONFIRMED,2,3.584101048,2.7316,2608.1,4.66,1131.0,386.66,0.045,166.3,5739.0,4.518,0.922
K00954.01,CONFIRMED,2,8.11528727,3.211,834.9,3.1,879.0,140.92,0.916,59.1,5926.0,4.532,0.887
K00954.02,CONFIRMED,2,36.9250409,4.9381,902.0,3.01,530.0,18.7,0.838,39.3,5926.0,4.532,0.887
K00955.01,CONFIRMED,2,7.03902016,3.8633,529.8,2.45,1051.0,288.92,0.015,54.3,6321.0,4.434,1.058
K01050.02,CONFIRMED,2,2.853133997,1.465,277.1,1.36,1016.0,251.77,0.698,39.7,5041.0,4.576,0.766
K01051.01,CONFIRMED,2,6.79685353,3.1702,393.1,2.01,985.0,222.91,0.62,29.8,6061.0,4.486,0.97
K01052.01,CONFIRMED,2,17.02902786,4.645,568.9,2.54,755.0,76.66,0.202,29.8,5839.0,4.327,1.067
K01052.02,CONFIRMED,2,6.84619236,3.529,246.8,1.67,1022.0,258.41,0.077,17.7,5839.0,4.327,1.067
K01052.03,CONFIRMED,2,67.8321638,7.358,507.8,2.39,476.0,12.14,0.027,15.5,5839.0,4.327,1.067
K01052.04,CONFIRMED,2,43.1312147,3.198,447.8,2.39,554.0,22.21,0.67,11.8,5839.0,4.327,1.067
K01053.01,CONFIRMED,2,1.224866441,1.7086,196.0,1.54,1741.0,2174.33,0.286,21.1,5553.0,4.32,1.107
K01115.01,CONFIRMED,2,12.99204853,6.0175,270.6,2.03,866.0,132.94,0.091,38.7,5765.0,4.236,1.242
K01116.01,CONFIRMED,2,3.749105745,1.9826,182.6,1.68,1160.0,428.25,0.942,38.0,5751.0,4.447,0.983
K01117.01,CONFIRMED,2,11.08956602,6.2877,148.1,3.51,1422.0,965.62,0.02,38.9,6353.0,3.698,2.867
K01118.01,CANDIDATE,1,7.37290344,2.172,205.2,2.67,1004.0,240.11,0.993,19.1,5973.0,4.371,1.07
K01119.01,FALSE POSITIVE,0,7.24476126,2.3145,58.0,0.65,837.0,116.02,0.04,27.2,5370.0,4.494,0.874
K01119.02,FALSE POSITIVE,0,13.55480534,2.288,48.3,0.62,679.0,50.41,0.497,16.5,5370.0,4.494,0.874
K00148.03,CONFIRMED,2,42.89645024,5.6897,555.3,2.0,448.0,9.54,0.007,66.8,5192.0,4.489,0.873
K01198.03,CONFIRMED,2,35.6757453,7.381,471.2,3.02,671.0,47.96,0.61,18.5,6157.0,4.224,1.33
K01199.01,CONFIRMED,2,53.5292702,5.668,1086.1,2.28,348.0,3.48,0.346,34.5,4736.0,4.624,0.708
K01201.01,CONFIRMED,2,2.757584622,0.9267,563.1,1.01,615.0,33.79,0.093,19.6,3683.0,4.84,0.424
K01202.01,CONFIRMED,2,0.928310036,1.1899,376.2,1.16,1115.0,365.72,0.181,22.6,4109.0,4.672,0.602
K01203.01,CONFIRMED,2,31.8841473,6.122,910.0,3.7,563.0,23.82,0.938,25.3,5779.0,4.477,0.974
K00153.02,CONFIRMED,2,4.75400072,2.5394,748.7,2.0,775.0,85.23,0.672,141.4,4728.0,4.628,0.693
K01203.02,CONFIRMED,2,14.12847677,3.685,628.7,2.73,739.0,70.5,0.811,23.0,5779.0,4.477,0.974
K01286.01,FALSE POSITIVE,0,0.668483615,2.0909,2899.8,29.53,1832.0,2642.17,1.269,161.2,5546.0,4.575,0.81
K01287.01,FALSE POSITIVE,0,4.429633087,3.0257,6120.1,32.12,950.0,192.62,1.264,166.3,5344.0,4.545,0.809
K01288.01,CONFIRMED,2,117.93110803,5.8796,8506.6,10.36,418.0,7.2,0.615,212.5,6392.0,4.425,1.072
K01289.01,FALSE POSITIVE,0,4.887806806,2.4078,4676.0,5.71,918.0,167.54,0.561,116.1,5284.0,4.523,0.812
K01289.02,FALSE POSITIVE,0,386.39833,8.519,748.0,2.2,214.0,0.49,0.287,4.9,5284.0,4.523,0.812
K01290.01,FALSE POSITIVE,0,11.973605044,4.3117,3822.9,38.2,820.0,106.83,1.3,172.9,6146.0,4.497,0.943
K00157.06,CONFIRMED,2,10.30401132,4.2246,316.1,1.84,849.0,122.98,0.017,53.8,5657.0,4.364,1.046
K00750.02,CANDIDATE,1,5.04413987,1.623,172.0,1.18,862.0,130.09,0.727,10.2,4954.0,4.5,0.828
K00750.03,CANDIDATE,1,14.516741,2.706,227.2,1.45,606.0,31.8,0.851,10.1,4954.0,4.5,0.828
K00751.01,CONFIRMED,2,4.99677968,2.1717,934.7,2.78,917.0,166.95,0.71,28.2,5339.0,4.552,0.847
K00752.01,CONFIRMED,2,9.48803557,2.9575,615.8,2.26,793.0,93.59,0.146,35.8,5455.0,4.467,0.927
K00752.02,CONFIRMED,2,54.4183827,4.507,874.8,2.83,443.0,9.11,0.586,25.8,5455.0,4.467,0.927
K00829.02,CONFIRMED,2,9.75192101,4.793,418.0,2.76,870.0,135.66,0.949,28.5,5775.0,4.405,1.053
K00118.01,CONFIRMED,2,24.99324319,5.9409,269.6,2.29,712.0,60.88,0.686,62.0,5718.0,4.181,1.317
K00829.03,CONFIRMED,2,38.5576546,5.794,993.0,4.02,550.0,21.71,0.911,39.7,5775.0,4.405,1.053
K00830.01,CONFIRMED,2,3.525632539,2.59959,22335.0,11.58,975.0,213.12,0.12,1996.7,5150.0,4.572,0.793
K00831.01,FALSE POSITIVE,0,3.9043425,3.831,16228.4,12.28,1104.0,351.05,0.709,323.4,5810.0,4.526,0.898
K00832.01,FALSE POSITIVE,0,9.286358079,3.49949,44791.4,17.61,796.0,95.03,0.377,1671.1,5670.0,4.523,0.821
K00833.01,FALSE POSITIVE,0,3.951405455,2.1862,2453.9,31.44,1133.0,388.71,1.276,117.2,6046.0,4.539,0.869
K00897.01,CONFIRMED,2,2.052349884,2.0778,14280.6,13.12,1497.0,1183.18,0.437,1072.1,5855.0,4.393,1.08
K00125.01,CONFIRMED,2,38.47876629,5.04169,23530.0,13.26,484.0,13.01,0.003,1077.8,5510.0,4.539,0.879
K00898.01,CONFIRMED,2,9.7704486,2.4517,1897.8,2.23,460.0,10.59,0.09,58.0,3906.0,4.73,0.509
K00898.02,CONFIRMED,2,5.169804269,2.153,1037.4,1.66,569.0,24.75,0.351,41.4,3906.0,4.73,0.509
K00898.03,CONFIRMED,2,20.09017037,4.154,1432.1,2.25,362.0,4.05,0.886,36.9,3906.0,4.73,0.509
K00899.01,CONFIRMED,2,7.11373257,2.1764,807.6,1.16,429.0,8.01,0.334,44.4,3561.0,4.855,0.411
K00899.02,CONFIRMED,2,3.306551643,1.8177,509.2,0.91,554.0,22.19,0.001,37.8,3561.0,4.855,0.411
K00956.01,CONFIRMED,2,8.360870704,2.7144,2039.7,3.67,690.0,53.68,0.494,120.9,4743.0,4.516,0.81
K00957.01,FALSE POSITIVE,0,3.14051153,8.2806,1444.4,31.01,1306.0,689.48,1.251,139.5,6108.0,4.443,0.974
K00958.01,CONFIRMED,2,21.76129812,1.243,1300.7,2.53,486.0,13.18,0.123,60.0,4859.0,4.612,0.72
K00134.01,CONFIRMED,2,67.5923754,12.249,4158.1,12.1,588.0,28.2,0.728,60.9,6038.0,4.082,1.744
K00959.01,CANDIDATE,1,12.713794177,2.44093,36718.7,2.31,181.0,0.26,0.485,2981.3,2661.0,5.283,0.116
K00960.01,FALSE POSITIVE,0,15.801100028,6.37505,37545.0,15.61,614.0,33.6,0.512,1642.2,5383.0,4.587,0.789
K00961.01,CONFIRMED,2,1.213770423,0.5532,1821.0,0.78,525.0,18.03,0.83,111.4,3292.0,5.215,0.148
K01053.02,CANDIDATE,1,46.245164,5.663,492.1,2.46,519.0,17.15,0.392,15.5,5553.0,4.32,1.107
K01055.01,FALSE POSITIVE,0,36.97708808,4.737,1269.9,38.6,602.0,31.08,1.246,59.2,5589.0,4.193,1.239
K00141.01,CANDIDATE,1,2.624234833,1.3874,2607.0,5.11,1164.0,434.31,0.781,361.1,5340.0,4.514,0.899
K01057.01,FALSE POSITIVE,0,1.303859704,2.8239,36.7,0.98,2393.0,7759.2,0.674,34.7,6802.0,4.103,1.521
K01058.01,CANDIDATE,1,5.670155713,0.9361,536.7,5.85,341.0,3.21,1.267,37.3,3337.0,5.126,0.183
K01059.01,CONFIRMED,2,1.022678654,1.3712,129.2,1.14,1734.0,2138.47,0.019,21.6,5366.0,4.363,1.02
K01060.01,CONFIRMED,2,12.10968709,6.3461,284.7,2.98,1005.0,240.8,0.924,33.4,6021.0,4.093,1.458
K01120.01,FALSE POSITIVE,0,29.74454668,23.2842,66894.0,20.06,455.0,10.1,0.337,765.0,4889.0,4.569,0.788
K01121.01,FALSE POSITIVE,0,14.15402428,4.47001,61625.1,53.25,777.0,86.13,1.1,930.3,5850.0,4.404,1.037
K01122.01,FALSE POSITIVE,0,0.844786082,3.5289,2468.5,35.27,1864.0,2846.03,1.297,245.6,5705.0,4.452,0.915
K01123.01,FALSE POSITIVE,0,0.848483947,1.4451,1907.4,32.11,1908.0,3117.82,1.264,185.0,5941.0,4.504,0.936
K01124.01,FALSE POSITIVE,0,11.99097576,5.7401,2124.3,37.47,880.0,141.63,1.269,102.8,6110.0,4.352,1.072
K01125.01,FALSE POSITIVE,0,7.814839231,3.0122,2010.3,5.33,903.0,156.74,0.945,100.0,5887.0,4.499,0.931
K01126.01,FALSE POSITIVE,0,29.7452499,22.695,778.9,3.6,557.0,22.74,0.941,55.9,5334.0,4.372,1.004
K01203.03,CONFIRMED,2,48.6478543,5.464,641.8,4.14,489.0,13.57,0.988,12.2,5779.0,4.477,0.974
K01204.01,CONFIRMED,2,8.39842977,6.344,340.1,2.0,984.0,221.66,0.573,28.0,6309.0,4.441,1.044
K01205.01,CONFIRMED,2,8.63847391,5.4566,395.9,5.99,1419.0,958.35,0.049,38.6,5684.0,3.657,3.046
K01207.01,CONFIRMED,2,13.73474071,2.769,746.4,2.71,634.0,38.11,0.941,31.0,5196.0,4.524,0.772
K01210.01,CONFIRMED,2,14.55387488,6.973,319.7,3.45,939.0,183.48,0.955,26.8,6143.0,4.177,1.507
K01211.01,FALSE POSITIVE,0,3.00363219,3.732,101.2,1.43,1571.0,1441.44,0.727,38.5,6309.0,4.217,1.32
K01212.01,CONFIRMED,2,11.30123036,4.022,277.1,1.85,852.0,124.42,0.117,18.5,5730.0,4.34,1.122
K01291.01,FALSE POSITIVE,0,1.231364189,5.8574,1097.1,5.39,1707.0,2005.15,0.995,229.7,5897.0,4.429,0.891
K01292.01,FALSE POSITIVE,0,2.102416517,1.7684,1502.5,29.29,1435.0,1003.06,1.236,94.3,5999.0,4.494,0.959
K01293.01,FALSE POSITIVE,0,11.703109303,2.0467,4201.0,37.3,811.0,102.47,1.279,126.6,6014.0,4.494,0.958
K01294.01,FALSE POSITIVE,0,9.08937826,6.255,779.8,5.35,1104.0,351.45,0.982,72.7,6739.0,4.332,1.275
K01295.01,FALSE POSITIVE,0,1.577800747,2.1626,697.7,31.24,1513.0,1236.23,1.332,79.6,6089.0,4.566,0.802
K01296.01,CANDIDATE,1,2.380862632,4.20416,32634.0,21.65,1480.0,1133.0,0.664,2590.6,5821.0,4.297,1.129
K01641.01,CONFIRMED,2,4.8538404,3.198,196.4,1.72,1052.0,288.7,0.943,15.4,5778.0,4.483,0.968
K01642.01,FALSE POSITIVE,0,0.364860478,1.4736,112.6,0.68,1993.0,3703.08,0.267,23.5,5220.0,4.622,0.642
K01643.01,CONFIRMED,2,11.04605365,4.799,308.3,1.8,869.0,134.66,0.064,24.3,6093.0,4.429,1.025
K01644.01,FALSE POSITIVE,0,2.621706694,1.941,4572.0,34.68,1288.0,648.75,1.279,24.3,5749.0,4.436,0.881
K01645.01,FALSE POSITIVE,0,41.16676097,2.2133,5386.3,17.82,446.0,9.35,1.093,185.2,5193.0,4.503,0.805
K00193.01,FALSE POSITIVE,0,37.590298548,4.3855,19938.9,14.39,573.0,25.53,0.38,929.0,6147.0,4.463,1.003
K01646.01,CONFIRMED,2,3.72020708,1.892,156.9,0.99,954.0,195.7,0.341,15.0,5017.0,4.516,0.797
K01732.01,CONFIRMED,2,43.3167427,4.995,987.5,2.42,459.0,10.47,0.034,27.1,5654.0,4.59,0.774
K01733.01,CANDIDATE,1,19.18109525,2.424,865.4,1.72,513.0,16.42,0.007,17.6,5214.0,4.673,0.587
K01734.01,FALSE POSITIVE,0,1.878156188,2.058,787.5,2.51,1141.0,400.37,0.959,38.4,5075.0,4.598,0.67
K01735.01,FALSE POSITIVE,0,0.64234875,1.3699,103.7,2.78,3813.0,49846.45,0.627,61.3,7089.0,3.842,2.584
K01736.01,CONFIRMED,2,31.0033072,5.253,645.2,2.72,616.0,34.03,0.151,22.1,6090.0,4.447,1.071
K01738.01,CONFIRMED,2,4.16787814,2.2136,168.1,1.07,962.0,202.48,0.168,32.9,5251.0,4.541,0.847
K00202.01,CONFIRMED,2,1.72086129,2.0243,10184.5,13.25,1647.0,1743.61,0.725,1654.9,5742.0,4.297,1.215
K01816.01,CANDIDATE,1,10.240611361,0.9617,2958.0,3.9,656.0,43.85,0.786,72.0,5227.0,4.623,0.64
K01817.01,FALSE POSITIVE,0,63.934965,12.71,1119.5,44.59,525.0,18.0,1.217,45.6,5209.0,3.999,1.595
K01818.01,CONFIRMED,2,16.87725775,3.7917,818.4,2.54,642.0,40.09,0.516,43.1,5497.0,4.512,0.872
K01819.01,CONFIRMED,2,12.05705659,2.3462,523.9,1.96,689.0,53.26,0.548,20.8,5365.0,4.537,0.834
K01820.01,CONFIRMED,2,4.33722007,2.4973,358.5,1.63,996.0,231.86,0.053,47.9,5390.0,4.499,0.876
K01820.02,CONFIRMED,2,1.653889476,1.7242,124.4,0.97,1373.0,838.03,0.226,22.3,5390.0,4.499,0.876
K01821.01,CONFIRMED,2,9.97682072,3.4873,966.8,2.85,802.0,97.85,0.022,31.3,5500.0,4.416,0.928
K01889.01,CONFIRMED,2,14.30517579,4.535,863.4,3.05,693.0,54.59,0.924,37.5,5741.0,4.555,0.846
K01889.02,CONFIRMED,2,9.18189122,4.343,363.6,2.17,804.0,98.61,0.971,18.2,5741.0,4.555,0.846
K01890.01,CONFIRMED,2,4.33643506,4.1445,108.5,1.75,1453.0,1054.56,0.641,48.0,6180.0,4.133,1.603
K01891.01,CONFIRMED,2,15.95541913,3.9851,762.6,2.18,573.0,25.54,0.314,39.0,4891.0,4.516,0.805
K01891.02,CONFIRMED,2,8.25980352,2.928,298.4,1.35,714.0,61.43,0.161,18.3,4891.0,4.516,0.805
K01892.01,CONFIRMED,2,62.5613879,5.907,1372.6,3.54,417.0,7.13,0.842,35.0,5662.0,4.56,0.84
K01893.01,CONFIRMED,2,3.554856338,2.1004,232.9,1.29,1157.0,425.04,0.331,40.8,6068.0,4.565,0.831
K01960.02,CONFIRMED,2,23.2218115,2.744,210.4,2.42,746.0,73.08,0.913,16.9,5808.0,4.185,1.374
K01961.01,CONFIRMED,2,1.907810683,1.8707,120.5,0.91,1268.0,609.28,0.41,40.9,5435.0,4.578,0.824
K01962.01,CANDIDATE,1,32.85862571,3.1483,162.8,2.31,691.0,53.85,0.955,36.4,5899.0,4.135,1.414
K01963.01,CANDIDATE,1,12.89623554,2.625,426.6,2.55,783.0,89.02,0.973,32.9,6072.0,4.51,0.923
K01964.01,CANDIDATE,1,2.229326354,1.9946,49.1,0.6,1273.0,621.53,0.249,24.6,5587.0,4.525,0.865
K01965.01,CONFIRMED,2,2.514628496,1.6239,228.4,1.27,1217.0,517.89,0.247,33.3,5662.0,4.56,0.84
K00229.01,CONFIRMED,2,3.573202801,2.88,2975.0,5.81,1210.0,507.91,0.053,362.1,5646.0,4.37,1.08
K02037.01,CONFIRMED,2,73.7578875,2.69,1836.9,4.28,375.0,4.66,0.714,20.2,5029.0,4.429,0.93
K02037.02,CANDIDATE,1,5.47715718,1.3849,568.4,2.17,892.0,149.23,0.244,16.7,5029.0,4.429,0.93
K02037.03,CANDIDATE,1,8.56267266,1.53,608.1,2.26,768.0,82.22,0.335,15.2,5029.0,4.429,0.93
K02038.01,CONFIRMED,2,8.30537702,3.751,365.6,1.69,809.0,101.43,0.489,28.5,5435.0,4.495,0.873
K02038.02,CONFIRMED,2,12.51353325,4.301,430.8,1.88,706.0,58.69,0.596,30.0,5435.0,4.495,0.873
K00235.01,CONFIRMED,2,5.63252508,2.1448,634.4,2.04,844.0,119.75,0.455,70.9,5216.0,4.58,0.804
K02038.03,CONFIRMED,2,17.9134215,4.364,197.8,1.39,626.0,36.38,0.832,11.4,5435.0,4.495,0.873
K02109.01,CONFIRMED,2,19.7919389,3.787,383.7,2.58,736.0,69.48,0.954,22.8,6285.0,4.441,1.039
K02110.01,CONFIRMED,2,5.03728033,2.0619,76.3,1.55,1321.0,720.22,0.96,20.9,6387.0,4.271,1.381
K02111.01,CONFIRMED,2,3.289726319,2.3274,234.9,1.37,1116.0,367.18,0.052,27.0,5463.0,4.492,0.91
K02111.02,CONFIRMED,2,7.18644594,1.4972,402.0,2.19,860.0,129.48,0.892,23.8,5463.0,4.492,0.91
K00241.02,CONFIRMED,2,30.9505927,5.394,301.4,1.51,428.0,7.91,0.958,23.2,4983.0,4.66,0.651
K02112.01,FALSE POSITIVE,0,4.15713766,1.808,77.0,1.17,1401.0,908.82,0.121,9.2,6470.0,4.301,1.324
K02113.01,CONFIRMED,2,15.94248453,3.4894,1093.7,2.62,616.0,34.06,0.022,34.3,5376.0,4.576,0.806
K02183.02,CONFIRMED,2,4.57948235,3.106,207.1,1.35,1040.0,276.82,0.055,20.0,5569.0,4.459,0.954
K02183.03,FALSE POSITIVE,0,150.381954,4.968,396.1,2.26,325.0,2.63,0.892,7.8,5569.0,4.459,0.954
K02184.01,FALSE POSITIVE,0,2.057499811,2.569,325.6,1.27,1037.0,273.84,0.004,23.6,4620.0,4.564,0.736
K00247.01,CONFIRMED,2,13.81504449,2.3244,1032.6,1.91,391.0,5.52,0.868,46.7,3732.0,4.736,0.509
K02184.02,CANDIDATE,1,95.906433,4.08,836.2,2.17,288.0,1.63,0.576,11.0,4620.0,4.564,0.736
K02185.01,CONFIRMED,2,76.957056,9.551,367.1,2.09,451.0,9.81,0.638,26.5,5878.0,4.363,1.041
K02186.01,CANDIDATE,1,14.97974335,4.126,1211.8,3.79,620.0,34.95,0.93,33.2,5062.0,4.481,0.853
K02263.02,CONFIRMED,2,9.47850818,6.154,184.6,1.47,946.0,189.14,0.112,26.7,6249.0,4.428,1.076
K02263.03,CANDIDATE,1,15.5943758,7.367,95.4,1.08,801.0,97.35,0.5,11.9,6249.0,4.428,1.076
K00251.01,CONFIRMED,2,4.164384505,1.8464,2338.0,2.54,590.0,28.75,0.59,132.1,3808.0,4.754,0.508
K02264.01,CONFIRMED,2,33.2407985,4.675,341.9,1.51,486.0,13.17,0.231,20.4,5382.0,4.571,0.827
K02264.02,CANDIDATE,1,7.25101997,2.799,122.8,0.91,807.0,100.18,0.314,12.2,5382.0,4.571,0.827
K02265.01,FALSE POSITIVE,0,2.97600846,4.274,103.2,2.27,1892.0,3034.68,0.715,25.9,6208.0,3.898,2.088
K02266.01,CONFIRMED,2,1.003931703,1.4361,491.1,1.6,1419.0,962.58,0.023,25.2,4949.0,4.552,0.741
K02355.01,CONFIRMED,2,1.217000383,1.3285,459.8,1.58,1314.0,707.61,0.028,26.5,4859.0,4.545,0.757
K02356.01,CONFIRMED,2,13.6823798,4.153,179.6,1.43,802.0,97.74,0.595,17.0,6102.0,4.457,1.026
K02357.01,CANDIDATE,1,2.42088277,2.812,223.3,2.27,1616.0,1615.12,0.227,20.7,5583.0,4.077,1.53
K00257.01,CONFIRMED,2,6.88341278,2.0674,487.4,2.63,1080.0,321.63,0.083,35.4,6139.0,4.359,1.193
K02357.02,CANDIDATE,1,15.9042402,2.093,444.8,3.79,863.0,131.11,0.876,13.3,5583.0,4.077,1.53
K02358.01,CONFIRMED,2,56.4931698,8.704,411.9,4.43,681.0,50.79,0.707,31.8,6160.0,3.976,2.046
K02359.01,FALSE POSITIVE,0,3.17275711,5.404,313.2,1.27,966.0,206.07,0.03,30.1,5058.0,4.61,0.739
K02441.01,FALSE POSITIVE,0,4.79176993,4.52,116.6,0.81,883.0,143.74,0.372,23.0,5138.0,4.536,0.756
K02442.01,CONFIRMED,2,25.1933989,4.62,481.2,1.95,513.0,16.34,0.679,18.0,5009.0,4.491,0.84
K00264.01,FALSE POSITIVE,0,4.029810359,3.3316,111.1,1.77,1479.0,1132.21,0.45,62.8,5929.0,4.055,1.651
K02442.02,CONFIRMED,2,12.3101351,3.797,263.7,1.51,651.0,42.42,0.783,12.9,5009.0,4.491,0.84
K02443.01,CONFIRMED,2,6.79164656,3.343,102.6,1.01,994.0,230.81,0.121,18.5,5772.0,4.351,1.003
K02443.02,CONFIRMED,2,11.8376933,3.381,92.9,1.0,826.0,110.03,0.557,12.7,5772.0,4.351,1.003
K02444.01,CONFIRMED,2,18.5525162,4.385,771.5,2.53,612.0,33.14,0.78,17.2,5569.0,4.566,0.829
K02534.01,CONFIRMED,2,3.02558494,3.0008,128.3,1.62,1484.0,1148.47,0.839,23.8,6123.0,4.263,1.263
K00271.03,CONFIRMED,2,14.4359459,3.414,107.3,1.46,884.0,144.45,0.613,22.0,6075.0,4.264,1.352
K02534.02,CANDIDATE,1,5.42204257,2.952,79.1,1.39,1222.0,527.11,0.94,10.7,6123.0,4.263,1.263
K02535.01,CONFIRMED,2,48.8882668,6.468,462.8,2.96,386.0,5.23,0.988,13.5,4821.0,4.529,0.788
K02536.01,CONFIRMED,2,51.1319346,6.019,382.3,2.43,542.0,20.36,0.829,19.6,6071.0,4.353,1.107
K02538.01,CONFIRMED,2,39.8312536,2.442,388.8,1.46,420.0,7.33,0.24,15.8,5026.0,4.58,0.759
K02539.01,FALSE POSITIVE,0,5.26648126,1.964,97.8,1.07,1155.0,420.53,0.403,16.0,6204.0,4.394,1.065
K00279.01,CONFIRMED,2,28.45489091,8.1593,1418.6,6.08,769.0,82.7,0.5,244.7,6206.0,4.159,1.573
K02623.01,CONFIRMED,2,5.57654782,3.673,53.6,0.92,1183.0,462.81,0.45,13.2,6187.0,4.341,1.238
K02623.02,CANDIDATE,1,4.02664625,3.771,30.0,0.68,1318.0,715.51,0.094,8.9,6187.0,4.341,1.238
K02624.01,CONFIRMED,2,115.6863392,4.65,945.9,3.52,401.0,6.09,0.226,20.7,5800.0,4.327,1.149
K02625.01,CONFIRMED,2,3.81371423,1.973,281.0,1.37,1029.0,264.63,0.306,11.4,5547.0,4.571,0.82
K02626.01,CONFIRMED,2,38.0970717,4.307,913.3,1.58,242.0,0.81,0.953,17.0,3554.0,4.867,0.398
K02627.01,CONFIRMED,2,8.38395796,5.2,108.5,3.24,1285.0,645.64,0.892,14.1,5405.0,3.741,2.605
K01419.01,FALSE POSITIVE,0,1.336109338,1.7419,2204.3,35.19,1727.0,2106.49,1.28,150.0,6119.0,4.46,0.967
K00170.01,FALSE POSITIVE,0,15.60865244,6.26,311.4,6.17,1419.0,958.55,0.985,46.9,8014.0,3.94,2.43
K01420.01,CANDIDATE,1,13.35151248,3.6045,3308.8,4.44,585.0,27.77,0.573,107.9,4843.0,4.562,0.754
K01422.01,CONFIRMED,2,5.841636615,1.8734,1336.3,1.38,446.0,9.38,0.026,41.1,3526.0,4.866,0.383
K01422.02,CONFIRMED,2,19.85029495,2.8407,1607.5,1.52,297.0,1.83,0.217,34.4,3526.0,4.866,0.383
K01422.03,CONFIRMED,2,10.8644095,1.853,748.7,1.14,363.0,4.09,0.763,16.8,3526.0,4.866,0.383
K01422.04,CONFIRMED,2,63.3354719,3.651,983.0,1.18,202.0,0.39,0.029,13.0,3526.0,4.866,0.383
K00178.01,FALSE POSITIVE,0,6.14281498,4.624,122.0,1.82,1355.0,796.26,0.67,36.0,6495.0,4.128,1.554
K01498.02,CONFIRMED,2,2.42150341,2.965,171.5,1.62,1532.0,1305.04,0.55,15.8,6213.0,4.387,1.195
K01499.01,CONFIRMED,2,14.16400071,4.3031,728.1,2.35,694.0,54.95,0.027,71.5,5440.0,4.438,0.885
K01499.02,CANDIDATE,1,0.840594032,1.404,49.8,0.62,1780.0,2368.31,0.018,11.6,5440.0,4.438,0.885
K01499.03,CONFIRMED,2,6.20920207,2.637,101.9,0.89,914.0,164.98,0.272,12.1,5440.0,4.438,0.885
K01500.01,FALSE POSITIVE,0,3.351556891,2.4005,341.9,1.64,1074.0,314.73,0.129,38.8,5185.0,4.442,0.911
K01501.01,CONFIRMED,2,2.617028373,2.046,499.4,1.57,996.0,233.23,0.146,30.8,4831.0,4.568,0.724
K01569.01,CONFIRMED,2,13.75207851,2.8831,1215.6,2.81,556.0,22.57,0.836,36.8,4802.0,4.616,0.699
K01570.01,CONFIRMED,2,6.33855946,3.4617,721.7,3.31,1034.0,270.47,0.907,57.4,6108.0,4.466,1.03
K01571.01,FALSE POSITIVE,0,2.92878704,4.634,549.4,22.76,1239.0,556.77,1.212,47.7,5955.0,4.534,0.883
K01572.01,CONFIRMED,2,9.80321143,4.4617,813.4,2.99,896.0,152.12,0.663,53.1,6170.0,4.472,0.992
K01573.01,CONFIRMED,2,24.81097206,3.2245,2090.8,4.22,631.0,37.43,0.039,123.9,6086.0,4.511,0.921
K01573.02,CANDIDATE,1,7.136922,2.8005,221.6,1.38,956.0,197.05,0.072,23.7,6086.0,4.511,0.921
K01574.01,CONFIRMED,2,114.73658,12.0355,4850.0,12.28,476.0,12.13,0.595,230.6,5597.0,3.963,1.699
K01647.01,CONFIRMED,2,14.97031664,5.884,290.5,2.53,883.0,143.33,0.352,28.9,5726.0,4.123,1.483
K01647.02,CONFIRMED,2,32.2753853,8.622,223.9,2.31,683.0,51.5,0.608,17.9,5726.0,4.123,1.483
K01648.01,CONFIRMED,2,38.3262237,3.073,392.1,2.43,480.0,12.56,0.963,15.0,5229.0,4.441,0.903
K01649.01,CONFIRMED,2,4.04355245,1.965,416.2,1.75,613.0,33.34,0.984,21.2,3871.0,4.744,0.532
K01650.01,CONFIRMED,2,6.53194024,3.3351,771.9,3.09,907.0,159.66,0.83,39.6,5301.0,4.391,0.977
K01650.02,CONFIRMED,2,100.8276725,8.39,1778.8,4.35,364.0,4.16,0.676,36.7,5301.0,4.391,0.977
K01651.01,CONFIRMED,2,51.3011844,5.359,498.9,2.07,492.0,13.86,0.003,19.6,6032.0,4.508,0.929
K01740.01,FALSE POSITIVE,0,18.795269797,9.9816,28241.1,30.77,899.0,154.05,0.201,3596.6,5623.0,3.925,1.841
K01741.01,FALSE POSITIVE,0,5.803127153,4.9041,58570.0,19.04,886.0,145.32,0.006,639.3,5533.0,4.577,0.795
K01742.01,FALSE POSITIVE,0,4.70847097,6.0503,32622.1,19.58,1202.0,493.0,0.418,607.2,6214.0,4.391,1.061
K01744.01,FALSE POSITIVE,0,5.24372504,17.136,234.4,20.41,1017.0,253.25,1.201,51.6,5772.0,4.452,0.867
K01745.01,FALSE POSITIVE,0,0.982090079,1.44892,5396.7,29.95,1568.0,1426.18,1.278,304.1,5472.0,4.573,0.742
K01746.01,CONFIRMED,2,11.79161234,3.036,415.4,2.41,857.0,127.75,0.034,20.7,5619.0,4.264,1.199
K01747.01,CANDIDATE,1,20.55848388,1.449,677.3,36.9,624.0,35.76,1.334,20.8,5578.0,4.484,0.936
K01822.01,CONFIRMED,2,150.8783198,8.6797,659.9,4.37,423.0,7.56,0.022,70.6,5504.0,3.999,1.737
K00212.01,CANDIDATE,1,5.69590202,3.5661,4921.1,6.61,1043.0,279.61,0.049,391.2,6106.0,4.497,0.94
K01823.01,FALSE POSITIVE,0,4.468456599,1.4195,906.7,24.81,1081.0,321.94,1.207,39.1,5869.0,4.513,0.942
K01823.02,FALSE POSITIVE,0,1.096587245,3.0287,541.2,168.68,1726.0,2096.5,2.623,67.1,5869.0,4.513,0.942
K01824.01,CONFIRMED,2,3.553831111,3.1029,191.8,1.62,1292.0,658.37,0.74,77.4,6015.0,4.37,1.081
K01824.02,CONFIRMED,2,1.6783263,2.5123,146.3,1.57,1659.0,1797.15,0.91,76.1,6015.0,4.37,1.081
K01825.01,CONFIRMED,2,13.52252364,3.987,690.6,2.11,652.0,42.82,0.216,22.4,5338.0,4.557,0.816
K00220.02,CONFIRMED,2,4.12511935,2.877,114.7,0.88,1016.0,252.18,0.253,21.6,5598.0,4.565,0.83
K01894.01,CONFIRMED,2,5.28790754,8.5274,343.9,7.1,1661.0,1802.31,0.474,90.6,4994.0,3.433,3.818
K01895.01,CONFIRMED,2,8.45746636,2.2906,1320.3,1.87,540.0,20.08,0.209,21.8,4347.0,4.73,0.524
K01895.02,CONFIRMED,2,17.28116957,2.829,1562.8,2.04,425.0,7.75,0.206,20.3,4347.0,4.73,0.524
K01895.03,CONFIRMED,2,32.1340014,2.691,1262.0,1.84,346.0,3.39,0.256,11.8,4347.0,4.73,0.524
K01896.01,FALSE POSITIVE,0,1.854493861,4.2367,1287.3,29.39,1291.0,657.94,1.279,108.2,5431.0,4.563,0.843
K01897.01,CONFIRMED,2,59.7711433,4.843,574.5,3.17,522.0,17.53,0.899,38.5,6214.0,4.382,1.122
K01966.01,FALSE POSITIVE,0,2.95600563,2.6717,76.1,0.81,1211.0,509.55,0.408,35.5,5668.0,4.472,0.916
K01967.01,CONFIRMED,2,4.417692516,2.323,279.2,1.57,790.0,92.16,0.971,35.1,4766.0,4.645,0.664
K01968.01,CONFIRMED,2,10.08744556,2.9884,568.1,3.15,942.0,186.14,0.921,39.9,6310.0,4.417,1.095
K01969.01,CONFIRMED,2,16.34355902,5.474,829.4,3.26,730.0,67.34,0.716,34.0,5730.0,4.394,1.056
K01970.01,CONFIRMED,2,21.96401646,2.7509,693.4,2.57,643.0,40.41,0.483,26.9,5774.0,4.447,0.958
K01970.02,CONFIRMED,2,125.602323,7.105,925.7,2.89,360.0,3.95,0.065,23.3,5774.0,4.447,0.958
K01971.01,CONFIRMED,2,19.32945602,3.794,935.5,2.26,529.0,18.57,0.009,26.8,5026.0,4.604,0.763
K02038.04,CONFIRMED,2,25.2149143,5.76,174.1,1.19,559.0,23.05,0.599,9.9,5435.0,4.495,0.873
K02039.01,CONFIRMED,2,5.42586901,2.5342,259.0,1.48,973.0,211.66,0.1,26.1,5594.0,4.489,0.934
K02039.02,CONFIRMED,2,0.762132307,1.22,63.7,0.75,1872.0,2913.14,0.399,11.5,5594.0,4.489,0.934
K02040.01,CONFIRMED,2,19.58561177,1.755,532.9,3.09,666.0,46.51,0.964,27.1,5618.0,4.401,0.996
K02041.01,FALSE POSITIVE,0,1.5259105,3.114,83.9,2.63,2545.0,9917.8,0.986,14.3,6640.0,3.884,2.099
K02042.01,CANDIDATE,1,63.0732241,5.397,671.3,17.8,1077.0,317.78,0.746,30.0,6234.0,3.209,6.354
K02043.01,CONFIRMED,2,78.5461106,8.689,658.7,3.55,501.0,14.85,0.044,35.6,5808.0,4.172,1.397
K02113.02,CONFIRMED,2,12.33087921,3.0664,872.2,2.34,671.0,47.99,0.011,28.3,5376.0,4.576,0.806
K02114.01,CONFIRMED,2,4.421566535,2.1229,684.0,2.19,729.0,66.94,0.869,31.9,4299.0,4.604,0.697
K02115.01,CONFIRMED,2,15.72585941,3.8284,1313.1,2.69,602.0,31.13,0.122,32.7,5332.0,4.597,0.755
K02116.01,CONFIRMED,2,1.252753881,2.1472,200.0,2.44,2199.0,5545.35,0.4,40.5,5907.0,4.041,1.705
K02117.01,CONFIRMED,2,13.36019864,2.788,699.9,1.84,520.0,17.3,0.534,21.3,4500.0,4.638,0.688
K02118.01,FALSE POSITIVE,0,3.2136904,2.205,55.8,1.22,1591.0,1515.7,0.57,19.2,6184.0,4.151,1.579
K02119.01,CONFIRMED,2,0.571038347,1.1267,242.1,1.65,1897.0,3069.59,0.876,38.2,5132.0,4.457,0.886
K02187.01,FALSE POSITIVE,0,10.5856758,4.911,178.7,1.49,912.0,163.41,0.474,8.1,6246.0,4.433,1.092
K02188.01,FALSE POSITIVE,0,2.69633621,5.238,238.6,15.78,1334.0,749.66,1.141,26.5,6106.0,4.496,0.923
K02189.01,CANDIDATE,1,33.35859852,2.286,1825.9,4.44,459.0,10.46,0.937,32.2,5009.0,4.515,0.799
K02190.01,FALSE POSITIVE,0,11.2580745,23.516,713.3,2.14,497.0,14.44,0.955,55.4,4257.0,4.691,0.586
K02191.01,CONFIRMED,2,8.84784273,2.0572,460.2,1.15,479.0,12.48,0.047,21.1,3867.0,4.718,0.552
K02192.01,FALSE POSITIVE,0,1.541350116,3.29,378.0,1.5,1273.0,619.14,0.272,51.7,5150.0,4.59,0.784
K02193.01,CONFIRMED,2,2.361724472,1.2167,587.0,1.53,922.0,170.59,0.009,34.6,4478.0,4.615,0.651
K02267.01,FALSE POSITIVE,0,9.06557317,1.6208,243.4,1.46,880.0,141.9,0.432,24.9,6075.0,4.51,0.916
K02269.01,FALSE POSITIVE,0,0.614083885,0.9817,389.5,2.55,2603.0,10827.22,0.106,36.4,6521.0,4.352,1.276
K02270.01,FALSE POSITIVE,0,7.35390869,2.061,92.9,2.29,1483.0,1141.53,0.375,11.1,6385.0,3.868,2.327
K02271.01,CONFIRMED,2,55.8224775,5.457,879.6,2.13,379.0,4.85,0.031,23.7,5162.0,4.611,0.736
K02272.01,FALSE POSITIVE,0,1.34145255,7.502,26.6,1.31,3015.0,19568.74,0.68,31.2,7495.0,3.926,2.389
K02273.01,CONFIRMED,2,6.11010439,2.314,59.7,0.93,1125.0,378.84,0.284,11.8,6213.0,4.387,1.195
K00251.02,CONFIRMED,2,5.77440326,1.768,245.3,0.8,529.0,18.6,0.425,11.8,3808.0,4.754,0.508
K02360.01,FALSE POSITIVE,0,2.30367952,3.0898,136.4,1.3,1384.0,866.21,0.964,18.9,6191.0,4.546,0.865
K02361.01,CONFIRMED,2,5.78387049,1.3966,413.3,2.07,1051.0,288.69,0.227,20.7,6063.0,4.476,1.012
K02362.01,FALSE POSITIVE,0,2.237180102,1.4734,493.8,1.75,1134.0,390.02,0.374,23.3,5080.0,4.538,0.793
K02362.02,CONFIRMED,2,11.08507658,1.751,771.8,2.5,665.0,46.17,0.819,17.7,5080.0,4.538,0.793
K02363.01,CONFIRMED,2,3.13877646,1.6663,174.1,0.97,1022.0,257.32,0.436,20.2,5242.0,4.556,0.722
K02364.01,FALSE POSITIVE,0,5.24242029,6.413,334.9,3.86,1367.0,825.0,0.863,20.1,5383.0,3.824,1.829
K02365.01,CONFIRMED,2,35.9682692,2.839,269.7,2.95,674.0,48.68,0.883,21.0,5883.0,4.149,1.529
K02445.01,CANDIDATE,1,47.3659328,7.929,757.0,11.97,481.0,12.62,1.085,16.0,5708.0,4.482,0.902
K02446.01,FALSE POSITIVE,0,8.48031302,5.988,107.0,2.74,1510.0,1229.56,0.765,20.2,6541.0,3.778,2.43
K02447.01,FALSE POSITIVE,0,1.045492348,2.933,28.7,0.83,2291.0,6522.69,0.708,21.7,6057.0,4.088,1.457
K02448.01,CONFIRMED,2,13.62801048,3.5374,912.8,3.28,639.0,39.48,0.927,26.7,5052.0,4.48,0.855
K02449.01,CANDIDATE,1,53.3580444,6.812,736.1,3.41,474.0,11.94,0.905,19.7,5481.0,4.369,1.036
K02449.02,CANDIDATE,1,0.912351255,1.072,111.8,1.46,1840.0,2705.58,0.956,9.1,5481.0,4.369,1.036
K00265.01,CONFIRMED,2,3.568099612,3.2131,98.4,1.36,1407.0,926.89,0.531,52.5,6007.0,4.232,1.334
K02540.01,FALSE POSITIVE,0,2.67596808,2.021,420.6,1.57,998.0,234.19,0.115,17.5,4732.0,4.53,0.795
K02541.01,CONFIRMED,2,7.41683033,7.274,72.6,3.36,1425.0,973.85,0.873,20.6,4938.0,3.45,3.324
K02541.02,CONFIRMED,2,20.4853893,10.229,89.5,3.6,1015.0,251.16,0.834,17.9,4938.0,3.45,3.324
K02542.01,CONFIRMED,2,0.727331746,0.8323,357.4,0.67,849.0,122.92,0.153,20.4,3460.0,4.92,0.356
K02543.01,CONFIRMED,2,1.302017467,1.3692,290.5,1.37,1344.0,772.73,0.286,21.4,4948.0,4.508,0.816
K00272.01,FALSE POSITIVE,0,1.28132831,0.9157,525.5,4.52,2215.0,5673.71,0.926,196.4,5918.0,3.978,1.596
K02544.01,CONFIRMED,2,28.6253502,4.551,652.7,2.38,573.0,25.54,0.021,18.3,5774.0,4.508,0.941
K01341.01,CONFIRMED,2,4.51436096,3.0083,230.7,1.84,1231.0,543.73,0.118,28.4,5940.0,4.306,1.215
K01342.01,CONFIRMED,2,3.77359871,2.7282,176.0,1.29,1270.0,614.52,0.0,25.6,6224.0,4.404,0.969
K01342.02,CONFIRMED,2,8.18182189,2.4566,299.6,1.77,981.0,218.9,0.655,27.4,6224.0,4.404,0.969
K00163.01,CONFIRMED,2,11.1199028,3.3759,636.3,2.08,649.0,42.07,0.72,100.3,5078.0,4.581,0.766
K01343.01,FALSE POSITIVE,0,1.544927524,1.0134,138.5,1.39,1824.0,2606.96,0.533,25.4,6309.0,4.34,1.132
K01344.01,CONFIRMED,2,4.48758768,2.874,112.0,1.37,1305.0,684.07,0.532,25.9,6060.0,4.227,1.257
K01346.01,FALSE POSITIVE,0,4.70818628,3.278,56545.0,42.99,1046.0,282.41,1.082,24.7,5868.0,4.53,0.894
K01422.05,CONFIRMED,2,34.1420506,2.945,788.0,1.06,248.0,0.89,0.105,13.3,3526.0,4.866,0.383
K01423.01,CONFIRMED,2,124.4197175,3.7197,4107.0,10.3,416.0,7.07,0.017,39.9,5066.0,3.974,1.659
K01424.01,CONFIRMED,2,1.219568047,1.5681,494.9,1.51,1252.0,578.96,0.067,65.9,4838.0,4.625,0.701
K01425.01,CONFIRMED,2,2.05388477,2.1635,546.7,2.74,1523.0,1271.11,0.282,50.0,5632.0,4.282,1.176
K01426.01,CONFIRMED,2,38.86848956,6.0573,1004.9,2.81,509.0,15.89,0.028,73.4,5618.0,4.46,0.897
K00171.01,CONFIRMED,2,5.968724048,3.651,510.6,3.26,1251.0,579.9,0.166,107.1,6122.0,4.173,1.439
K01426.02,CONFIRMED,2,74.92768653,4.74,4119.2,6.39,409.0,6.62,0.796,161.5,5618.0,4.46,0.897
K01502.01,FALSE POSITIVE,0,1.876406096,1.531,433.8,1.57,1192.0,476.68,0.302,37.0,5198.0,4.6,0.759
K01503.01,CONFIRMED,2,150.2412582,10.849,2378.5,4.6,327.0,2.72,0.345,72.3,5604.0,4.451,0.943
K01504.01,FALSE POSITIVE,0,2.178154348,3.4874,428.6,22.22,1392.0,886.88,1.21,93.0,5947.0,4.482,0.881
K01505.01,CONFIRMED,2,5.03257009,4.213,439.1,2.53,1047.0,283.49,0.97,26.3,5970.0,4.521,0.908
K00179.01,CONFIRMED,2,20.74028645,10.3939,1023.3,4.24,798.0,95.68,0.431,155.3,6226.0,4.264,1.299
K01506.01,CONFIRMED,2,40.4286676,7.102,916.1,2.92,494.0,14.08,0.872,40.9,5813.0,4.561,0.833
K01574.02,CONFIRMED,2,191.239133,16.942,1061.2,6.47,401.0,6.14,0.876,36.8,5597.0,3.963,1.699
K01574.03,CANDIDATE,1,5.83393857,4.5813,134.4,1.98,1285.0,642.83,0.398,17.6,5597.0,3.963,1.699
K01574.04,CANDIDATE,1,8.9772888,4.72,97.5,1.79,1113.0,362.75,0.702,10.3,5597.0,3.963,1.699
K00187.01,FALSE POSITIVE,0,30.882538697,5.3737,24012.0,15.4,593.0,29.12,0.197,1266.2,6014.0,4.486,0.993
K01575.01,FALSE POSITIVE,0,24.3282251,6.158,1120.6,294.02,520.0,17.33,4.426,26.4,5286.0,4.59,0.78
K01576.01,CONFIRMED,2,10.41572666,2.7719,825.3,3.01,797.0,95.64,0.682,69.3,5511.0,4.426,0.987
K01576.02,CONFIRMED,2,13.08424286,3.0401,662.0,2.71,739.0,70.51,0.701,51.2,5511.0,4.426,0.987
K01652.01,FALSE POSITIVE,0,1.083736642,1.57912,8930.8,237.84,3641.0,41465.78,1.265,954.2,5591.0,3.227,5.618
K01653.01,FALSE POSITIVE,0,2.45570369,3.1,273.8,55.95,1891.0,3017.14,1.205,23.5,5148.0,3.624,2.314
K00194.01,CONFIRMED,2,3.120828136,2.1878,16456.0,14.16,1303.0,680.79,0.784,113.5,6122.0,4.471,0.996
K01654.01,FALSE POSITIVE,0,1.097211085,1.6738,38946.0,16.07,740.0,71.01,1.145,83.5,3497.0,4.92,0.334
K01655.01,CONFIRMED,2,0.938466959,1.3015,217.4,1.58,1876.0,2919.17,0.054,54.4,5499.0,4.323,1.087
K01656.01,CANDIDATE,1,51.3901452,5.995,494.0,3.62,570.0,24.98,0.946,15.4,6074.0,4.284,1.292
K01657.01,FALSE POSITIVE,0,3.88673217,20.491,761.7,21.04,1050.0,287.4,1.223,119.0,5798.0,4.589,0.767
K01748.01,FALSE POSITIVE,0,3.549386251,2.4342,50664.0,24.15,1142.0,402.76,0.818,108.2,5759.0,4.495,0.892
K01749.01,CONFIRMED,2,26.964501,3.792,601.7,2.2,573.0,25.56,0.006,20.1,5754.0,4.534,0.905
K01750.01,CONFIRMED,2,7.76845639,3.689,217.8,1.35,841.0,118.09,0.353,23.6,5447.0,4.481,0.917
K00203.01,CONFIRMED,2,1.485710994,2.2874,20823.9,14.48,1562.0,1404.81,0.105,1176.6,5624.0,4.432,1.018
K01750.02,CANDIDATE,1,2.53742164,1.563,104.5,0.93,1220.0,525.68,0.285,12.8,5447.0,4.481,0.917
K01751.01,CONFIRMED,2,8.689301216,2.563,1117.0,2.92,782.0,88.24,0.029,70.9,5211.0,4.447,0.895
K01751.02,CONFIRMED,2,20.99757968,2.454,1131.8,2.97,582.0,27.2,0.277,44.7,5211.0,4.447,0.895
K01826.01,CONFIRMED,2,134.2520474,9.0636,832.1,3.43,393.0,5.63,0.001,57.2,5818.0,4.276,1.2
K01827.01,FALSE POSITIVE,0,8.58966893,6.962,429.6,155.18,4900.0,136317.25,0.012,47.5,3837.0,0.829,80.307
K01828.01,CONFIRMED,2,99.7468804,6.804,1287.0,3.94,391.0,5.55,0.828,45.6,5620.0,4.363,0.974
K01829.01,FALSE POSITIVE,0,22.84156293,2.5997,2940.7,30.0,557.0,22.78,1.267,47.6,5381.0,4.538,0.826
K01830.01,CONFIRMED,2,13.22714056,3.2861,812.0,2.22,638.0,39.1,0.013,51.8,5180.0,4.548,0.8
K00213.01,FALSE POSITIVE,0,48.118812545,5.27958,69850.7,45.18,490.0,13.6,1.079,2145.1,6003.0,4.536,0.872
K01830.02,CONFIRMED,2,198.7106251,8.638,2094.8,3.56,258.0,1.05,0.026,62.1,5180.0,4.548,0.8
K01898.01,CONFIRMED,2,6.4980147,2.4384,190.9,1.87,1026.0,262.18,0.92,41.2,5727.0,4.328,1.104
K01899.01,CONFIRMED,2,19.76169247,3.9097,392.5,2.81,791.0,92.38,0.924,35.3,6327.0,4.327,1.175
K01899.02,CANDIDATE,1,10.5226374,3.864,68.9,1.08,976.0,213.96,0.806,8.9,6327.0,4.327,1.175
K01900.01,CONFIRMED,2,5.18498961,2.1397,430.1,1.15,652.0,42.62,0.021,36.4,4325.0,4.68,0.56
K00221.01,CONFIRMED,2,3.413036353,2.61366,3868.7,6.62,1200.0,490.24,0.046,480.7,5392.0,4.314,1.087
K01901.01,CONFIRMED,2,85.6542476,6.866,476.0,3.56,522.0,17.51,0.012,36.6,5818.0,4.065,1.647
K01902.01,FALSE POSITIVE,0,137.8645881,1.922,2363.0,15.9,170.0,0.2,1.265,28.2,3645.0,4.797,0.449
K01972.01,CANDIDATE,1,17.79108667,2.662,414.2,2.88,830.0,112.09,0.654,39.8,5855.0,4.148,1.34
K01972.02,CONFIRMED,2,1.226223959,2.1689,56.1,1.0,2024.0,3973.86,0.005,18.9,5855.0,4.148,1.34
K01973.01,CONFIRMED,2,3.290114076,1.5151,645.3,1.49,802.0,97.96,0.203,30.3,4484.0,4.654,0.594
K00230.01,FALSE POSITIVE,0,4.702495974,2.3421,4787.3,37.24,981.0,219.08,1.303,101.1,5408.0,4.476,0.878
K01974.01,CONFIRMED,2,109.4450597,3.792,1269.6,3.04,340.0,3.14,0.149,30.1,5403.0,4.5,0.868
K01975.01,CONFIRMED,2,7.56052209,3.8573,659.8,2.4,914.0,164.9,0.022,34.6,5895.0,4.503,0.94
K01976.01,CONFIRMED,2,12.12401737,3.3091,788.4,2.37,675.0,48.98,0.029,40.1,5094.0,4.469,0.87
K02044.01,CONFIRMED,2,16.92342126,4.1864,1125.3,3.4,702.0,57.37,0.515,40.8,5786.0,4.465,0.99
K02045.01,CONFIRMED,2,5.47665801,2.5482,648.0,2.01,741.0,71.0,0.788,32.1,4650.0,4.589,0.706
K00236.01,FALSE POSITIVE,0,5.77675928,6.789,3522.5,32.77,954.0,195.79,1.272,141.4,5544.0,4.435,0.875
K02045.02,CONFIRMED,2,24.2101973,4.046,458.0,1.5,451.0,9.8,0.45,14.1,4650.0,4.589,0.706
K02045.03,CONFIRMED,2,16.9348104,3.408,346.3,1.31,508.0,15.77,0.471,11.5,4650.0,4.589,0.706
K02046.01,CONFIRMED,2,23.8990075,15.955,293.4,3.26,823.0,108.3,0.153,61.5,5511.0,3.914,1.93
K02047.01,CONFIRMED,2,6.22161107,3.4117,165.0,1.59,1101.0,348.15,0.838,29.0,6277.0,4.417,1.097
K02120.01,CONFIRMED,2,8.77425786,2.2245,239.6,1.75,771.0,83.63,0.917,22.3,5146.0,4.445,0.905
K00241.03,CONFIRMED,2,3.41045981,2.866,136.2,1.06,892.0,149.88,0.971,22.5,4983.0,4.66,0.651
K02121.01,CONFIRMED,2,4.51005082,2.1533,294.8,1.74,1063.0,301.74,0.115,21.5,5362.0,4.352,1.032
K02122.01,CONFIRMED,2,37.6468519,6.344,427.4,5.37,787.0,90.85,0.008,31.0,5443.0,3.74,2.652
K02123.01,CONFIRMED,2,29.4557841,3.451,533.8,2.19,598.0,30.3,0.018,26.6,6036.0,4.491,0.949
K02124.01,CANDIDATE,1,42.3375799,4.924,354.8,1.45,311.0,2.21,0.947,18.1,4132.0,4.682,0.581
K02125.01,CONFIRMED,2,23.3593589,5.389,570.1,2.98,684.0,51.68,0.94,25.9,6244.0,4.46,1.009
K00248.01,CONFIRMED,2,7.203855862,2.5418,1765.9,2.25,509.0,15.87,0.037,101.1,3834.0,4.708,0.539
K02194.01,CONFIRMED,2,34.7630543,4.309,293.7,1.75,554.0,22.23,0.731,24.0,5670.0,4.387,0.95
K02194.02,CONFIRMED,2,67.968656,7.948,321.8,1.71,443.0,9.09,0.317,27.3,5670.0,4.387,0.95
K02194.03,CANDIDATE,1,445.21685,16.37,211.6,1.37,237.0,0.74,0.0,11.1,5670.0,4.387,0.95
K02195.01,CONFIRMED,2,20.0545282,7.173,305.4,2.63,755.0,76.97,0.939,26.9,6056.0,4.332,1.209
K02195.02,CONFIRMED,2,30.0899459,6.654,242.6,2.25,660.0,44.79,0.907,16.6,6056.0,4.332,1.209
K02195.03,CONFIRMED,2,6.84978728,4.919,139.2,1.83,1081.0,322.19,0.954,17.0,6056.0,4.332,1.209
K02274.01,CONFIRMED,2,9.98970266,3.7,988.4,2.48,705.0,58.26,0.005,24.1,5265.0,4.58,0.81
K02275.01,FALSE POSITIVE,0,15.7455586,13.877,161.1,1.41,743.0,71.98,0.889,37.6,6089.0,4.495,0.95
K02276.01,CONFIRMED,2,1.442592305,2.9698,166.0,2.67,2700.0,12557.23,0.207,27.1,7216.0,3.983,2.043
K02277.01,FALSE POSITIVE,0,2.62982665,6.213,126.4,17.88,1968.0,3542.64,1.077,24.6,6712.0,4.053,1.846
K02278.01,CONFIRMED,2,14.17222858,2.6297,246.8,2.39,873.0,137.33,0.869,24.5,5845.0,4.2,1.314
K02278.02,CONFIRMED,2,4.92031063,4.046,81.0,1.18,1242.0,562.99,0.242,17.7,5845.0,4.2,1.314
K02279.01,CONFIRMED,2,27.0142622,5.385,287.6,2.0,677.0,49.65,0.009,25.5,5949.0,4.303,1.184
K00258.01,FALSE POSITIVE,0,4.15743922,9.572,1472.0,96.99,2089.0,4503.26,1.242,52.5,6529.0,3.657,3.131
K02365.02,CONFIRMED,2,110.978266,11.312,150.2,1.86,463.0,10.84,0.074,14.0,5883.0,4.149,1.529
K02366.01,CONFIRMED,2,25.3690868,4.746,110.1,1.67,755.0,76.9,0.845,21.6,6126.0,4.224,1.406
K02367.01,CONFIRMED,2,6.89213244,1.725,82.0,1.35,1177.0,454.45,0.541,17.3,6164.0,4.227,1.446
K02368.01,CONFIRMED,2,8.07127043,2.393,318.2,1.53,856.0,126.94,0.271,16.9,5766.0,4.517,0.853
K02369.01,CONFIRMED,2,11.01819178,4.635,545.7,2.64,840.0,117.97,0.883,22.0,6075.0,4.486,0.969
K02369.03,CANDIDATE,1,7.2274321,4.967,173.3,1.28,967.0,206.77,0.003,9.2,6075.0,4.486,0.969
K02450.01,CONFIRMED,2,16.83203175,4.031,326.0,1.86,690.0,53.44,0.533,21.6,5518.0,4.4,1.008
K02450.02,CANDIDATE,1,7.1931193,2.935,125.6,1.12,916.0,166.3,0.296,10.7,5518.0,4.4,1.008
K02451.01,FALSE POSITIVE,0,13.37499553,1.639,458.1,2.01,703.0,57.85,0.045,16.9,5263.0,4.404,0.961
K02452.01,FALSE POSITIVE,0,4.35370136,1.913,168.9,1.33,1179.0,456.83,0.535,12.2,5992.0,4.382,0.985
K02453.01,CANDIDATE,1,1.530515205,0.5945,659.7,0.84,608.0,32.46,0.882,23.2,3462.0,5.004,0.259
K02454.01,FALSE POSITIVE,0,1.08070294,3.363,145.6,1.04,1565.0,1419.52,0.688,17.6,5482.0,4.539,0.813
K02455.01,FALSE POSITIVE,0,4.74254518,1.023,305.7,1.77,1118.0,369.34,0.051,13.2,6046.0,4.478,1.007
K02545.01,CONFIRMED,2,6.98141327,6.527,38.0,1.42,1384.0,865.81,0.699,20.9,6054.0,3.923,2.163
K02546.01,FALSE POSITIVE,0,1.319677953,1.978,100.7,1.13,1843.0,2729.71,0.62,17.4,6306.0,4.426,1.076
K02547.01,CONFIRMED,2,8.94337724,2.469,215.1,1.48,946.0,188.93,0.163,18.4,6074.0,4.375,1.005
K02548.01,CANDIDATE,1,0.827151296,1.385,272.4,19.1,5171.0,168151.39,0.281,8.1,4452.0,2.28,11.895
K02549.01,FALSE POSITIVE,0,3.54789928,2.861,185.3,0.99,987.0,224.45,0.325,13.6,5399.0,4.619,0.725
K02550.01,CANDIDATE,1,18.0243482,3.575,441.2,1.98,683.0,51.44,0.57,17.3,5955.0,4.52,0.91
K02551.01,CANDIDATE,1,16.4793229,3.312,479.1,1.53,537.0,19.62,0.263,13.8,4908.0,4.618,0.716
K01347.01,FALSE POSITIVE,0,14.405857436,5.48509,30430.6,23.42,888.0,146.95,0.001,2294.1,5945.0,4.196,1.346
K01348.01,FALSE POSITIVE,0,7.702374154,3.8459,18377.0,225.25,825.0,109.38,3.346,157.2,5598.0,4.565,0.83
K01349.01,FALSE POSITIVE,0,16.66216657,3.8762,27442.0,843.45,834.0,114.41,7.444,114.5,6440.0,4.38,1.169
K01350.01,FALSE POSITIVE,0,0.752159702,2.3621,3425.0,43.73,2224.0,5767.22,1.272,291.1,5916.0,4.296,1.175
K01351.01,FALSE POSITIVE,0,10.72396374,3.8439,13518.0,39.84,783.0,88.64,1.25,127.7,5582.0,4.445,0.905
K01352.01,FALSE POSITIVE,0,4.81886153,6.223,1318.6,2.96,803.0,98.29,0.924,86.3,5030.0,4.658,0.651
K01353.01,CONFIRMED,2,125.86540191,9.0191,12389.5,12.37,394.0,5.71,0.101,544.7,5933.0,4.342,1.115
K01426.03,CONFIRMED,2,150.0189511,4.3823,4319.7,32.6,325.0,2.62,1.252,106.2,5618.0,4.46,0.897
K01427.01,CONFIRMED,2,2.613020421,1.9588,599.7,1.5,713.0,61.24,0.891,31.1,3883.0,4.725,0.517
K01427.02,CANDIDATE,1,4.88446644,2.057,221.0,0.84,579.0,26.5,0.776,9.1,3883.0,4.725,0.517
K01428.01,CONFIRMED,2,0.927859786,1.4279,515.3,1.79,1361.0,813.3,0.795,99.8,4815.0,4.631,0.699
K01429.01,CONFIRMED,2,205.912735,9.992,2378.8,4.68,298.0,1.85,0.196,49.4,5644.0,4.457,0.969
K01430.01,CONFIRMED,2,10.47548084,2.3024,1070.7,2.11,540.0,20.15,0.664,40.3,4463.0,4.677,0.611
K01430.02,CONFIRMED,2,22.92886314,2.0831,908.9,2.08,416.0,7.09,0.805,21.3,4463.0,4.677,0.611
K01507.01,CONFIRMED,2,21.3588236,5.823,640.1,2.52,691.0,53.89,0.092,33.2,6170.0,4.472,0.992
K01508.01,CONFIRMED,2,22.0459163,5.22,804.8,3.05,640.0,39.69,0.837,29.7,5900.0,4.509,0.951
K01509.01,FALSE POSITIVE,0,49.6456235,23.568,857.5,43.41,648.0,41.57,1.236,176.5,6273.0,4.129,1.493
K01510.01,CANDIDATE,1,0.839961456,1.3008,492.9,1.63,1455.0,1066.37,0.548,35.1,4932.0,4.618,0.718
K01511.01,CONFIRMED,2,2.578852119,2.3581,334.3,1.63,1230.0,540.56,0.625,36.7,5743.0,4.553,0.853
K01512.01,FALSE POSITIVE,0,9.04189129,2.789,783.4,3.24,729.0,66.83,0.967,34.5,5237.0,4.572,0.826
K01513.01,FALSE POSITIVE,0,0.798200403,1.8261,396.8,24.03,2128.0,4875.01,1.193,65.9,6258.0,4.449,1.031
K01577.01,CONFIRMED,2,2.806243488,1.6271,599.6,1.41,771.0,83.53,0.043,22.4,4153.0,4.684,0.581
K01578.01,FALSE POSITIVE,0,2.27190723,5.383,149.0,1.12,1318.0,714.27,0.719,36.8,5788.0,4.506,0.856
K01579.01,FALSE POSITIVE,0,7.132351753,2.9674,744.1,49.34,1579.0,1466.12,1.206,91.2,7530.0,4.08,1.93
K01580.01,FALSE POSITIVE,0,21.3781146,19.359,556.1,3.18,727.0,65.94,0.906,35.4,6218.0,4.417,1.131
K01581.01,CONFIRMED,2,29.5422566,13.902,879.9,3.15,515.0,16.56,0.959,39.5,5510.0,4.572,0.803
K01581.02,CONFIRMED,2,144.551628,16.599,1035.2,3.06,303.0,1.99,0.887,27.1,5510.0,4.572,0.803
K01582.01,CANDIDATE,1,186.4361811,5.774,4347.0,11.32,353.0,3.66,0.921,66.5,5393.0,4.132,1.37
K01658.01,CONFIRMED,2,1.544928892,1.43586,5817.3,13.43,1997.0,3765.46,0.918,1109.7,6309.0,4.199,1.412
K01659.01,CONFIRMED,2,29.5390897,4.139,403.3,2.51,714.0,61.49,0.213,18.8,6572.0,4.365,1.238
K01660.01,CANDIDATE,1,35.6364022,4.888,452.6,1.99,537.0,19.62,0.654,15.7,5926.0,4.532,0.887
K01661.01,FALSE POSITIVE,0,0.94773253,1.7645,11306.0,45.58,2321.0,6862.81,1.186,103.9,6302.0,4.183,1.269
K01662.01,FALSE POSITIVE,0,0.784031658,0.7773,352.2,1.55,1705.0,1995.65,0.102,28.2,5435.0,4.578,0.824
K01663.01,FALSE POSITIVE,0,11.76921923,3.219,519.3,3.12,868.0,134.04,0.964,27.4,6215.0,4.44,1.052
K00195.01,CONFIRMED,2,3.217518511,2.11481,14319.4,11.38,1185.0,464.73,0.638,1287.4,5720.0,4.473,0.903
K01752.01,FALSE POSITIVE,0,16.6094904,3.189,272.9,1.82,766.0,81.28,0.631,12.7,6047.0,4.395,1.05
K01753.01,FALSE POSITIVE,0,0.979442525,1.0348,469.3,1.64,1567.0,1420.01,0.388,27.0,5532.0,4.607,0.745
K01754.01,CONFIRMED,2,15.13590453,2.236,255.7,2.57,933.0,179.16,0.46,19.8,6050.0,4.137,1.572
K01755.01,FALSE POSITIVE,0,6.14631207,3.803,891.1,4.79,1260.0,594.72,0.937,20.3,6726.0,4.335,1.31
K01757.01,FALSE POSITIVE,0,5.548250634,6.06772,42873.4,21.49,1088.0,331.99,0.296,1170.5,6124.0,4.455,1.028
K01758.01,CANDIDATE,1,5.59728249,1.795,1407.3,3.28,930.0,176.53,0.473,30.8,5610.0,4.551,0.858
K01759.01,FALSE POSITIVE,0,1.334104585,3.14624,61690.8,44.9,1880.0,2954.64,0.986,1334.6,6319.0,4.373,1.083
K01831.01,CONFIRMED,2,51.8098276,6.343,1025.4,2.6,410.0,6.71,0.273,56.8,5191.0,4.53,0.826
K01831.02,CONFIRMED,2,4.38536428,2.5126,198.5,1.15,935.0,180.22,0.335,25.9,5191.0,4.53,0.826
K01831.03,CONFIRMED,2,34.205785079,5.1691,183.2,1.1,471.0,11.67,0.319,11.6,5191.0,4.53,0.826
K01831.04,CONFIRMED,2,13.97945055,1.2325,356.1,1.97,635.0,38.44,0.924,17.1,5191.0,4.53,0.826
K01832.01,CONFIRMED,2,4.544436472,1.8141,879.3,3.0,1017.0,253.48,0.731,42.5,5445.0,4.458,0.937
K01832.02,CONFIRMED,2,12.76220558,2.0688,653.8,3.18,721.0,63.86,0.955,17.4,5445.0,4.458,0.937
K01832.03,CONFIRMED,2,38.7149617,3.441,694.8,2.62,498.0,14.55,0.691,16.2,5445.0,4.458,0.937
K01903.01,FALSE POSITIVE,0,1.540395781,1.6305,173.4,0.94,1211.0,510.22,0.062,46.6,4955.0,4.592,0.735
K01904.01,CONFIRMED,2,12.43929428,3.176,254.3,1.3,627.0,36.57,0.663,24.9,4987.0,4.531,0.773
K01905.01,CONFIRMED,2,7.62635494,2.4168,296.1,1.21,703.0,57.89,0.237,32.5,4955.0,4.61,0.721
K01905.02,CONFIRMED,2,15.99560373,3.471,221.7,1.04,550.0,21.54,0.088,20.0,4955.0,4.61,0.721
K01905.03,CONFIRMED,2,34.2115022,4.947,273.8,1.15,427.0,7.82,0.034,20.7,4955.0,4.61,0.721
K01906.01,CANDIDATE,1,8.710442022,0.9425,1196.4,3.61,760.0,78.75,0.935,42.6,5416.0,4.575,0.809
K01907.01,CONFIRMED,2,11.35010642,2.2792,1221.0,1.75,403.0,6.25,0.035,38.3,3597.0,4.734,0.514
K01977.01,CONFIRMED,2,9.38740646,1.6165,384.6,1.69,575.0,25.83,0.946,22.3,4500.0,4.656,0.646
K01977.02,CONFIRMED,2,7.41556471,1.973,150.4,0.79,622.0,35.37,0.434,11.8,4500.0,4.656,0.646
K01978.01,CONFIRMED,2,6.51112385,1.6919,695.1,3.09,1008.0,243.67,0.882,38.4,6032.0,4.465,1.001
K01978.02,CONFIRMED,2,23.85163321,2.4453,833.7,3.37,654.0,43.19,0.88,28.6,6032.0,4.465,1.001
K01979.01,CONFIRMED,2,2.714078374,1.3115,143.5,1.38,1301.0,675.86,0.868,36.8,5815.0,4.461,0.992
K01980.01,CONFIRMED,2,122.8799543,7.835,717.7,2.7,326.0,2.66,0.872,41.9,5413.0,4.51,0.861
K01981.01,CONFIRMED,2,1.06378861,1.072,251.5,1.61,1650.0,1761.19,0.466,21.5,5265.0,4.4,1.002
K02048.01,CONFIRMED,2,6.17998508,2.1094,750.5,2.12,814.0,104.06,0.175,29.0,5149.0,4.551,0.791
K02049.01,CONFIRMED,2,1.569066598,2.7803,147.2,1.68,1849.0,2763.39,0.097,48.7,5821.0,4.172,1.395
K02050.01,FALSE POSITIVE,0,75.3787816,5.268,387.7,1.6,360.0,3.97,0.046,30.1,5061.0,4.488,0.841
K02050.02,CANDIDATE,1,3.17796408,0.542,47.7,0.74,1034.0,270.25,0.901,6.0,5061.0,4.488,0.841
K02051.01,CONFIRMED,2,25.7626846,6.908,619.5,2.66,633.0,37.99,0.327,38.0,5739.0,4.381,1.069
K02051.02,CONFIRMED,2,11.0317836,4.753,182.3,1.45,840.0,117.67,0.405,14.1,5739.0,4.381,1.069
K00237.01,CONFIRMED,2,8.508333104,3.4559,646.5,2.6,909.0,161.66,0.004,93.4,5767.0,4.396,1.03
K02126.01,CONFIRMED,2,9.69310837,2.734,1130.7,2.12,609.0,32.4,0.534,30.4,4818.0,4.639,0.618
K02127.01,FALSE POSITIVE,0,2.87066026,1.541,450.8,1.72,1196.0,484.17,0.286,13.2,5910.0,4.578,0.796
K02128.01,FALSE POSITIVE,0,24.2598301,3.897,1540.3,25.42,547.0,21.13,1.244,26.3,5485.0,4.574,0.805
K02129.01,CONFIRMED,2,8.79618433,3.3781,286.3,1.77,938.0,183.26,0.05,27.0,6142.0,4.456,1.046
K02130.01,CONFIRMED,2,16.85592593,2.309,871.5,1.7,408.0,6.52,0.038,19.5,3967.0,4.674,0.587
K00242.01,FALSE POSITIVE,0,7.258450123,5.7297,3714.7,5.53,880.0,141.3,0.05,288.6,5638.0,4.513,0.92
K02131.01,CONFIRMED,2,14.36270451,4.564,349.4,2.31,918.0,167.88,0.272,26.8,6643.0,4.357,1.216
K02196.01,FALSE POSITIVE,0,1.205412526,1.537,109.2,12.6,1988.0,3681.8,1.092,17.2,6292.0,4.32,1.122
K02197.01,FALSE POSITIVE,0,1.710316235,3.614,409.4,23.38,1647.0,1740.08,1.174,31.2,6147.0,4.435,1.096
K02198.01,CONFIRMED,2,23.9210408,5.174,158.3,3.01,1020.0,255.65,0.936,21.9,7121.0,4.031,1.972
K02199.01,CONFIRMED,2,9.03326435,2.857,610.7,1.96,729.0,66.89,0.455,18.3,5311.0,4.588,0.788
K00248.02,CONFIRMED,2,10.91274065,2.1801,1387.2,2.13,443.0,9.12,0.685,57.4,3834.0,4.708,0.539
K02199.02,CANDIDATE,1,3.05293416,2.155,227.5,1.18,1047.0,284.82,0.328,10.1,5311.0,4.588,0.788
K02200.01,CONFIRMED,2,3.17059731,1.6686,325.4,1.69,1080.0,321.28,0.793,20.1,5431.0,4.563,0.843
K02279.02,CONFIRMED,2,12.50945798,3.479,155.3,1.54,875.0,138.54,0.626,16.0,5949.0,4.303,1.184
K02280.01,CONFIRMED,2,26.0203329,4.965,1164.4,4.53,675.0,49.09,0.704,23.7,5624.0,4.218,1.244
K02281.01,CONFIRMED,2,0.769854899,1.0243,109.6,0.93,1650.0,1756.8,0.705,28.7,5173.0,4.55,0.822
K00252.01,CONFIRMED,2,17.60461401,3.716,2292.1,2.64,362.0,4.07,0.715,80.1,3744.0,4.737,0.516
K02282.01,CONFIRMED,2,6.89226333,2.4921,214.4,2.13,1156.0,422.14,0.061,22.4,5862.0,4.148,1.463
K02283.01,FALSE POSITIVE,0,17.40208965,3.745,616.5,16.37,422.0,7.49,1.216,20.9,4098.0,4.662,0.615
K02284.01,FALSE POSITIVE,0,2.69787749,1.915,116.8,1.5,1512.0,1235.14,0.53,8.3,5609.0,4.114,1.348
K02370.01,CANDIDATE,1,78.7327023,5.041,495.8,7.76,761.0,79.13,0.956,19.1,6715.0,3.754,2.763
K02371.01,CONFIRMED,2,12.94123564,4.636,328.8,1.7,795.0,94.29,0.028,22.1,6119.0,4.497,0.938
K02372.01,CONFIRMED,2,5.349791,4.279,88.8,1.29,1156.0,422.79,0.867,23.3,6074.0,4.368,1.183
K02373.01,CANDIDATE,1,147.281212,7.375,452.8,2.28,353.0,3.69,0.474,17.3,5708.0,4.365,1.054
K00259.01,FALSE POSITIVE,0,79.99623328,6.3339,24383.5,40.73,717.0,62.49,0.594,721.9,6796.0,3.88,2.49
K02374.01,CONFIRMED,2,5.26211833,3.244,194.5,1.95,1166.0,436.61,0.71,20.3,5587.0,4.188,1.309
K02374.02,CONFIRMED,2,12.1628195,2.3161,306.3,3.14,882.0,142.77,0.971,15.2,5587.0,4.188,1.309
K02456.01,FALSE POSITIVE,0,18.13559979,2.019,452.7,24.49,744.0,72.36,1.194,16.4,6184.0,4.448,1.038
K02457.01,CONFIRMED,2,3.70429015,3.37,55.7,1.45,1839.0,2708.57,0.001,15.9,6732.0,3.958,1.927
K02458.01,CONFIRMED,2,4.35407371,2.427,277.1,1.63,1043.0,279.53,0.734,19.0,5455.0,4.421,0.909
K00266.01,CONFIRMED,2,25.30893566,5.7704,153.7,1.77,710.0,60.2,0.799,54.2,5949.0,4.272,1.292
K02458.02,CONFIRMED,2,2.936587946,1.8952,279.6,1.77,1190.0,473.18,0.863,20.1,5455.0,4.421,0.909
K02459.01,FALSE POSITIVE,0,27.795762425,15.5056,420329.0,81.48,655.0,43.51,0.483,1969.5,5915.0,4.329,1.13
K02460.01,CONFIRMED,2,11.32269749,3.517,311.0,1.51,554.0,22.24,0.951,16.0,4563.0,4.624,0.642
K02552.01,CONFIRMED,2,3.65690909,2.064,107.4,1.32,1368.0,828.52,0.217,12.8,6078.0,4.294,1.271
K02553.01,CONFIRMED,2,88.0712769,6.758,885.4,2.4,330.0,2.79,0.347,18.1,4939.0,4.506,0.819
K00273.01,CONFIRMED,2,10.573751447,1.7259,298.9,2.07,844.0,120.25,0.785,82.0,5720.0,4.4,1.08
K02554.01,CANDIDATE,1,39.7557642,1.958,621.8,13.72,325.0,2.64,1.219,10.2,4405.0,4.732,0.511
K02554.02,CANDIDATE,1,10.27127527,3.029,343.5,0.94,510.0,16.02,0.046,17.5,4405.0,4.732,0.511
K02555.01,CONFIRMED,2,12.5722897,4.765,86.5,1.09,886.0,145.82,0.252,12.4,6084.0,4.319,1.169
K02556.01,CONFIRMED,2,40.8366307,4.956,264.8,1.5,496.0,14.3,0.363,18.7,5529.0,4.457,0.925
K00164.01,FALSE POSITIVE,0,4.4645454,2.8823,194.3,3.07,1601.0,1555.36,0.808,37.6,6093.0,3.91,1.985
K01353.02,CONFIRMED,2,34.5439452,3.482,429.8,2.67,607.0,32.02,0.87,23.4,5933.0,4.342,1.115
K01353.03,CONFIRMED,2,330.071558,4.295,616.7,2.94,286.0,1.58,0.681,10.6,5933.0,4.342,1.115
K01354.01,FALSE POSITIVE,0,1.752567456,5.4993,607.3,26.56,1502.0,1202.54,1.218,92.2,5739.0,4.433,0.996
K01355.01,CONFIRMED,2,51.92920654,5.2637,3425.8,8.49,574.0,25.6,0.398,81.8,5671.0,4.128,1.442
K01357.01,CANDIDATE,1,3.014330766,2.4747,975.3,2.87,1124.0,377.79,0.01,57.3,5209.0,4.446,0.953
K01358.01,CONFIRMED,2,5.644914154,2.2599,1397.9,2.66,744.0,72.38,0.445,63.9,4769.0,4.622,0.714
K01430.03,CONFIRMED,2,77.4740991,4.168,1543.6,2.63,277.0,1.4,0.758,27.5,4463.0,4.677,0.611
K01431.01,CANDIDATE,1,345.1589354,7.5646,5087.9,7.79,241.0,0.8,0.87,197.9,5597.0,4.515,0.931
K00171.02,CONFIRMED,2,13.07141889,3.0946,251.1,2.47,964.0,203.87,0.751,32.0,6122.0,4.173,1.439
K01432.01,CONFIRMED,2,6.88595222,4.148,428.5,2.68,946.0,189.35,0.953,34.5,5616.0,4.394,0.999
K01432.02,CONFIRMED,2,15.0549356,4.801,256.4,1.6,729.0,66.72,0.321,16.6,5616.0,4.394,0.999
K01432.03,CONFIRMED,2,2.92721119,2.545,170.2,1.29,1258.0,593.23,0.043,18.0,5616.0,4.394,0.999
K01432.04,CONFIRMED,2,38.2856338,6.512,322.8,1.77,534.0,19.24,0.115,15.0,5616.0,4.394,0.999
K01514.01,FALSE POSITIVE,0,1.399326503,1.8305,206.4,1.0,1143.0,402.58,0.009,22.7,4502.0,4.572,0.728
K01515.01,CONFIRMED,2,1.937029968,1.4727,312.3,0.87,802.0,97.94,0.105,42.8,4042.0,4.761,0.49
K00179.02,CONFIRMED,2,572.376632,24.42,1743.4,5.8,264.0,1.15,0.712,78.6,6226.0,4.264,1.299
K01515.02,CONFIRMED,2,7.06117322,1.0406,481.7,1.23,521.0,17.41,0.845,27.2,4042.0,4.761,0.49
K01516.01,CONFIRMED,2,20.55331441,5.3136,678.3,3.19,749.0,74.49,0.795,40.6,6325.0,4.409,1.112
K01517.01,CONFIRMED,2,40.0686713,5.8875,970.9,3.1,560.0,23.27,0.029,62.0,6026.0,4.411,0.992
K01518.01,CONFIRMED,2,27.5071114,5.907,580.7,2.58,569.0,24.71,0.918,30.7,5783.0,4.539,0.88
K00188.01,CONFIRMED,2,3.797018259,2.2608,14431.2,10.07,982.0,219.64,0.321,1549.0,5167.0,4.527,0.848
K01583.01,CONFIRMED,2,8.04727721,5.159,486.0,2.33,855.0,126.56,0.937,36.1,5840.0,4.553,0.849
K01584.01,CONFIRMED,2,5.87063416,2.5736,505.6,1.44,616.0,33.99,0.642,23.2,4166.0,4.66,0.612
K01585.01,CONFIRMED,2,19.17893976,5.144,752.8,2.4,640.0,39.65,0.004,34.3,5767.0,4.538,0.881
K01586.01,CONFIRMED,2,6.99130452,2.1568,555.4,1.95,716.0,62.05,0.74,36.3,4847.0,4.606,0.761
K01587.01,FALSE POSITIVE,0,52.971584,3.4632,3882.6,29.02,402.0,6.19,1.259,51.4,5204.0,4.55,0.789
K01588.01,CONFIRMED,2,3.517494725,1.5639,532.8,1.42,704.0,58.08,0.742,52.6,4132.0,4.699,0.564
K01664.01,FALSE POSITIVE,0,44.638983058,3.04001,36830.1,50.33,551.0,21.86,1.173,488.5,6197.0,4.449,1.035
K01665.01,CONFIRMED,2,6.93365167,4.608,119.6,1.7,1104.0,351.27,0.904,20.1,5861.0,4.212,1.304
K01666.01,FALSE POSITIVE,0,0.968026356,0.7143,212.7,1.78,2167.0,5205.91,0.055,32.6,6469.0,4.385,1.193
K01667.01,FALSE POSITIVE,0,1.179969562,1.9745,1109.3,120.02,2960.0,18136.88,1.244,277.9,5500.0,3.491,3.899
K01668.01,FALSE POSITIVE,0,10.10176739,2.1267,601.7,26.09,829.0,111.86,1.251,28.8,6058.0,4.54,0.867
K01669.01,CONFIRMED,2,61.0373591,8.378,437.5,3.38,610.0,32.74,0.071,40.2,6309.0,4.154,1.614
K00204.01,CONFIRMED,2,3.246732048,3.0535,6998.2,12.4,1459.0,1072.7,0.475,775.0,5763.0,4.15,1.457
K01760.01,CONFIRMED,2,5.52418625,2.826,491.0,2.25,976.0,214.86,0.492,20.7,5334.0,4.372,1.004
K01760.02,CONFIRMED,2,8.77514782,3.176,351.9,1.91,837.0,115.84,0.504,12.7,5334.0,4.372,1.004
K01761.01,CANDIDATE,1,10.12742274,1.2762,933.5,3.8,969.0,208.77,0.696,19.5,6392.0,4.399,1.162
K01762.01,FALSE POSITIVE,0,0.870693883,1.2137,438.5,2.09,1876.0,2923.54,0.832,55.6,5985.0,4.519,0.883
K01763.01,FALSE POSITIVE,0,2.1990638,3.197,344.8,1.33,1087.0,330.97,0.489,19.3,5003.0,4.572,0.707
K01764.01,CANDIDATE,1,12.681733929,1.6866,5879.1,7.25,601.0,30.84,0.929,102.8,4976.0,4.577,0.701
K01833.01,CONFIRMED,2,3.69298623,1.7744,763.3,1.74,745.0,72.66,0.775,33.9,4402.0,4.682,0.572
K01833.02,CONFIRMED,2,7.68433346,1.4346,1175.0,2.58,583.0,27.35,0.951,28.5,4402.0,4.682,0.572
K00214.01,CONFIRMED,2,3.311864148,1.4049,5976.5,9.06,1116.0,365.94,0.905,448.2,5461.0,4.499,0.937
K01833.03,CONFIRMED,2,5.70940795,1.622,586.7,1.51,644.0,40.66,0.751,20.2,4402.0,4.682,0.572
K01834.01,FALSE POSITIVE,0,3.79188234,2.15,417.0,1.95,1201.0,492.81,0.615,6.6,6171.0,4.495,0.91
K01835.01,CONFIRMED,2,4.580346161,2.097,308.3,1.38,889.0,147.56,0.384,49.8,5103.0,4.558,0.789
K01835.02,CONFIRMED,2,2.248288213,2.0361,263.2,1.25,1127.0,380.75,0.004,59.7,5103.0,4.558,0.789
K01908.01,CONFIRMED,2,12.55111099,3.1293,494.1,1.34,480.0,12.56,0.519,33.2,4213.0,4.669,0.598
K00221.02,CONFIRMED,2,5.89661966,3.154,144.0,1.28,1000.0,237.1,0.039,15.3,5392.0,4.314,1.087
K01908.02,CONFIRMED,2,24.0884178,3.952,387.2,1.16,386.0,5.26,0.376,21.0,4213.0,4.669,0.598
K01909.01,CONFIRMED,2,12.75800092,4.1828,187.9,1.49,822.0,107.96,0.011,41.7,5782.0,4.34,1.095
K01909.02,CONFIRMED,2,5.47033376,3.1441,112.0,1.15,1090.0,334.27,0.074,32.7,5782.0,4.34,1.095
K01909.03,CONFIRMED,2,25.0985083,2.7727,167.6,1.59,656.0,43.84,0.814,21.3,5782.0,4.34,1.095
K01910.01,CONFIRMED,2,34.2685741,4.8251,699.3,2.44,477.0,12.2,0.677,38.2,5083.0,4.468,0.872
K00231.01,FALSE POSITIVE,0,119.8401019,3.6796,5448.7,26.96,255.0,1.0,1.269,83.7,4602.0,4.637,0.675
K01982.01,CONFIRMED,2,4.88753111,2.034,679.6,2.45,1003.0,239.11,0.147,17.4,5568.0,4.499,0.957
K01983.01,FALSE POSITIVE,0,6.90522317,3.533,420.3,4.54,1343.0,768.55,0.962,34.4,6596.0,4.135,1.721
K01984.01,CONFIRMED,2,22.06402,4.1,388.7,2.67,712.0,60.81,0.941,31.5,6232.0,4.432,1.09
K01985.01,CONFIRMED,2,5.756245244,1.071,623.6,2.24,773.0,84.16,0.888,45.5,4931.0,4.605,0.734
K01986.01,CONFIRMED,2,148.4601819,5.499,1532.1,3.61,285.0,1.56,0.808,33.7,5159.0,4.548,0.821
K01986.02,CONFIRMED,2,7.12766417,2.491,229.2,1.21,784.0,89.24,0.125,16.0,5159.0,4.548,0.821
K02052.01,CANDIDATE,1,4.22464216,1.403,987.0,4.31,1279.0,631.55,0.913,7.7,6343.0,4.408,1.14
K02053.01,CONFIRMED,2,13.12162167,3.6138,196.9,1.99,913.0,164.48,0.807,32.7,6140.0,4.265,1.277
K02053.02,CONFIRMED,2,4.6126736,3.0643,133.2,1.6,1294.0,663.8,0.755,34.3,6140.0,4.265,1.277
K02054.01,FALSE POSITIVE,0,22.32423657,3.669,1299.3,4.56,611.0,32.87,0.965,29.9,5648.0,4.489,0.912
K02055.01,CONFIRMED,2,8.67890312,3.5317,540.6,2.56,905.0,158.43,0.203,37.4,5509.0,4.308,1.116
K02055.02,CONFIRMED,2,4.02582434,2.8059,265.3,1.79,1169.0,440.08,0.017,23.9,5509.0,4.308,1.116
K02055.03,CONFIRMED,2,2.50475282,2.376,181.1,1.48,1369.0,828.59,0.13,18.9,5509.0,4.308,1.116
K02132.01,CONFIRMED,2,69.8956789,5.276,548.4,3.04,442.0,8.99,0.872,21.9,5390.0,4.303,1.104
K02133.01,CONFIRMED,2,6.24667547,11.261,396.8,14.93,1902.0,3095.83,0.877,63.6,4604.0,2.936,6.221
K02133.02,FALSE POSITIVE,0,43.501748,10.755,167.1,10.1,996.0,232.53,0.909,9.5,4604.0,2.936,6.221
K02134.01,CONFIRMED,2,42.3006282,4.372,507.9,2.54,558.0,22.94,0.269,23.8,5852.0,4.353,1.129
K02135.01,CONFIRMED,2,55.1866213,9.133,375.5,2.47,568.0,24.56,0.225,36.2,6178.0,4.269,1.267
K02135.02,CANDIDATE,1,20.1890396,6.251,112.1,1.39,794.0,93.89,0.541,15.0,6178.0,4.269,1.267
K02135.03,CONFIRMED,2,8.48651582,5.267,110.8,1.34,1060.0,298.03,0.009,21.1,6178.0,4.269,1.267
K02201.01,FALSE POSITIVE,0,116.5214317,5.577,771.5,44.41,457.0,10.33,1.26,25.0,6056.0,4.179,1.411
K02202.01,CONFIRMED,2,0.813166357,1.4122,173.5,1.14,1693.0,1945.44,0.06,34.8,5237.0,4.5,0.887
K02203.01,FALSE POSITIVE,0,1.99042642,3.083,133.8,1.17,1539.0,1327.48,0.067,25.3,6198.0,4.464,1.005
K02204.01,CONFIRMED,2,10.86062378,2.2874,189.6,2.09,1108.0,356.24,0.261,20.7,6455.0,4.125,1.496
K02205.01,CONFIRMED,2,24.08632177,2.236,1041.7,2.78,500.0,14.78,0.802,18.0,4973.0,4.537,0.768
K02206.01,CANDIDATE,1,1.834277283,1.7499,286.5,1.64,1459.0,1068.36,0.381,24.8,5751.0,4.458,0.958
K02207.01,FALSE POSITIVE,0,67.230028,25.01,379.1,2.44,482.0,12.79,0.938,39.5,6157.0,4.418,1.016
K02285.01,CONFIRMED,2,37.9456138,4.093,1032.9,2.79,515.0,16.61,0.263,24.0,5861.0,4.546,0.865
K02286.01,CONFIRMED,2,24.1738244,3.056,532.6,2.21,595.0,29.69,0.251,21.5,5468.0,4.427,0.968
K02287.01,CONFIRMED,2,16.09227518,2.1072,128.5,0.98,503.0,15.15,0.932,18.1,4657.0,4.641,0.67
K02287.02,CONFIRMED,2,28.9060526,3.099,99.0,0.79,414.0,6.94,0.863,13.3,4657.0,4.641,0.67
K02288.01,CANDIDATE,1,38.103908,3.837,961.1,4.08,456.0,10.22,0.987,20.3,5250.0,4.522,0.771
K02289.01,CONFIRMED,2,62.7843981,4.81,325.0,2.28,530.0,18.7,0.272,21.1,6053.0,4.279,1.26
K02289.02,CONFIRMED,2,20.0983676,5.207,157.8,1.58,775.0,85.34,0.02,20.9,6053.0,4.279,1.26
K02375.01,FALSE POSITIVE,0,40.8792243,7.005,413.6,1.62,437.0,8.59,0.79,23.4,5383.0,4.609,0.72
K02376.01,CONFIRMED,2,18.8262877,2.344,795.8,2.34,591.0,28.85,0.198,19.9,5215.0,4.481,0.845
K02377.01,CANDIDATE,1,13.9034057,3.408,261.4,1.55,646.0,41.08,0.871,15.3,5261.0,4.523,0.819
K02378.01,CONFIRMED,2,4.76702759,2.013,163.4,1.19,1046.0,282.97,0.077,14.3,5629.0,4.43,0.937
K02379.01,FALSE POSITIVE,0,40.0088894,3.616,582.3,20.75,585.0,27.65,1.16,20.2,6237.0,4.403,1.023
K02380.01,CANDIDATE,1,6.35705314,1.324,272.2,1.59,990.0,227.07,0.023,17.3,5982.0,4.493,0.96
K02381.01,FALSE POSITIVE,0,6.58738839,4.758,258.5,1.35,871.0,136.02,0.523,15.7,5616.0,4.564,0.822
K02461.01,CONFIRMED,2,13.71218522,2.437,786.7,2.47,676.0,49.26,0.68,22.6,5550.0,4.562,0.831
K02462.01,CONFIRMED,2,12.14684625,6.197,70.7,1.75,1097.0,342.49,0.687,27.1,5877.0,3.927,1.963
K02463.01,CONFIRMED,2,7.46718958,3.633,75.7,1.04,1035.0,271.25,0.486,18.8,6161.0,4.399,1.169
K02464.01,FALSE POSITIVE,0,0.874629873,1.782,68.1,0.72,1597.0,1538.25,0.665,19.2,5099.0,4.491,0.832
K02465.01,FALSE POSITIVE,0,5.46091846,1.781,172.0,1.25,1106.0,353.34,0.4,21.2,6319.0,4.465,0.93
K02466.01,CONFIRMED,2,3.17323012,1.9094,204.5,0.88,830.0,112.21,0.085,21.4,4500.0,4.632,0.633
K02466.02,CONFIRMED,2,13.2970695,3.283,219.7,0.91,515.0,16.64,0.03,14.9,4500.0,4.632,0.633
K02557.01,FALSE POSITIVE,0,11.7761073,2.829,281.3,1.31,619.0,34.75,0.829,15.1,5096.0,4.618,0.689
K02558.01,FALSE POSITIVE,0,1.867281146,7.495,701.1,31.18,1561.0,1405.94,1.252,58.5,6117.0,4.457,1.025
K02559.01,CONFIRMED,2,9.30991834,3.455,114.5,1.21,913.0,164.38,0.551,19.2,5806.0,4.353,1.101
K02560.01,CANDIDATE,1,18.1209388,3.781,504.2,1.68,543.0,20.58,0.108,15.8,4905.0,4.536,0.774
K02561.01,CONFIRMED,2,3.23941775,2.569,77.4,0.77,1213.0,511.14,0.386,17.2,6075.0,4.541,0.858
K02562.01,FALSE POSITIVE,0,2.9322509,2.931,181.2,1.33,1312.0,700.81,0.457,13.1,6106.0,4.487,0.966
K00274.01,CONFIRMED,2,15.0896415,4.3349,77.8,1.42,968.0,207.64,0.02,29.5,6063.0,4.061,1.613
K01358.02,CONFIRMED,2,8.74292005,2.6277,779.5,1.92,643.0,40.33,0.025,30.7,4769.0,4.622,0.714
K01358.03,CONFIRMED,2,3.64830183,1.9985,371.7,1.33,860.0,129.44,0.063,19.9,4769.0,4.622,0.714
K01358.04,CONFIRMED,2,2.345863002,1.6795,316.7,1.23,997.0,233.38,0.035,19.6,4769.0,4.622,0.714
K01359.01,CONFIRMED,2,37.1011418,5.5556,1357.5,3.19,532.0,18.95,0.41,55.2,5986.0,4.527,0.85
K00019.01,FALSE POSITIVE,0,1.20320092,1.9197,2807.1,49.25,2124.0,4809.16,1.274,250.8,6218.0,4.198,1.349
K00165.01,CONFIRMED,2,13.22175358,2.7884,876.5,2.38,640.0,39.56,0.451,93.6,5211.0,4.556,0.799
K01359.02,CANDIDATE,1,104.8205868,4.4794,3920.1,6.45,376.0,4.74,0.918,76.6,5986.0,4.527,0.85
K01433.01,CONFIRMED,2,19.80787763,3.453,616.3,2.08,624.0,35.89,0.054,20.1,5775.0,4.558,0.84
K01434.01,CONFIRMED,2,2.343230566,2.0424,246.5,1.18,1054.0,292.31,0.047,23.9,4798.0,4.533,0.782
K01435.01,CONFIRMED,2,40.7150498,8.587,563.9,2.2,516.0,16.76,0.638,56.4,5968.0,4.534,0.881
K01435.02,CONFIRMED,2,10.44635944,2.749,354.2,2.18,812.0,102.77,0.967,34.4,5968.0,4.534,0.881
K01436.01,CONFIRMED,2,2.508553286,2.2664,211.6,1.28,1278.0,629.8,0.009,26.8,5814.0,4.523,0.881
K01436.02,CONFIRMED,2,13.75129636,3.853,348.5,1.66,725.0,65.24,0.359,24.6,5814.0,4.523,0.881
K00020.01,CONFIRMED,2,4.437962934,4.69813,16387.6,18.05,1338.0,757.65,0.069,3535.6,5953.0,4.175,1.415
K01519.01,CONFIRMED,2,5.1443645,2.703,310.7,1.55,923.0,171.63,0.031,20.2,5157.0,4.445,0.904
K01519.02,CANDIDATE,1,57.132855,4.958,414.1,1.81,414.0,6.94,0.32,11.0,5157.0,4.445,0.904
K01520.01,CONFIRMED,2,18.45848388,3.3703,535.3,2.5,632.0,37.81,0.832,41.5,5311.0,4.419,0.948
K01521.01,CONFIRMED,2,25.9421582,4.045,569.7,1.95,501.0,14.85,0.577,31.6,5167.0,4.585,0.796
K01522.01,CONFIRMED,2,33.3856176,5.0361,553.2,2.48,580.0,26.73,0.562,37.1,5833.0,4.407,1.022
K01522.02,CANDIDATE,1,12.654896,4.325,100.6,1.02,801.0,97.41,0.009,10.4,5833.0,4.407,1.022
K00003.01,CONFIRMED,2,4.887803076,2.36255,4315.8,4.82,800.0,96.67,0.054,862.3,4778.0,4.591,0.763
K01589.01,CONFIRMED,2,8.72585478,4.473,446.7,2.86,985.0,222.19,0.911,37.7,6036.0,4.326,1.131
K01589.02,CONFIRMED,2,12.88291395,5.676,460.5,3.15,865.0,132.23,0.962,33.6,6036.0,4.326,1.131
K01589.03,CONFIRMED,2,27.4345973,5.038,472.6,2.56,672.0,48.29,0.603,25.3,6036.0,4.326,1.131
K01589.04,CONFIRMED,2,4.22453631,3.128,159.1,1.6,1254.0,584.24,0.823,16.7,6036.0,4.326,1.131
K00189.01,CONFIRMED,2,30.360445359,6.0134,21124.7,10.99,459.0,10.47,0.359,1126.2,4939.0,4.541,0.765
K01589.05,CONFIRMED,2,44.5520266,6.0,362.1,2.29,572.0,25.3,0.689,16.7,6036.0,4.326,1.131
K01590.01,CANDIDATE,1,12.89006728,3.555,602.5,1.93,620.0,34.99,0.082,23.6,4915.0,4.512,0.812
K01670.01,FALSE POSITIVE,0,10.57910009,1.4553,329.3,2.03,929.0,175.79,0.404,17.9,6323.0,4.418,1.093
K01671.01,CONFIRMED,2,1.480283464,2.486,60.5,0.97,1822.0,2597.27,0.058,21.3,5897.0,4.25,1.259
K01672.01,CONFIRMED,2,33.8677783,3.72,894.8,2.31,394.0,5.69,0.787,23.8,4564.0,4.593,0.691
K01673.01,FALSE POSITIVE,0,2.49047468,2.2003,222.2,1.53,1413.0,940.43,0.522,20.7,6067.0,4.433,0.997
K00196.01,CONFIRMED,2,1.855557556,2.35672,10570.1,10.05,1436.0,1004.89,0.554,1853.8,5657.0,4.441,0.947
K01674.01,FALSE POSITIVE,0,2.17257963,1.5794,335.5,13.55,1518.0,1254.52,1.107,27.1,6038.0,4.34,0.971
K01675.01,CANDIDATE,1,14.62399621,2.193,1082.0,21.92,681.0,50.91,1.209,25.0,5753.0,4.57,0.815
K01765.01,FALSE POSITIVE,0,6.814984472,3.05409,23915.3,14.18,836.0,115.58,0.793,742.2,5465.0,4.566,0.817
K01766.01,FALSE POSITIVE,0,4.067371428,5.8962,63446.7,68.81,978.0,215.71,1.51,1094.6,5385.0,4.532,0.75
K01767.01,FALSE POSITIVE,0,35.51619219,2.5,10984.0,719.49,504.0,15.2,8.467,85.4,5514.0,4.505,0.871
K01768.01,FALSE POSITIVE,0,55.25178622,6.094,39873.6,27.32,444.0,9.15,0.978,585.0,5793.0,4.561,0.832
K00205.01,CONFIRMED,2,11.720123999,3.0039,9763.3,7.94,660.0,44.89,0.623,707.3,5215.0,4.564,0.77
K01769.01,FALSE POSITIVE,0,0.589049151,2.25397,61953.4,39.51,1959.0,3495.15,1.094,1227.6,5592.0,4.51,0.771
K01835.03,CONFIRMED,2,6.76690759,1.7062,249.3,1.31,781.0,87.79,0.648,29.7,5103.0,4.558,0.789
K01836.01,FALSE POSITIVE,0,10.26231992,3.568,813.9,1.98,509.0,15.89,0.945,17.3,4316.0,4.709,0.54
K01837.01,CONFIRMED,2,34.1732156,4.7679,635.0,2.37,465.0,11.09,0.815,38.9,5201.0,4.573,0.834
K01837.02,CONFIRMED,2,1.682934607,1.8846,142.7,1.06,1270.0,615.67,0.681,24.5,5201.0,4.573,0.834
K01838.01,CONFIRMED,2,16.7364755,2.151,1147.0,2.73,464.0,10.99,0.9,9.9,4334.0,4.618,0.653
K01839.01,CONFIRMED,2,9.59068586,3.452,544.6,3.93,1087.0,329.34,0.359,40.0,5476.0,3.904,1.673
K00215.01,FALSE POSITIVE,0,42.94386258,3.7591,9207.9,41.62,520.0,17.26,1.285,273.0,5750.0,4.4,0.94
K01910.02,CANDIDATE,1,18.3848331,3.545,151.8,1.15,587.0,27.99,0.711,10.3,5083.0,4.468,0.872
K01911.01,CONFIRMED,2,5.75321539,1.7948,733.8,3.14,920.0,169.44,0.921,31.8,5445.0,4.51,0.929
K01912.01,FALSE POSITIVE,0,32.9045733,4.402,662.3,28.34,568.0,24.63,1.232,19.7,5780.0,4.438,1.0
K01913.01,CONFIRMED,2,5.50860699,3.0788,203.9,1.49,934.0,179.62,0.879,38.2,5448.0,4.489,0.883
K01914.01,CONFIRMED,2,18.93055119,3.372,684.0,4.41,766.0,81.42,0.583,26.2,5015.0,3.987,1.643
K00222.01,CONFIRMED,2,6.312508525,2.7455,1286.0,2.0,575.0,25.94,0.029,112.5,4090.0,4.696,0.571
K01915.01,CONFIRMED,2,6.56226483,4.0144,260.8,3.07,1290.0,654.67,0.643,41.2,5878.0,4.005,1.812
K01987.01,FALSE POSITIVE,0,7.81153999,5.984,912.8,23.56,718.0,62.96,1.271,41.3,5150.0,4.628,0.71
K01988.01,CONFIRMED,2,0.934885365,1.4083,270.4,3.21,2080.0,4435.29,0.731,57.8,4777.0,3.909,1.795
K01989.01,CONFIRMED,2,201.118319,10.328,584.8,2.28,300.0,1.92,0.001,34.7,5646.0,4.447,0.954
K01990.01,CONFIRMED,2,24.7577652,6.998,458.7,2.44,644.0,40.74,0.896,37.6,6106.0,4.487,0.966
K00232.01,CONFIRMED,2,12.466004437,5.0066,2232.1,5.65,897.0,152.76,0.209,304.6,6038.0,4.284,1.191
K01991.01,FALSE POSITIVE,0,27.36432337,3.545,2282.5,39.49,659.0,44.5,1.273,42.3,6167.0,4.428,1.107
K01992.01,CONFIRMED,2,12.7983174,6.401,336.6,2.88,908.0,160.33,0.738,38.2,5592.0,4.115,1.451
K02056.01,CONFIRMED,2,39.3135699,5.0137,500.1,2.07,540.0,20.04,0.006,33.8,6060.0,4.509,0.925
K02057.01,CONFIRMED,2,5.94565516,2.1604,401.2,1.12,568.0,24.71,0.229,28.5,3974.0,4.7,0.564
K02058.01,CONFIRMED,2,1.52373073,1.4796,364.7,1.26,818.0,105.95,0.942,34.1,3746.0,4.736,0.51
K00238.01,CONFIRMED,2,17.23232894,4.5568,509.8,2.79,817.0,105.47,0.395,64.1,6086.0,4.274,1.216
K02059.01,CONFIRMED,2,6.14728341,2.7645,119.7,0.79,770.0,83.18,0.188,26.8,4997.0,4.598,0.746
K02059.02,CANDIDATE,1,2.18565886,1.966,35.6,0.44,1087.0,329.49,0.394,11.1,4997.0,4.598,0.746
K02060.01,CONFIRMED,2,2.800111267,1.0237,706.7,2.13,956.0,197.81,0.806,33.5,4786.0,4.579,0.704
K02136.01,FALSE POSITIVE,0,1.728528176,3.682,197.6,5.07,2720.0,12977.86,0.787,26.2,6153.0,3.597,3.279
K02137.01,CONFIRMED,2,14.97436238,2.4461,265.4,1.28,631.0,37.53,0.092,24.9,5311.0,4.532,0.8
K00243.01,FALSE POSITIVE,0,2.637574744,5.4573,5423.5,9.16,1385.0,868.86,0.909,222.8,6108.0,4.466,1.03
K02138.01,CONFIRMED,2,23.5541012,7.3,95.2,2.33,1381.0,859.63,0.536,29.9,9565.0,4.088,2.286
K02139.01,FALSE POSITIVE,0,4.27121961,2.9283,966.7,2.17,802.0,97.84,0.636,38.0,4702.0,4.602,0.67
K02140.01,CONFIRMED,2,41.6977582,5.513,684.8,2.26,488.0,13.45,0.018,27.7,5730.0,4.545,0.87
K02141.01,FALSE POSITIVE,0,1.306984786,1.194,302.1,18.33,1754.0,2230.29,1.144,38.4,6102.0,4.457,1.026
K02208.01,CONFIRMED,2,2.344512589,1.4116,58.9,0.97,1471.0,1106.25,0.803,21.9,5821.0,4.328,1.132
K00248.03,CONFIRMED,2,2.576571021,1.5997,852.8,1.57,717.0,62.42,0.187,63.6,3834.0,4.708,0.539
K02209.01,CONFIRMED,2,18.3027235,8.262,186.7,2.72,902.0,156.71,0.742,24.7,5528.0,3.892,1.839
K02209.02,CANDIDATE,1,35.502865,8.149,115.9,2.18,724.0,64.83,0.783,11.0,5528.0,3.892,1.839
K02210.01,CONFIRMED,2,2.888904439,1.6043,402.2,1.68,976.0,215.06,0.77,23.7,4895.0,4.589,0.759
K02210.02,CONFIRMED,2,210.631486,8.419,1657.8,3.23,234.0,0.71,0.642,25.9,4895.0,4.589,0.759
K02211.01,FALSE POSITIVE,0,0.805259637,0.9779,341.8,1.93,2115.0,4732.34,0.332,50.2,6257.0,4.454,1.022
K00253.01,CONFIRMED,2,6.383159135,1.7504,2313.2,2.73,530.0,18.73,0.197,64.4,3757.0,4.681,0.576
K02290.01,CONFIRMED,2,91.500873,4.842,704.8,1.82,310.0,2.18,0.032,22.6,5051.0,4.628,0.706
K02291.01,CONFIRMED,2,44.2993483,4.298,797.9,2.68,463.0,10.85,0.614,23.2,5316.0,4.459,0.915
K02292.01,FALSE POSITIVE,0,5.23340265,3.242,242.1,1.15,851.0,124.02,0.366,12.7,5266.0,4.611,0.741
K02293.01,CONFIRMED,2,15.03366411,3.272,374.9,1.7,669.0,47.32,0.01,22.2,5523.0,4.526,0.891
K02294.01,CANDIDATE,1,131.485184,5.294,557.8,3.03,400.0,6.08,0.578,19.4,5765.0,4.236,1.242
K02295.01,CANDIDATE,1,16.2908527,3.176,44.1,0.52,622.0,35.48,0.105,14.5,5425.0,4.549,0.797
K02382.01,FALSE POSITIVE,0,0.759706632,1.0896,39.7,1.38,3834.0,51080.76,0.52,21.6,8621.0,4.101,2.094
K00260.01,CONFIRMED,2,10.49566303,4.7356,106.1,1.34,1009.0,244.59,0.16,48.7,6214.0,4.238,1.297
K02383.01,CONFIRMED,2,4.37033233,2.845,177.8,1.56,1191.0,475.39,0.093,17.7,5657.0,4.282,1.182
K02384.01,FALSE POSITIVE,0,62.6825769,2.327,398.9,39.8,916.0,166.36,1.095,17.8,7058.0,3.648,3.101
K02385.01,FALSE POSITIVE,0,50.5715805,3.726,1282.6,2.74,406.0,6.44,0.074,19.9,5262.0,4.59,0.783
K02386.01,CANDIDATE,1,16.2707207,5.707,468.0,28.42,827.0,110.79,1.187,13.0,6117.0,4.315,1.244
K02387.01,CONFIRMED,2,2.032319072,1.6762,315.5,1.87,1542.0,1333.35,0.133,24.5,6156.0,4.443,1.05
K00266.02,CANDIDATE,1,47.7439509,2.99,96.9,1.74,575.0,25.84,0.977,15.0,5949.0,4.272,1.292
K02467.01,CONFIRMED,2,5.05661302,3.926,137.9,1.15,1049.0,286.32,0.616,17.6,5926.0,4.506,0.939
K02468.01,CONFIRMED,2,24.3344939,6.557,323.1,1.74,647.0,41.3,0.017,18.1,6091.0,4.487,0.967
K02469.01,CONFIRMED,2,131.187921,6.905,915.9,2.34,284.0,1.54,0.069,23.9,4898.0,4.518,0.803
K02470.01,FALSE POSITIVE,0,2.17489806,4.599,74.8,1.08,1496.0,1187.26,0.76,29.3,5749.0,4.323,1.15
K02471.01,CONFIRMED,2,25.8859397,4.548,217.1,1.66,542.0,20.35,0.922,16.1,5190.0,4.446,0.899
K02472.01,CONFIRMED,2,2.607545159,1.3916,351.5,2.07,1431.0,993.79,0.206,23.0,6147.0,4.435,1.096
K02563.01,CONFIRMED,2,23.4772553,6.735,141.4,1.34,738.0,70.05,0.013,17.6,6384.0,4.361,1.121
K02563.02,CANDIDATE,1,6.2614227,4.779,51.4,0.81,1146.0,407.58,0.069,10.6,6384.0,4.361,1.121
K02564.01,CONFIRMED,2,66.5576728,10.532,214.2,4.96,757.0,77.68,0.254,21.3,5734.0,3.591,3.405
K02564.02,CANDIDATE,1,17.6637979,6.194,67.9,2.98,1178.0,455.65,0.695,9.7,5734.0,3.591,3.405
K02565.01,FALSE POSITIVE,0,2.01948607,5.248,275.4,2.15,1430.0,988.37,0.977,27.9,5884.0,4.481,0.944
K02566.01,FALSE POSITIVE,0,3.04468229,5.951,71.4,0.86,1244.0,566.03,0.623,22.2,5575.0,4.363,0.98
K02567.01,FALSE POSITIVE,0,4.98845099,7.453,193.9,1.33,1055.0,292.71,0.041,23.3,5695.0,4.411,0.961
K01360.01,CONFIRMED,2,36.7704935,4.42,1346.6,2.83,437.0,8.6,0.545,40.8,5142.0,4.602,0.755
K01360.02,CONFIRMED,2,14.58932429,2.4184,831.3,2.32,594.0,29.53,0.694,29.3,5142.0,4.602,0.755
K01360.03,CONFIRMED,2,0.764017553,1.103,128.2,0.86,1589.0,1503.79,0.442,13.2,5142.0,4.602,0.755
K01361.01,CONFIRMED,2,59.8780258,4.8027,1419.1,2.19,273.0,1.31,0.004,51.8,4016.0,4.658,0.599
K01362.01,CANDIDATE,1,20.51360192,3.4769,1174.1,2.58,540.0,20.15,0.703,32.3,5310.0,4.608,0.704
K01363.01,CONFIRMED,2,3.546531809,2.2746,442.7,2.18,1212.0,510.26,0.633,26.4,5993.0,4.489,0.986
K01363.02,CONFIRMED,2,5.70070626,1.6408,379.8,2.03,1035.0,270.62,0.664,15.2,5993.0,4.489,0.986
K00172.01,CONFIRMED,2,13.7223682,5.1231,571.1,2.23,746.0,73.16,0.009,97.9,5637.0,4.399,0.943
K01436.03,CONFIRMED,2,5.41908491,2.3379,231.0,1.38,989.0,225.71,0.536,20.2,5814.0,4.523,0.881
K01437.01,CONFIRMED,2,7.01733571,3.567,255.5,1.61,984.0,221.46,0.581,15.5,6052.0,4.456,0.967
K01437.02,FALSE POSITIVE,0,9.27989,3.33,164.3,1.29,897.0,152.86,0.579,8.6,6052.0,4.456,0.967
K01437.03,FALSE POSITIVE,0,17.4217322,4.718,208.4,1.42,727.0,65.92,0.415,9.3,6052.0,4.456,0.967
K01438.01,CONFIRMED,2,6.91134223,5.6743,201.7,1.9,1086.0,328.65,0.259,44.0,5685.0,4.194,1.35
K01439.01,CONFIRMED,2,394.6249514,24.108,2013.3,7.79,325.0,2.65,0.336,234.6,5910.0,4.03,1.727
K00021.01,FALSE POSITIVE,0,4.288515468,2.2959,3456.7,76.51,1722.0,2081.57,1.283,292.1,6378.0,3.878,2.002
K00180.01,CONFIRMED,2,10.04556377,3.2027,671.4,2.19,766.0,81.61,0.075,66.5,5632.0,4.554,0.853
K01523.01,FALSE POSITIVE,0,8.48039789,6.249,259.7,1.71,866.0,132.85,0.486,22.7,5401.0,4.364,1.05
K01524.01,FALSE POSITIVE,0,1.333395306,1.188,114.5,0.86,1390.0,880.53,0.151,11.5,5199.0,4.527,0.811
K01525.01,CONFIRMED,2,7.71467686,4.5871,233.9,4.65,1622.0,1636.72,0.899,33.3,6900.0,3.843,2.599
K01525.02,CONFIRMED,2,11.8061737,4.472,88.1,2.87,1407.0,926.72,0.905,10.1,6900.0,3.843,2.599
K01526.01,CONFIRMED,2,4.4444826,3.686,163.0,1.71,1217.0,518.45,0.941,18.0,6240.0,4.426,1.079
K01590.02,CONFIRMED,2,2.35574505,1.796,266.9,1.34,1093.0,338.4,0.5,17.0,4915.0,4.512,0.812
K01590.03,CANDIDATE,1,4.74666128,2.093,256.8,1.3,865.0,132.4,0.441,12.5,4915.0,4.512,0.812
K01591.01,CONFIRMED,2,19.65639342,3.226,843.2,2.83,549.0,21.5,0.955,25.5,5288.0,4.613,0.74
K01592.01,FALSE POSITIVE,0,26.0692512,7.487,831.5,23.61,591.0,28.85,1.206,59.7,5585.0,4.409,0.91
K01593.01,CONFIRMED,2,9.69501146,2.75,515.2,2.08,833.0,114.06,0.293,18.3,5896.0,4.516,0.914
K01593.02,CONFIRMED,2,15.3825394,3.815,550.5,2.14,714.0,61.61,0.015,18.4,5896.0,4.516,0.914
K01594.01,FALSE POSITIVE,0,1.818939148,1.644,331.2,1.82,1549.0,1364.15,0.56,39.3,6153.0,4.487,0.962
K01676.01,FALSE POSITIVE,0,3.307669761,1.672,243.1,3.87,1840.0,2710.89,0.602,66.7,5959.0,3.829,2.382
K01677.01,CONFIRMED,2,52.069002,3.0089,558.3,2.92,524.0,17.76,0.275,25.6,5565.0,4.251,1.246
K01678.01,FALSE POSITIVE,0,3.183961388,3.7875,39268.0,37.22,1615.0,1608.01,0.677,339.2,5716.0,3.963,1.76
K01679.01,FALSE POSITIVE,0,0.759766456,5.323,480.5,29.02,2128.0,4850.1,1.238,73.0,6174.0,4.455,1.026
K01680.01,FALSE POSITIVE,0,5.0825188,3.328,105.0,0.88,968.0,207.45,0.522,17.1,5706.0,4.561,0.834
K01681.01,CANDIDATE,1,6.93910337,2.977,614.7,1.41,445.0,9.28,0.966,22.9,3638.0,4.844,0.42
K01681.02,CONFIRMED,2,1.992812339,2.066,314.8,6.81,675.0,48.82,1.127,16.8,3638.0,4.844,0.42
K01770.01,FALSE POSITIVE,0,63.9354965,13.321,1250.6,2637.6,2590.0,10631.01,1.2,57.6,3626.0,0.684,97.41
K01771.01,FALSE POSITIVE,0,91.05641908,6.7282,57607.6,53.1,431.0,8.13,1.112,701.1,6142.0,4.456,1.046
K01772.01,FALSE POSITIVE,0,120.00336404,3.3803,39596.0,15.08,240.0,0.78,0.78,131.1,4315.0,4.627,0.668
K01773.01,FALSE POSITIVE,0,83.09708021,9.2639,15860.2,13.83,329.0,2.78,0.993,277.2,5286.0,4.627,0.636
K01774.01,FALSE POSITIVE,0,2.368173896,2.346,10143.0,10.92,1428.0,983.51,0.763,52.9,5944.0,4.393,0.991
K01775.01,FALSE POSITIVE,0,4.442520831,2.4779,531.5,3.98,1392.0,889.36,0.966,100.3,6496.0,4.272,1.33
K01839.02,CANDIDATE,1,80.4103783,3.487,591.4,4.93,535.0,19.35,0.913,14.0,5476.0,3.904,1.673
K01840.01,CONFIRMED,2,7.03932913,3.514,836.7,4.67,1060.0,298.33,0.956,48.6,5846.0,4.278,1.24
K01840.02,CANDIDATE,1,9.3888216,4.154,192.7,20.91,963.0,202.91,1.14,9.6,5846.0,4.278,1.24
K01841.01,CONFIRMED,2,49.6075771,2.9575,626.7,2.12,402.0,6.17,0.764,44.9,5187.0,4.592,0.774
K01842.01,CONFIRMED,2,16.84183355,2.6194,822.1,3.08,699.0,56.43,0.688,23.6,5602.0,4.404,1.009
K01843.01,CONFIRMED,2,4.194496867,1.7807,660.7,1.57,577.0,26.2,0.863,45.0,3706.0,4.747,0.522
K01843.02,CANDIDATE,1,6.35585682,1.55,176.6,0.86,503.0,15.1,0.912,9.2,3706.0,4.747,0.522
K01915.02,CONFIRMED,2,67.844689,11.757,211.2,2.65,592.0,29.08,0.368,18.9,5878.0,4.005,1.812
K01916.01,CONFIRMED,2,20.67876365,4.6395,323.9,2.42,749.0,74.36,0.665,42.6,5865.0,4.266,1.272
K01916.02,CONFIRMED,2,9.59993246,4.3206,271.2,2.08,967.0,206.91,0.063,52.0,5865.0,4.266,1.272
K01916.03,CONFIRMED,2,2.0248205,2.55,63.3,1.01,1625.0,1652.5,0.248,20.2,5865.0,4.266,1.272
K01917.01,CONFIRMED,2,35.01190875,2.868,436.7,2.97,603.0,31.35,0.927,34.0,5872.0,4.332,1.153
K01918.01,FALSE POSITIVE,0,42.2625935,4.465,692.2,12.62,855.0,126.27,0.962,40.7,5432.0,3.55,3.581
K01920.01,CONFIRMED,2,16.57099265,2.9052,644.9,2.03,614.0,33.53,0.55,40.9,5483.0,4.589,0.779
K01992.02,CONFIRMED,2,27.3214242,4.836,279.6,3.61,705.0,58.35,0.983,14.9,5592.0,4.115,1.451
K01992.03,CONFIRMED,2,85.517344,9.331,270.2,3.04,482.0,12.75,0.944,12.9,5592.0,4.115,1.451
K01993.01,FALSE POSITIVE,0,16.00351679,4.001,668.3,18.01,586.0,27.83,1.209,29.9,5283.0,4.594,0.695
K01994.01,FALSE POSITIVE,0,2.115498574,6.738,444.2,25.84,1432.0,995.26,1.215,45.4,5917.0,4.475,1.0
K01995.01,CANDIDATE,1,14.38724729,1.9078,1914.1,29.24,725.0,65.41,1.262,43.5,5830.0,4.479,0.859
K01996.01,CONFIRMED,2,10.13200555,3.1683,911.6,1.67,574.0,25.66,0.03,37.6,4777.0,4.689,0.561
K01996.02,CANDIDATE,1,7.07394528,2.319,228.3,0.84,647.0,41.43,0.277,9.5,4777.0,4.689,0.561
K02061.01,CONFIRMED,2,14.092583189,4.1536,530.4,1.82,597.0,30.1,0.586,17.8,5081.0,4.596,0.77
K02061.02,CONFIRMED,2,1.090011003,1.5,174.8,1.04,1402.0,911.28,0.531,12.6,5081.0,4.596,0.77
K02062.01,CONFIRMED,2,34.3511339,4.4408,599.4,2.75,576.0,26.1,0.88,28.8,6091.0,4.487,0.967
K02063.01,CONFIRMED,2,3.00725068,4.4302,285.8,1.56,1122.0,373.99,0.897,30.0,5667.0,4.587,0.781
K02064.01,CANDIDATE,1,6.31219171,4.9377,403.7,2.17,1096.0,342.04,0.018,35.6,6322.0,4.426,1.075
K02065.01,CONFIRMED,2,80.2321467,4.656,888.7,3.24,380.0,4.91,0.911,24.9,5436.0,4.505,0.888
K02066.01,CONFIRMED,2,147.97391,6.854,1267.1,3.33,329.0,2.78,0.034,26.4,5578.0,4.44,0.95
K02142.01,FALSE POSITIVE,0,1.877350712,1.7478,185.6,1.46,1650.0,1755.2,0.297,23.1,6382.0,4.432,1.059
K02143.01,CONFIRMED,2,4.79029482,2.7219,142.0,1.01,938.0,183.02,0.46,23.1,5412.0,4.562,0.843
K02144.01,CONFIRMED,2,38.6715843,5.532,599.3,2.45,502.0,15.03,0.773,25.2,5432.0,4.42,0.913
K02145.01,CONFIRMED,2,8.32651854,5.483,267.9,1.8,938.0,182.69,0.782,27.2,6057.0,4.45,1.0
K02146.01,CONFIRMED,2,2.949029106,2.0311,358.3,1.48,1027.0,263.92,0.044,29.3,4983.0,4.512,0.807
K02147.01,CONFIRMED,2,37.8658964,4.782,395.2,2.01,543.0,20.61,0.18,25.9,5757.0,4.431,1.017
K00031.01,FALSE POSITIVE,0,0.925589891,1.967,400.8,50.6,6637.0,460202.18,0.616,20.6,4094.0,1.627,24.488
K02212.01,CONFIRMED,2,17.14648756,4.2354,440.3,3.64,811.0,102.24,0.918,28.3,5559.0,4.127,1.412
K02213.01,CONFIRMED,2,3.97076603,1.814,349.2,1.6,958.0,198.43,0.775,23.9,5178.0,4.521,0.778
K02214.01,CONFIRMED,2,2.352273912,1.7389,318.6,1.29,1019.0,255.03,0.095,20.4,4816.0,4.608,0.748
K02215.01,FALSE POSITIVE,0,22.0425953,61.2018,348.0,28.78,760.0,78.85,1.191,90.4,5974.0,4.216,1.26
K02216.01,CONFIRMED,2,23.34036251,2.054,615.1,2.21,601.0,30.94,0.25,18.2,5530.0,4.425,0.892
K00033.01,FALSE POSITIVE,0,0.366197145,1.2335,275.3,51.34,9983.0,2335438.28,0.319,16.7,4448.0,1.694,31.5
K00248.04,CONFIRMED,2,18.59611518,2.3052,813.8,1.53,371.0,4.48,0.014,27.6,3834.0,4.708,0.539
K02296.01,CONFIRMED,2,106.247882,13.78,397.4,2.01,377.0,4.75,0.586,24.0,5679.0,4.435,0.972
K02297.01,CONFIRMED,2,4.64495172,3.366,147.4,1.38,1209.0,504.23,0.301,19.8,6047.0,4.343,1.129
K02298.01,CANDIDATE,1,16.6671415,3.526,175.0,0.7,469.0,11.47,0.444,17.9,4729.0,4.726,0.525
K02298.02,CONFIRMED,2,31.8055128,3.979,141.7,0.63,378.0,4.84,0.476,10.9,4729.0,4.726,0.525
K00004.01,CONFIRMED,2,3.849371737,2.632,1298.6,12.94,2034.0,4055.29,0.915,132.7,6244.0,3.657,2.992
K00041.01,CONFIRMED,2,12.81590421,6.3856,220.5,2.26,939.0,183.68,0.58,106.7,5788.0,4.122,1.474
K00253.02,CONFIRMED,2,20.6180348,3.267,769.5,1.57,359.0,3.92,0.155,16.3,3757.0,4.681,0.576
K02388.01,FALSE POSITIVE,0,6.0959841,10.39,112.7,0.99,988.0,225.07,0.657,29.2,5826.0,4.43,0.885
K02389.01,CONFIRMED,2,22.9221181,8.2,140.3,1.33,684.0,51.7,0.603,24.0,5897.0,4.357,1.081
K02390.01,CONFIRMED,2,16.10474503,5.712,124.1,3.21,1159.0,425.93,0.224,25.4,5822.0,3.683,2.886
K02391.01,FALSE POSITIVE,0,0.93374232,6.552,351.4,18.29,1638.0,1706.25,1.188,49.1,5553.0,4.577,0.806
K02392.01,CONFIRMED,2,7.42697378,3.206,205.2,1.4,899.0,154.52,0.337,15.4,5573.0,4.434,0.982
K00041.02,CONFIRMED,2,6.88707073,4.4679,68.7,1.3,1155.0,420.97,0.696,38.2,5788.0,4.122,1.474
K00260.02,CONFIRMED,2,100.2830675,10.8636,351.2,2.51,475.0,12.07,0.535,81.9,6214.0,4.238,1.297
K02473.01,CONFIRMED,2,3.24417541,1.992,371.9,1.84,1047.0,283.66,0.761,18.0,5094.0,4.469,0.87
K02473.03,CONFIRMED,2,14.5123622,4.163,355.8,2.08,636.0,38.6,0.927,11.8,5094.0,4.469,0.87
K02475.01,FALSE POSITIVE,0,6.85567248,2.268,197.7,1.27,897.0,153.07,0.479,17.2,5734.0,4.538,0.883
K02476.01,FALSE POSITIVE,0,2.28607282,7.82,261.8,1.01,942.0,186.39,0.059,35.9,4583.0,4.65,0.654
K00041.03,CONFIRMED,2,35.3331932,5.966,99.7,1.55,670.0,47.52,0.656,28.8,5788.0,4.122,1.474
K00268.01,CANDIDATE,1,110.3783828,12.211,489.8,3.02,473.0,11.82,0.014,108.9,6342.0,4.242,1.359
K02477.01,CONFIRMED,2,14.02634692,1.2808,403.6,2.66,822.0,108.07,0.877,19.3,5970.0,4.355,1.131
K02568.01,FALSE POSITIVE,0,1.71030803,2.718,216.0,1.32,1449.0,1039.18,0.282,21.0,5790.0,4.528,0.9
K02569.01,CANDIDATE,1,8.28157072,3.1,139.2,1.37,956.0,197.82,0.042,12.9,5640.0,4.288,1.175
K02570.01,FALSE POSITIVE,0,79.9201319,4.482,1326.8,1.81,217.0,0.53,0.623,21.9,3812.0,4.767,0.476
K00042.01,CONFIRMED,2,17.83367834,4.5112,326.9,2.43,866.0,132.94,0.013,154.5,6407.0,4.268,1.337
K00274.02,CONFIRMED,2,22.8030252,4.768,62.9,1.29,843.0,119.6,0.291,20.4,6063.0,4.061,1.613
K02571.01,CANDIDATE,1,0.82628442,0.9603,134.9,0.96,1629.0,1654.69,0.28,25.6,5218.0,4.548,0.829
K02572.01,CANDIDATE,1,6.37705295,1.949,502.8,2.15,935.0,180.66,0.234,17.9,5672.0,4.503,0.965
K01364.01,CONFIRMED,2,20.8341497,4.522,803.1,2.26,563.0,23.82,0.269,26.2,5296.0,4.538,0.808
K01364.02,CONFIRMED,2,7.0556584,3.0479,705.6,2.13,808.0,100.88,0.301,32.1,5296.0,4.538,0.808
K00166.01,CONFIRMED,2,12.49340725,2.2614,715.7,2.2,649.0,42.08,0.594,76.2,5207.0,4.561,0.795
K01364.03,CONFIRMED,2,11.97884409,3.751,707.9,2.11,678.0,49.87,0.073,27.8,5296.0,4.538,0.808
K01364.04,CONFIRMED,2,3.71545593,2.558,331.7,1.46,1001.0,237.42,0.327,19.6,5296.0,4.538,0.808
K01364.05,CONFIRMED,2,2.58083264,2.1729,270.2,1.31,1130.0,386.18,0.16,17.5,5296.0,4.538,0.808
K01365.01,FALSE POSITIVE,0,1.487084251,1.3233,295.7,1.6,1462.0,1076.29,0.678,17.9,5650.0,4.551,0.876
K01440.01,CONFIRMED,2,7.19304935,3.407,255.3,1.59,995.0,232.36,0.017,19.0,6185.0,4.472,0.991
K01441.01,CONFIRMED,2,8.50698069,2.938,295.5,1.9,900.0,155.42,0.816,20.7,5822.0,4.428,0.986
K01442.01,CONFIRMED,2,0.669310092,1.6274,131.8,1.13,1983.0,3643.96,0.157,75.3,5475.0,4.426,1.003
K01443.01,FALSE POSITIVE,0,4.494498254,1.9742,248.2,62.11,1667.0,1824.84,1.149,39.3,5117.0,3.578,3.403
K00172.02,CONFIRMED,2,242.467406,12.808,340.3,1.73,286.0,1.59,0.173,23.2,5637.0,4.399,0.943
K01444.01,CONFIRMED,2,44.9306706,6.539,438.4,2.49,565.0,24.17,0.481,33.8,6121.0,4.397,1.164
K01445.01,CONFIRMED,2,7.16893064,4.6766,112.8,1.61,1187.0,469.56,0.573,36.3,6221.0,4.198,1.458
K01527.01,CANDIDATE,1,192.667139,5.443,1148.3,3.64,283.0,1.52,0.911,26.0,5401.0,4.487,0.878
K01528.01,CONFIRMED,2,3.989544192,1.591,190.0,0.93,903.0,157.1,0.085,26.2,5229.0,4.643,0.688
K01529.01,CONFIRMED,2,17.9776037,4.605,213.9,1.58,752.0,75.61,0.721,23.3,6296.0,4.46,1.006
K01529.02,CONFIRMED,2,11.8693144,4.653,101.9,1.09,864.0,131.58,0.73,13.9,6296.0,4.46,1.006
K01530.01,CONFIRMED,2,12.98494603,3.4497,257.2,1.64,818.0,105.74,0.046,38.4,5948.0,4.384,1.025
K00181.01,FALSE POSITIVE,0,5.093938816,3.93144,25026.7,17.19,1137.0,395.38,0.618,1131.7,6197.0,4.449,1.035
K01531.01,CONFIRMED,2,5.69919592,2.3906,159.4,1.16,964.0,204.18,0.007,35.3,5646.0,4.493,0.932
K01595.01,CONFIRMED,2,40.1097817,5.2096,732.0,3.11,556.0,22.65,0.016,40.3,5509.0,4.265,1.169
K00022.01,CONFIRMED,2,7.891448838,4.2854,10344.6,12.63,1028.0,263.54,0.306,1955.1,5972.0,4.313,1.237
K00190.01,FALSE POSITIVE,0,12.264867364,4.7366,11310.9,28.29,1077.0,317.89,0.818,560.2,5372.0,3.81,2.344
K01596.01,CONFIRMED,2,5.92365747,2.6302,406.5,0.99,531.0,18.87,0.045,26.4,3883.0,4.762,0.496
K01596.02,CONFIRMED,2,105.3582299,3.81,1210.2,1.87,204.0,0.41,0.75,22.6,3883.0,4.762,0.496
K01597.01,CANDIDATE,1,7.79668781,4.6699,361.3,2.44,1116.0,366.42,0.005,48.5,6521.0,4.352,1.276
K01598.01,CONFIRMED,2,56.4758069,5.961,1091.8,3.22,417.0,7.14,0.862,70.0,5497.0,4.57,0.839
K01681.03,CANDIDATE,1,3.53105835,1.778,310.8,10.61,558.0,22.83,1.213,11.7,3638.0,4.844,0.42
K00023.01,FALSE POSITIVE,0,4.693305543,5.17249,14522.9,17.85,1389.0,881.73,0.23,1765.2,6365.0,4.22,1.47
K00197.01,CONFIRMED,2,17.276296682,3.94738,10458.0,7.31,538.0,19.88,0.085,871.4,4941.0,4.599,0.738
K01681.04,CANDIDATE,1,21.9139549,3.271,584.4,10.39,303.0,2.01,1.2,11.8,3638.0,4.844,0.42
K01683.01,CONFIRMED,2,9.11500269,4.558,268.3,1.78,906.0,159.34,0.675,21.7,5962.0,4.431,1.028
K01684.01,FALSE POSITIVE,0,62.81584402,2.6901,1688.4,57.62,582.0,27.14,1.31,54.6,6340.0,4.23,1.492
K01685.01,CONFIRMED,2,70.468171,6.653,922.4,3.46,511.0,16.17,0.031,45.0,6461.0,4.396,1.131
K01776.01,FALSE POSITIVE,0,5.77676732,6.822,5794.8,26.2,670.0,47.55,1.273,74.1,4401.0,4.621,0.645
K01777.01,FALSE POSITIVE,0,2.685223546,4.0632,5494.6,28.98,1111.0,360.92,1.28,238.7,5552.0,4.62,0.719
K01778.01,FALSE POSITIVE,0,1.519529227,5.1675,8372.5,11.12,1653.0,1766.31,0.866,155.1,6033.0,4.46,1.046
K00024.01,FALSE POSITIVE,0,2.086075752,2.2647,3657.8,10.3,1845.0,2747.42,0.914,102.2,6131.0,4.071,1.417
K00206.01,CONFIRMED,2,5.334082429,6.2226,4676.5,13.08,1495.0,1180.64,0.045,653.4,6332.0,4.016,1.905
K01779.01,CONFIRMED,2,4.66271902,2.757,1630.6,3.86,1039.0,274.98,0.485,28.2,5729.0,4.514,0.939
K01779.02,CONFIRMED,2,11.8150174,2.834,1003.0,3.48,762.0,79.66,0.875,10.5,5729.0,4.514,0.939
K01844.01,FALSE POSITIVE,0,61.4913415,9.627,3692.4,4.57,323.0,2.58,0.92,70.5,4796.0,4.656,0.598
K01845.01,CONFIRMED,2,1.970340203,1.7901,403.2,3.97,1599.0,1540.07,0.859,56.3,4883.0,3.972,1.667
K01845.02,CONFIRMED,2,5.05821338,1.132,748.3,10.69,1168.0,439.8,1.004,43.2,4883.0,3.972,1.667
K00025.01,FALSE POSITIVE,0,3.132604547,3.6337,9969.2,48.73,1444.0,1028.81,1.251,222.3,6248.0,4.328,1.181
K00216.01,CONFIRMED,2,20.172024672,3.1488,5368.1,6.24,564.0,24.0,0.334,226.8,5064.0,4.474,0.864
K01846.01,CONFIRMED,2,105.9566815,6.9988,2286.4,3.79,324.0,2.59,0.322,51.8,5327.0,4.581,0.8
K01847.01,CONFIRMED,2,26.85323647,4.4557,965.8,2.65,544.0,20.77,0.01,53.3,5329.0,4.455,0.869
K01920.02,CANDIDATE,1,10.1384691,4.026,92.8,0.74,723.0,64.55,0.207,9.1,5483.0,4.589,0.779
K01921.01,CONFIRMED,2,16.00496657,6.5047,377.5,3.71,1040.0,276.53,0.013,49.8,6384.0,4.029,1.904
K00026.01,FALSE POSITIVE,0,15.03946326,5.1008,5237.7,12.36,962.0,202.6,0.902,181.6,6501.0,4.212,1.441
K00222.02,CONFIRMED,2,12.7945474,3.4197,816.7,1.6,455.0,10.1,0.18,54.1,4090.0,4.696,0.571
K01922.01,CONFIRMED,2,1.954525966,2.0944,392.8,2.38,1540.0,1331.18,0.673,43.1,5741.0,4.331,1.136
K01922.03,CONFIRMED,2,105.6552651,9.39,1366.9,4.22,407.0,6.51,0.371,42.3,5741.0,4.331,1.136
K01923.01,CONFIRMED,2,7.23400381,2.165,453.3,1.78,831.0,112.48,0.032,34.3,5411.0,4.523,0.85
K01997.01,CONFIRMED,2,38.505224,5.941,695.2,2.45,532.0,18.98,0.654,35.5,5974.0,4.504,0.881
K00027.01,FALSE POSITIVE,0,1.141877248,4.33931,309490.0,88.62,2184.0,5358.79,0.598,2036.3,6158.0,4.152,1.368
K00232.02,CONFIRMED,2,5.766165573,3.8314,364.8,2.27,1159.0,426.48,0.017,65.6,6038.0,4.284,1.191
K01998.01,CONFIRMED,2,6.77408984,2.6215,520.3,2.5,1058.0,295.82,0.026,33.6,6246.0,4.433,1.092
K01999.01,FALSE POSITIVE,0,1.120646438,1.7664,322.5,89.35,2783.0,14127.22,1.182,45.7,4972.0,3.449,4.034
K02000.01,CONFIRMED,2,26.41044199,3.0715,991.1,2.45,512.0,16.27,0.674,31.2,5448.0,4.613,0.734
K02001.01,CONFIRMED,2,8.27745764,2.713,197.2,2.46,1088.0,331.35,0.261,17.3,5129.0,3.884,1.781
K00028.01,FALSE POSITIVE,0,4.100870416,8.15361,123521.0,82.46,1413.0,939.61,0.938,2619.2,5923.0,4.118,1.51
K00238.02,CONFIRMED,2,26.6951944,4.576,132.6,1.4,706.0,58.81,0.136,13.4,6086.0,4.274,1.216
K02067.01,CONFIRMED,2,13.24503482,4.4078,156.1,1.77,887.0,146.31,0.498,35.7,5636.0,4.147,1.39
K02068.01,CANDIDATE,1,41.88970036,1.35,1304.4,32.16,515.0,16.66,1.285,20.9,5952.0,4.519,0.907
K02069.01,CONFIRMED,2,77.2550726,10.214,589.5,3.7,548.0,21.37,0.837,44.0,6564.0,4.255,1.356
K02070.01,FALSE POSITIVE,0,1.791406261,2.8159,345.5,4.51,1579.0,1466.9,1.008,60.7,6092.0,4.453,1.028
K02071.01,CONFIRMED,2,3.85690686,2.0808,127.8,0.93,972.0,210.44,0.466,24.3,5272.0,4.574,0.813
K00244.01,CONFIRMED,2,12.720370263,2.7306,1180.1,4.75,934.0,180.23,0.787,485.5,6267.0,4.28,1.258
K02147.02,CONFIRMED,2,10.32736351,1.889,126.9,1.25,838.0,116.56,0.754,9.7,5757.0,4.431,1.017
K02148.01,CONFIRMED,2,11.93205399,6.205,178.5,1.83,905.0,158.22,0.123,32.3,5711.0,4.221,1.391
K02148.02,CONFIRMED,2,7.54235832,4.73,132.5,1.59,1054.0,292.19,0.318,25.8,5711.0,4.221,1.391
K02148.03,CONFIRMED,2,3.61460279,3.227,64.8,1.14,1347.0,776.7,0.516,14.9,5711.0,4.221,1.391
K02149.01,CONFIRMED,2,13.15140223,5.439,97.8,1.87,1008.0,243.84,0.872,25.5,6154.0,4.12,1.636
K02150.01,CONFIRMED,2,18.5084526,6.596,758.9,29.33,683.0,51.32,1.258,30.1,5942.0,4.506,0.938
K02217.01,CANDIDATE,1,37.8034121,4.641,678.1,2.95,460.0,10.57,0.968,20.2,5329.0,4.572,0.819
K02218.01,CONFIRMED,2,5.53533152,2.793,260.6,1.75,1054.0,292.33,0.051,27.5,5588.0,4.331,1.1
K02218.02,CONFIRMED,2,16.7261969,2.708,194.9,1.56,729.0,66.83,0.496,11.6,5588.0,4.331,1.1
K02219.01,CONFIRMED,2,3.757294695,0.9269,273.3,1.23,877.0,139.89,0.586,23.4,4901.0,4.618,0.716
K02220.01,CONFIRMED,2,3.2828024,3.2532,142.5,1.79,1467.0,1093.39,0.159,24.4,5640.0,4.087,1.515
K02220.02,CONFIRMED,2,5.02818253,3.526,181.3,2.03,1272.0,620.0,0.3,26.1,5640.0,4.087,1.515
K02220.03,CONFIRMED,2,1.897828815,2.7114,132.4,1.73,1761.0,2278.95,0.227,27.2,5640.0,4.087,1.515
K02298.03,CANDIDATE,1,2.47240869,1.87,47.5,0.36,887.0,145.69,0.319,9.0,4729.0,4.726,0.525
K02299.01,CONFIRMED,2,16.48686712,1.431,987.9,27.45,760.0,78.99,1.198,22.1,6090.0,4.447,1.071
K02300.01,CONFIRMED,2,2.685054445,1.0473,252.7,1.46,1137.0,395.08,0.762,28.9,5266.0,4.484,0.829
K02301.01,FALSE POSITIVE,0,3.51289168,3.313,131.0,1.12,1161.0,429.42,0.373,27.3,5523.0,4.395,0.981
K02302.01,CONFIRMED,2,16.8600805,5.557,273.4,1.71,765.0,80.9,0.682,22.4,6205.0,4.419,0.973
K02303.01,CONFIRMED,2,4.89336495,3.485,138.3,1.6,1374.0,842.45,0.218,15.9,6688.0,4.304,1.347
K02303.02,CONFIRMED,2,8.93484887,2.579,135.9,1.83,1124.0,377.25,0.888,9.7,6688.0,4.304,1.347
K02393.01,CONFIRMED,2,4.60300256,2.6848,302.5,1.32,848.0,122.02,0.072,22.2,4821.0,4.529,0.788
K02393.02,CONFIRMED,2,0.766691517,1.2638,244.0,1.22,1541.0,1334.22,0.388,29.5,4821.0,4.529,0.788
K02395.01,FALSE POSITIVE,0,16.9329284,1.218,488.3,2.46,793.0,93.34,0.319,20.4,6310.0,4.417,1.095
K02396.01,FALSE POSITIVE,0,0.495434094,1.2496,287.9,1.57,2151.0,5088.43,0.009,57.2,5529.0,4.471,0.936
K02397.01,CONFIRMED,2,12.00089667,3.266,420.7,1.47,632.0,37.81,0.595,20.0,5195.0,4.598,0.69
K02398.01,CANDIDATE,1,1.169010526,1.1717,165.9,91.91,3766.0,47688.8,1.13,37.1,5944.0,3.25,5.847
K02399.01,CONFIRMED,2,1.916940872,1.4243,105.1,0.89,1246.0,571.25,0.405,17.7,5083.0,4.468,0.872
K02478.01,FALSE POSITIVE,0,12.425866431,29.1428,257.9,2.12,741.0,71.19,0.977,62.2,5428.0,4.404,0.94
K02479.01,CONFIRMED,2,25.5433704,8.567,138.6,2.11,772.0,84.0,0.44,28.4,5422.0,3.945,1.782
K02480.01,CANDIDATE,1,0.66682654,0.7847,511.6,1.49,1183.0,461.55,0.856,33.4,3993.0,4.696,0.554
K02482.01,CONFIRMED,2,45.0909201,4.605,436.3,2.44,487.0,13.27,0.957,14.1,5790.0,4.528,0.9
K02483.01,CONFIRMED,2,15.0539886,4.422,221.5,1.44,665.0,46.3,0.886,16.3,5475.0,4.479,0.818
K02484.01,CONFIRMED,2,68.8861017,5.925,143.9,1.47,501.0,14.91,0.241,19.5,5753.0,4.2,1.222
K02485.01,CONFIRMED,2,9.99115241,2.657,391.7,1.68,660.0,44.77,0.691,16.7,4838.0,4.524,0.796
K02573.01,CANDIDATE,1,1.347512632,1.9817,2651.8,23.45,1346.0,775.18,1.252,88.7,5316.0,4.585,0.685
K02574.01,FALSE POSITIVE,0,0.512581697,1.5789,259.1,1.32,2009.0,3827.79,0.283,45.2,5547.0,4.571,0.82
K02576.01,FALSE POSITIVE,0,12.07760884,2.233,151.0,1.03,708.0,59.51,0.264,14.0,5370.0,4.471,0.845
K02577.01,CANDIDATE,1,18.55581565,5.372,565.9,20.83,1793.0,2442.24,0.073,33.2,5988.0,2.982,8.841
K02578.01,CANDIDATE,1,13.33094869,1.426,725.6,25.95,815.0,104.37,1.199,17.1,5991.0,4.394,1.039
K02579.01,CONFIRMED,2,2.7296036,2.721,145.6,1.53,1455.0,1056.15,0.509,18.4,5887.0,4.292,1.235
K02579.02,CONFIRMED,2,3.59645081,2.661,149.6,1.66,1327.0,732.82,0.781,16.2,5887.0,4.292,1.235
K01366.01,CONFIRMED,2,19.25404023,4.6509,987.7,3.04,657.0,44.17,0.548,50.7,5798.0,4.507,0.941
K01366.02,CONFIRMED,2,54.1558384,4.432,1109.8,3.88,466.0,11.12,0.927,29.1,5798.0,4.507,0.941
K01367.01,CONFIRMED,2,0.567856484,1.0258,334.8,1.55,1848.0,2760.23,0.324,53.8,5073.0,4.483,0.853
K01368.01,FALSE POSITIVE,0,251.0597249,5.1095,7419.8,44.2,301.0,1.93,1.264,110.3,5714.0,4.34,1.086
K01369.01,CONFIRMED,2,3.016182013,2.8349,222.5,2.25,1449.0,1044.49,0.732,31.9,5611.0,4.144,1.4
K01370.01,CONFIRMED,2,6.8833761,2.2702,458.4,1.69,857.0,127.67,0.075,28.1,5679.0,4.581,0.794
K00167.01,CONFIRMED,2,4.919584997,4.1988,425.7,2.86,1312.0,702.13,0.243,132.0,6236.0,4.246,1.378
K01446.01,FALSE POSITIVE,0,1.22775877,2.7545,46148.0,48.79,1859.0,2809.86,1.111,292.7,6207.0,4.412,1.044
K01447.01,FALSE POSITIVE,0,40.24649897,6.0203,159414.0,97.54,768.0,82.27,0.877,420.9,6594.0,4.051,1.691
K01447.02,FALSE POSITIVE,0,2.27999662,5.7777,12831.0,20.74,2000.0,3775.07,0.739,366.8,6594.0,4.051,1.691
K01448.01,CANDIDATE,1,2.48658617,2.7189,42122.0,24.39,1461.0,1077.69,0.079,91.6,5892.0,4.35,1.198
K01449.01,FALSE POSITIVE,0,10.980246199,3.74464,50078.0,21.94,821.0,107.47,0.733,1555.4,5952.0,4.462,0.897
K01450.01,CONFIRMED,2,2.144632238,6.2701,19836.9,59.19,1736.0,2146.82,1.228,334.8,6296.0,4.24,1.305
K01451.01,FALSE POSITIVE,0,27.32204488,5.6716,77474.5,21.58,531.0,18.81,0.257,3622.7,5620.0,4.592,0.772
K01532.01,CONFIRMED,2,18.11473813,5.2706,241.5,2.49,830.0,112.43,0.896,51.3,6109.0,4.247,1.36
K01533.01,CONFIRMED,2,6.24145791,3.0998,163.7,1.6,1111.0,360.09,0.029,30.8,5810.0,4.25,1.259
K01534.01,CONFIRMED,2,20.4222447,6.22,189.3,1.78,785.0,89.74,0.059,34.7,6119.0,4.274,1.299
K01534.02,CONFIRMED,2,7.63846084,3.957,71.7,1.12,1089.0,333.3,0.405,16.6,6119.0,4.274,1.299
K01535.01,CONFIRMED,2,70.6981724,6.632,357.7,1.63,417.0,7.11,0.026,37.7,5811.0,4.536,0.866
K01536.01,CONFIRMED,2,3.74443645,2.9191,73.3,1.1,1328.0,736.89,0.169,25.4,5876.0,4.269,1.293
K01537.01,CANDIDATE,1,10.19154678,6.165,61.3,1.39,1144.0,404.17,0.659,27.6,6212.0,4.049,1.684
K01598.02,CONFIRMED,2,92.8747294,7.474,658.8,2.64,353.0,3.68,0.917,37.9,5497.0,4.57,0.839
K01598.03,CONFIRMED,2,13.93068791,2.312,186.5,1.4,665.0,46.19,0.912,14.9,5497.0,4.57,0.839
K01599.01,CONFIRMED,2,20.4074846,8.839,363.4,2.9,660.0,44.8,0.986,24.5,5823.0,4.472,0.972
K01599.02,CONFIRMED,2,13.6164547,5.175,376.1,22.29,755.0,76.81,1.19,22.6,5823.0,4.472,0.972
K01600.01,FALSE POSITIVE,0,12.36564669,3.644,388.4,24.89,804.0,98.51,1.22,22.8,6075.0,4.495,0.952
K01601.01,CONFIRMED,2,10.35078415,6.253,273.1,1.97,842.0,119.01,0.79,36.5,5534.0,4.338,1.08
K00191.01,CONFIRMED,2,15.358767771,4.1223,14638.1,10.89,662.0,45.46,0.487,812.6,5422.0,4.484,0.887
K01687.01,CONFIRMED,2,3.93246069,2.1763,455.5,1.65,894.0,151.31,0.416,30.6,4841.0,4.533,0.779
K01688.01,CONFIRMED,2,0.921030497,2.6077,101.5,1.62,2362.0,7380.64,0.025,27.0,5843.0,4.069,1.615
K01689.01,FALSE POSITIVE,0,1.507761203,3.096,2773.7,31.77,1301.0,675.11,1.292,153.1,5069.0,4.53,0.818
K01690.01,FALSE POSITIVE,0,1.506019633,2.408,136.9,1.08,1628.0,1660.03,0.528,18.8,6065.0,4.454,0.896
K01691.01,FALSE POSITIVE,0,35.14578122,2.253,6789.4,32.5,480.0,12.6,1.276,86.8,5437.0,4.554,0.783
K01692.01,CONFIRMED,2,5.960400011,2.8617,828.3,2.85,890.0,148.26,0.8,126.1,5418.0,4.534,0.886
K01780.01,FALSE POSITIVE,0,6.487525901,2.4536,20209.0,21.23,593.0,29.11,1.199,74.3,4481.0,4.763,0.485
K01781.01,CONFIRMED,2,7.834433676,2.89,2018.1,3.47,689.0,53.33,0.714,246.6,4920.0,4.62,0.72
K01781.02,CONFIRMED,2,3.005156911,2.0747,691.6,2.2,949.0,191.27,0.844,115.1,4920.0,4.62,0.72
K01781.03,CONFIRMED,2,58.0198583,5.348,1286.6,3.46,354.0,3.7,0.951,66.0,4920.0,4.62,0.72
K01782.01,FALSE POSITIVE,0,15.420409367,2.3707,14759.2,16.62,661.0,45.03,0.955,268.5,5468.0,4.505,0.88
K01783.01,CONFIRMED,2,134.4785189,5.9288,4033.5,10.52,412.0,6.81,0.924,149.9,5791.0,4.185,1.336
K01783.02,CONFIRMED,2,284.063137,8.297,1628.1,6.36,321.0,2.51,0.888,53.5,5791.0,4.185,1.336
K01848.01,CONFIRMED,2,49.6220669,7.222,505.5,3.33,546.0,20.99,0.939,47.6,5938.0,4.331,1.184
K01849.01,CONFIRMED,2,8.08801663,1.8334,952.9,2.94,792.0,92.93,0.744,46.1,5269.0,4.494,0.874
K01850.01,CONFIRMED,2,11.55103848,3.3601,402.8,2.17,845.0,120.76,0.493,49.8,5907.0,4.395,1.058
K01851.01,CONFIRMED,2,4.469754641,1.813,553.9,2.26,1103.0,350.69,0.494,37.1,5988.0,4.507,0.934
K01852.01,CONFIRMED,2,15.77382794,4.957,313.6,2.72,955.0,196.14,0.035,30.4,6283.0,4.129,1.531
K01853.01,CONFIRMED,2,60.0853848,7.007,432.2,2.4,485.0,13.07,0.79,51.7,6028.0,4.459,1.047
K01854.01,CONFIRMED,2,43.0343364,6.571,541.6,2.5,484.0,13.01,0.882,50.0,5550.0,4.476,0.911
K01924.01,CANDIDATE,1,2.11913005,4.141,28.7,1.35,2090.0,4512.1,0.67,21.5,5799.0,3.813,2.377
K01925.01,CONFIRMED,2,68.958447,3.128,123.3,1.11,402.0,6.17,0.821,30.0,5455.0,4.497,0.888
K01928.01,CONFIRMED,2,63.0380366,7.3702,658.7,2.59,465.0,11.1,0.021,53.1,5798.0,4.411,1.019
K01929.01,CONFIRMED,2,9.69315023,5.6725,141.8,1.89,1017.0,253.08,0.734,45.1,5683.0,4.108,1.472
K01929.02,CONFIRMED,2,3.29276797,4.8069,80.7,1.39,1458.0,1068.95,0.663,40.8,5683.0,4.108,1.472
K01930.01,CONFIRMED,2,13.72710334,7.3419,199.2,2.38,1005.0,241.58,0.025,62.5,5951.0,4.017,1.693
K01930.02,CONFIRMED,2,24.3110031,8.7682,184.4,2.3,831.0,112.64,0.146,48.9,5951.0,4.017,1.693
K02002.01,CONFIRMED,2,14.37504582,3.208,251.1,2.05,786.0,90.16,0.927,15.7,5931.0,4.403,1.053
K02003.01,FALSE POSITIVE,0,8.48031229,7.105,351.1,2.58,952.0,193.86,0.951,37.3,5910.0,4.364,1.078
K02004.01,CONFIRMED,2,56.1886436,6.5272,346.2,2.56,503.0,15.13,0.873,35.6,5700.0,4.327,1.176
K02004.02,CONFIRMED,2,3.18899015,2.722,66.2,0.98,1309.0,693.65,0.526,18.4,5700.0,4.327,1.176
K02004.03,CANDIDATE,1,1.72110057,1.922,29.7,0.7,1607.0,1575.2,0.767,9.3,5700.0,4.327,1.176
K02005.01,CONFIRMED,2,6.92101452,4.3591,529.7,1.48,619.0,34.85,0.771,39.9,4461.0,4.661,0.585
K00232.03,CONFIRMED,2,21.58752788,4.4968,336.8,2.18,747.0,73.42,0.009,34.0,6038.0,4.284,1.191
K02072.01,CONFIRMED,2,1.54320541,2.5779,91.2,1.23,1827.0,2636.85,0.217,35.2,5866.0,4.2,1.282
K02073.01,CONFIRMED,2,49.5004725,5.772,965.2,2.49,402.0,6.2,0.162,27.8,4954.0,4.5,0.828
K02073.02,CONFIRMED,2,6.47539108,2.7048,530.6,1.92,793.0,93.41,0.486,28.1,4954.0,4.5,0.828
K02073.03,CONFIRMED,2,16.85825609,2.0728,759.6,2.51,576.0,26.05,0.763,21.8,4954.0,4.5,0.828
K02074.01,CONFIRMED,2,33.4178173,4.645,1166.8,3.13,448.0,9.56,0.913,28.4,5136.0,4.607,0.744
K00238.03,CANDIDATE,1,362.97828,14.083,260.6,1.96,296.0,1.81,0.055,13.0,6086.0,4.274,1.216
K02075.01,CONFIRMED,2,2.053341891,2.596,65.5,1.44,1737.0,2154.14,0.966,23.2,6084.0,4.204,1.358
K02150.02,CANDIDATE,1,44.7055876,6.262,471.8,72.59,509.0,15.83,1.692,12.0,5942.0,4.506,0.938
K02151.01,FALSE POSITIVE,0,7.47763833,2.5693,110.0,2.05,1346.0,776.56,0.012,26.2,5957.0,3.849,1.953
K02152.01,CONFIRMED,2,42.1918331,7.083,488.7,2.35,526.0,18.08,0.067,25.7,5520.0,4.339,1.08
K02153.01,CONFIRMED,2,59.9809868,7.588,282.4,2.81,568.0,24.58,0.918,25.2,6103.0,4.202,1.383
K00244.02,CONFIRMED,2,6.238535444,3.5255,401.6,2.53,1185.0,465.61,0.008,274.5,6267.0,4.28,1.258
K02153.02,CONFIRMED,2,25.7457957,7.073,140.3,1.73,753.0,75.97,0.661,19.3,6103.0,4.202,1.383
K02154.01,CONFIRMED,2,11.92979348,6.152,709.3,2.43,770.0,83.04,0.003,27.8,5831.0,4.517,0.921
K02220.04,CANDIDATE,1,7.66462913,3.614,114.1,1.6,1106.0,353.31,0.216,13.2,5640.0,4.087,1.515
K02221.01,CONFIRMED,2,10.62788695,4.576,326.7,1.87,872.0,136.34,0.473,22.6,6082.0,4.445,1.014
K02222.01,CANDIDATE,1,34.135676,9.12,622.0,13.98,1526.0,1281.86,0.087,8.6,7818.0,3.365,5.555
K00249.01,CONFIRMED,2,9.549277089,1.5832,1826.9,1.57,374.0,4.62,0.068,112.2,3547.0,4.899,0.369
K02223.01,CONFIRMED,2,1.104462494,1.0458,469.1,1.6,1397.0,898.79,0.151,35.3,5002.0,4.543,0.753
K02224.01,CONFIRMED,2,3.73090026,2.9095,191.2,1.48,1128.0,383.51,0.822,24.0,5709.0,4.489,0.95
K02225.01,CONFIRMED,2,2.787874175,2.0348,197.4,2.33,1432.0,993.06,0.153,22.2,4827.0,3.942,1.727
K02304.01,CONFIRMED,2,11.17392077,3.307,324.8,1.64,796.0,94.84,0.025,21.4,5911.0,4.519,0.914
K02305.01,CONFIRMED,2,31.0325991,3.476,737.4,2.64,561.0,23.41,0.611,17.6,5841.0,4.52,0.931
K02306.01,FALSE POSITIVE,0,0.512407185,1.0579,329.2,1.03,1255.0,583.45,0.301,46.1,3862.0,4.69,0.563
K00254.01,CONFIRMED,2,2.455240626,1.72722,36911.9,10.6,730.0,67.3,0.144,1341.6,3793.0,4.697,0.568
K02307.01,CANDIDATE,1,4.150297119,1.2058,593.4,3.03,981.0,218.44,0.971,24.2,5290.0,4.519,0.858
K02308.01,CONFIRMED,2,28.5057217,6.324,755.8,2.55,555.0,22.43,0.695,20.8,5712.0,4.534,0.87
K02400.01,CANDIDATE,1,11.6191707,1.819,700.4,2.21,756.0,77.43,0.059,18.5,5870.0,4.56,0.834
K02401.01,CANDIDATE,1,38.2292037,3.893,605.8,1.51,359.0,3.92,0.571,21.0,4544.0,4.656,0.598
K02402.01,CONFIRMED,2,16.3012727,3.974,259.5,1.54,557.0,22.73,0.88,19.7,4873.0,4.558,0.796
K00260.03,CONFIRMED,2,21.86965714,5.5177,125.5,1.51,790.0,92.0,0.557,43.5,6214.0,4.238,1.297
K02403.01,CONFIRMED,2,13.32354078,3.873,116.6,1.32,872.0,136.61,0.225,16.3,6113.0,4.341,1.218
K02404.01,CANDIDATE,1,2.10081629,2.8182,169.1,1.65,1378.0,852.78,0.979,15.3,5815.0,4.5,0.918
K02404.02,FALSE POSITIVE,0,5.2438528,10.539,135.8,1.11,1016.0,251.99,0.583,17.8,5815.0,4.5,0.918
K02485.02,CONFIRMED,2,3.60082855,1.938,296.3,1.36,927.0,174.45,0.395,17.9,4838.0,4.524,0.796
K02485.03,CONFIRMED,2,5.72716067,2.23,310.9,1.4,794.0,93.96,0.447,16.0,4838.0,4.524,0.796
K00269.01,CONFIRMED,2,18.01164974,6.7367,107.8,1.83,900.0,155.37,0.924,60.8,6477.0,4.224,1.459
K02486.01,CANDIDATE,1,4.267961416,1.3427,127.4,1.42,1371.0,834.16,0.255,24.6,6395.0,4.275,1.237
K02487.01,CONFIRMED,2,36.292017,8.198,374.7,3.1,694.0,54.91,0.002,21.4,5843.0,4.069,1.615
K02488.01,CONFIRMED,2,12.4128518,4.298,108.1,1.5,933.0,179.24,0.711,19.4,5945.0,4.196,1.346
K02489.01,CONFIRMED,2,3.92453009,3.691,463.5,1.82,1074.0,314.25,0.112,25.3,5776.0,4.554,0.849
K02579.03,CANDIDATE,1,10.30148508,3.903,162.7,1.6,934.0,180.14,0.445,12.6,5887.0,4.292,1.235
K00275.01,CONFIRMED,2,15.79196594,7.2772,203.1,2.4,910.0,161.97,0.032,77.3,5758.0,4.072,1.704
K02580.01,CONFIRMED,2,3.11604194,1.7763,345.2,1.59,1123.0,375.55,0.195,18.8,5591.0,4.559,0.86
K02581.01,CONFIRMED,2,12.7372371,3.358,100.8,0.87,697.0,55.82,0.364,12.9,5420.0,4.502,0.868
K02582.01,CONFIRMED,2,40.0306267,4.815,214.5,2.01,617.0,34.19,0.322,19.5,5855.0,4.227,1.373
K02583.01,CONFIRMED,2,3.03267135,1.774,42.4,0.6,1187.0,468.31,0.238,15.6,5640.0,4.492,0.921
K02583.02,FALSE POSITIVE,0,251.7512,4.314,114.3,1.25,272.0,1.29,0.943,7.5,5640.0,4.492,0.921
K01371.01,FALSE POSITIVE,0,0.833980196,1.756,261.2,1.45,1816.0,2562.78,0.547,56.9,5747.0,4.53,0.871
K01373.01,FALSE POSITIVE,0,1.926353494,2.5305,185.1,1.33,1484.0,1146.34,0.767,36.9,6063.0,4.481,0.899
K01374.01,FALSE POSITIVE,0,0.890737359,1.9257,195.8,20.57,2022.0,3948.43,1.146,37.7,5687.0,4.293,1.169
K01375.01,CONFIRMED,2,321.2124365,4.012,2358.6,7.25,310.0,2.17,0.873,81.7,6018.0,4.257,1.286
K01376.01,FALSE POSITIVE,0,7.13895376,4.568,254.2,49.96,1622.0,1635.0,1.199,32.9,7131.0,3.913,2.145
K01377.01,CONFIRMED,2,11.29689442,4.623,198.5,1.74,907.0,160.18,0.634,20.9,6096.0,4.358,1.176
K01378.01,FALSE POSITIVE,0,19.30112039,6.0752,232.3,1.66,669.0,47.49,0.862,45.0,5687.0,4.408,0.943
K01452.01,FALSE POSITIVE,0,1.152216965,2.2245,12072.0,187.73,5283.0,183811.71,0.811,104.5,5560.0,2.619,15.113
K00173.01,CONFIRMED,2,10.06083238,4.5718,460.2,2.58,899.0,154.16,0.672,86.4,5705.0,4.297,1.14
K01453.01,FALSE POSITIVE,0,0.971933156,1.9265,4786.0,50.75,1754.0,2240.48,1.42,223.1,5592.0,4.445,0.931
K01454.01,FALSE POSITIVE,0,121.5991278,15.1596,10537.0,379.63,358.0,3.87,5.011,297.0,6036.0,4.551,0.847
K01455.01,FALSE POSITIVE,0,15.068060768,3.3011,19387.0,16.43,742.0,71.78,0.88,282.8,5982.0,4.493,0.96
K01456.01,CONFIRMED,2,7.886632468,5.2147,6331.2,8.99,996.0,232.07,0.048,392.3,5847.0,4.304,1.135
K01457.01,CONFIRMED,2,8.027681123,3.0942,8725.4,8.43,824.0,109.35,0.495,461.5,5569.0,4.546,0.887
K01538.01,FALSE POSITIVE,0,10.581581895,6.66929,112642.0,53.19,1098.0,342.98,0.202,1241.4,6168.0,4.074,1.567
K01539.01,CANDIDATE,1,2.819453322,4.4127,71867.0,29.8,1357.0,803.4,0.532,202.0,5767.0,4.33,1.074
K00182.01,CANDIDATE,1,3.479425638,3.4479,19550.0,12.86,1166.0,435.85,0.612,123.3,5907.0,4.519,0.878
K01540.01,FALSE POSITIVE,0,1.207852845,3.5802,49720.0,38.59,1539.0,1331.31,1.113,205.9,5601.0,4.533,0.797
K01541.01,CANDIDATE,1,2.379282197,3.1729,48434.0,25.74,1571.0,1442.19,0.003,538.0,6392.0,4.399,1.162
K01542.01,FALSE POSITIVE,0,2.586878667,6.1614,25480.0,19.84,1666.0,1823.52,0.651,261.3,6812.0,4.343,1.172
K01601.02,CONFIRMED,2,62.9224936,11.64,417.8,2.75,462.0,10.73,0.928,28.7,5534.0,4.338,1.08
K01602.01,CONFIRMED,2,9.97716876,5.908,252.9,2.53,1028.0,263.89,0.002,21.8,5557.0,4.037,1.616
K01602.02,CANDIDATE,1,3.03359398,4.026,95.6,1.55,1529.0,1294.06,0.023,12.3,5557.0,4.037,1.616
K01603.01,CONFIRMED,2,3.02168007,2.8264,171.9,1.31,1332.0,744.35,0.349,32.9,6201.0,4.472,0.989
K01604.01,FALSE POSITIVE,0,72.4914068,3.612,1063.5,15.33,700.0,56.76,0.989,39.2,5754.0,3.639,2.758
K01605.01,FALSE POSITIVE,0,4.93913074,1.362,382.9,24.03,1182.0,461.47,1.167,22.0,5956.0,4.324,1.17
K01606.01,CONFIRMED,2,5.082748362,1.7732,276.7,1.4,928.0,175.06,0.063,40.9,5430.0,4.555,0.858
K00198.01,FALSE POSITIVE,0,87.24250316,4.1206,17860.5,15.86,390.0,5.49,0.884,335.2,5671.0,4.501,0.955
K01692.02,CONFIRMED,2,2.46106962,2.184,84.2,0.84,1195.0,483.09,0.575,18.0,5418.0,4.534,0.886
K01693.01,CANDIDATE,1,3.403743926,1.5017,815.9,10.77,1101.0,346.98,1.075,59.5,5596.0,4.533,0.853
K01694.01,CANDIDATE,1,3.690317047,1.3784,465.5,20.23,1280.0,634.09,1.151,43.0,6120.0,4.395,1.054
K01695.01,CONFIRMED,2,71.4523167,6.276,216.9,2.19,561.0,23.44,0.017,16.6,6148.0,4.132,1.488
K01696.01,FALSE POSITIVE,0,1.752564549,3.503,116.6,1.38,1741.0,2174.09,0.741,38.0,6221.0,4.333,1.18
K01697.01,FALSE POSITIVE,0,1.752553762,3.877,414.7,1.06,933.0,178.74,0.346,32.5,4408.0,4.713,0.529
K01784.01,CANDIDATE,1,5.007414194,1.3584,4413.9,8.8,1114.0,363.75,0.926,196.6,5957.0,4.417,1.042
K00208.01,CONFIRMED,2,3.003879547,3.2848,8538.0,10.96,1438.0,1011.87,0.338,80.8,6311.0,4.398,1.172
K01785.01,FALSE POSITIVE,0,1.219034472,2.151,6923.8,9.82,1845.0,2734.97,0.075,99.2,5833.0,4.333,1.192
K01786.01,FALSE POSITIVE,0,24.68662378,15.168,8052.3,48.04,1149.0,412.55,0.643,210.9,4648.0,2.996,5.132
K01787.01,CONFIRMED,2,98.7179332,6.593,7320.0,6.99,360.0,3.97,0.588,124.4,5808.0,4.583,0.786
K01788.01,CONFIRMED,2,71.52543938,5.9189,5904.3,5.76,340.0,3.15,0.066,111.3,4855.0,4.542,0.778
K01788.02,FALSE POSITIVE,0,369.069345,5.832,945.9,3.07,197.0,0.35,0.929,11.7,4855.0,4.542,0.778
K01855.01,CANDIDATE,1,58.4302648,7.18,1849.5,3.45,300.0,1.91,0.948,34.1,4338.0,4.643,0.609
K00216.02,CONFIRMED,2,7.51854537,2.845,286.7,1.42,784.0,89.41,0.13,19.4,5064.0,4.474,0.864
K01856.01,CANDIDATE,1,46.2991052,5.2481,854.9,4.33,592.0,29.04,0.025,55.0,5396.0,4.035,1.507
K01857.01,CONFIRMED,2,88.6440015,7.82,625.5,2.51,391.0,5.51,0.724,57.6,5661.0,4.471,0.934
K01858.01,CONFIRMED,2,116.3311739,7.025,1586.3,3.26,323.0,2.59,0.032,31.5,5354.0,4.533,0.835
K01859.01,FALSE POSITIVE,0,45.3968385,4.477,1355.2,21.23,437.0,8.62,1.235,38.9,5649.0,4.633,0.705
K01860.01,CONFIRMED,2,6.31943553,3.3422,581.1,2.71,986.0,223.15,0.775,61.0,5670.0,4.397,1.022
K00223.01,CONFIRMED,2,3.177414601,1.5262,1134.3,2.65,997.0,233.26,0.786,113.7,5303.0,4.63,0.708
K01930.03,CONFIRMED,2,44.4304059,10.306,238.5,2.61,680.0,50.42,0.025,50.5,5951.0,4.017,1.693
K01930.04,CONFIRMED,2,9.34145925,6.18,81.7,1.56,1143.0,403.44,0.455,29.4,5951.0,4.017,1.693
K01931.01,CONFIRMED,2,4.97760447,2.5719,287.3,1.75,1023.0,258.91,0.474,27.5,5353.0,4.358,1.023
K01931.02,CONFIRMED,2,10.55840479,3.366,194.2,1.41,796.0,94.94,0.31,14.6,5353.0,4.358,1.023
K01931.03,CONFIRMED,2,6.98800953,3.103,193.2,1.39,914.0,164.86,0.024,17.1,5353.0,4.358,1.023
K01932.01,CONFIRMED,2,22.8245144,6.617,322.7,3.36,946.0,189.46,0.279,15.9,6642.0,4.057,1.846
K02006.01,CONFIRMED,2,3.27344784,1.7292,262.5,0.81,625.0,36.05,0.44,34.0,3758.0,4.769,0.496
K02007.01,CONFIRMED,2,15.3789014,4.662,185.1,2.94,1039.0,275.53,0.359,17.6,5817.0,3.877,2.153
K02007.02,CONFIRMED,2,21.1285655,3.852,176.7,2.88,935.0,180.55,0.36,12.5,5817.0,3.877,2.153
K02008.01,FALSE POSITIVE,0,24.4851178,4.642,263.8,7.14,1179.0,456.64,0.987,10.9,6655.0,3.638,2.995
K02009.01,CANDIDATE,1,86.7490807,9.179,547.1,2.23,398.0,5.94,0.003,35.7,5579.0,4.419,0.97
K02010.01,CONFIRMED,2,25.96190067,6.2732,350.3,3.25,850.0,123.11,0.02,37.5,6369.0,4.088,1.729
K02011.01,CONFIRMED,2,7.05675145,2.0261,130.0,1.68,1196.0,483.95,0.631,25.2,6388.0,4.244,1.402
K02076.01,CONFIRMED,2,56.7769831,6.864,884.3,3.21,491.0,13.74,0.703,33.6,6063.0,4.476,1.012
K02076.02,CONFIRMED,2,219.3215562,12.4124,3628.7,6.11,313.0,2.27,0.244,93.8,6063.0,4.476,1.012
K02077.01,FALSE POSITIVE,0,1.25483232,2.67,117.6,2.89,2748.0,13493.55,0.547,11.4,6168.0,3.75,2.572
K02078.01,CONFIRMED,2,18.78429232,3.1136,1009.5,2.14,433.0,8.3,0.658,23.8,4243.0,4.637,0.641
K02078.02,CONFIRMED,2,161.515617,6.548,2215.3,2.88,211.0,0.47,0.001,25.2,4243.0,4.637,0.641
K02079.01,CONFIRMED,2,0.693842661,1.6197,49.3,0.83,2161.0,5182.78,0.195,28.9,5457.0,4.239,1.196
K02080.01,CONFIRMED,2,83.4887405,6.21,955.4,2.95,411.0,6.76,0.42,24.7,5910.0,4.505,0.94
K02155.01,CONFIRMED,2,4.3394569,2.3652,337.4,2.11,1061.0,300.07,0.821,31.6,5330.0,4.366,1.013
K02156.01,CONFIRMED,2,2.852348262,0.7051,1402.9,1.66,621.0,34.95,0.295,33.3,3731.0,4.83,0.433
K02157.01,FALSE POSITIVE,0,2.11552348,6.712,359.2,21.43,1398.0,900.64,1.187,28.9,5900.0,4.509,0.951
K02158.01,CONFIRMED,2,4.5620407,2.8521,81.6,2.82,1533.0,1306.97,0.925,22.8,5343.0,3.764,2.506
K02158.02,CANDIDATE,1,6.68231249,3.251,48.7,2.09,1350.0,784.74,0.892,12.3,5343.0,3.764,2.506
K02159.01,CANDIDATE,1,7.5966998,3.667,127.5,1.32,964.0,204.34,0.725,24.5,5716.0,4.343,1.091
K02159.02,FALSE POSITIVE,0,2.392630668,1.3705,101.5,1.33,1418.0,955.41,0.909,20.5,5716.0,4.343,1.091
K02226.01,CANDIDATE,1,8.46354384,1.4078,792.2,2.51,805.0,99.37,0.387,26.1,5427.0,4.495,0.887
K02227.01,CONFIRMED,2,65.6480892,5.746,588.7,3.93,485.0,13.04,0.949,22.0,5565.0,4.251,1.246
K02228.01,FALSE POSITIVE,0,102.653705,53.5887,687.3,39.16,562.0,23.66,1.184,82.1,6711.0,4.097,1.698
K02229.01,CONFIRMED,2,14.83340944,3.927,783.0,2.54,694.0,54.74,0.399,19.1,5570.0,4.471,0.904
K02230.01,FALSE POSITIVE,0,0.987338654,2.591,26.5,0.98,2669.0,11973.87,0.002,25.0,6258.0,3.939,1.896
K02231.01,FALSE POSITIVE,0,2.464160779,2.427,116.7,36.93,1709.0,2018.62,1.169,27.3,5238.0,3.84,1.883
K02232.01,CONFIRMED,2,101.1323475,4.366,1502.9,3.87,380.0,4.91,0.057,25.7,5492.0,4.389,1.016
K02309.01,CONFIRMED,2,53.5991459,6.811,523.1,2.49,529.0,18.54,0.658,23.1,6319.0,4.447,1.032
K02310.01,CONFIRMED,2,16.4581861,1.9637,435.8,1.82,644.0,40.61,0.108,22.4,5475.0,4.521,0.884
K02311.03,CONFIRMED,2,104.3519624,3.695,243.8,1.39,355.0,3.74,0.532,15.8,5650.0,4.546,0.87
K02313.01,CONFIRMED,2,16.07673148,2.205,488.0,2.14,724.0,64.75,0.108,19.3,5957.0,4.498,0.971
K02314.01,CONFIRMED,2,18.87058705,3.4701,588.0,2.67,701.0,56.97,0.878,28.5,6103.0,4.496,0.949
K02315.01,CONFIRMED,2,22.1334224,2.049,654.6,1.76,507.0,15.65,0.025,16.3,5165.0,4.633,0.702
K02316.01,CONFIRMED,2,17.1369408,6.416,362.1,2.05,775.0,85.15,0.03,25.4,6218.0,4.421,1.077
K02405.01,FALSE POSITIVE,0,0.872952088,1.4499,137.3,25.5,3165.0,23715.46,1.1,41.6,7102.0,3.972,2.082
K02406.01,CONFIRMED,2,7.01074295,2.1787,222.8,3.76,1453.0,1054.63,0.427,21.3,5814.0,3.745,2.476
K02407.01,CONFIRMED,2,17.2922631,7.042,203.1,2.13,809.0,101.22,0.865,23.7,5936.0,4.261,1.299
K02408.01,CONFIRMED,2,94.289223,4.102,505.4,2.11,369.0,4.39,0.613,22.5,5632.0,4.537,0.904
K02409.01,CONFIRMED,2,0.577369336,1.0852,400.4,1.42,1757.0,2239.26,0.032,68.3,5255.0,4.617,0.716
K02411.01,CONFIRMED,2,11.96407399,4.526,784.2,3.21,808.0,100.96,0.903,22.9,5903.0,4.437,0.961
K02412.01,FALSE POSITIVE,0,2.493237866,2.644,259.2,9.48,2241.0,5975.48,0.975,20.7,5002.0,3.344,4.131
K02490.01,CONFIRMED,2,11.60653061,2.194,771.7,1.88,584.0,27.47,0.024,17.8,4703.0,4.582,0.701
K02491.01,CONFIRMED,2,2.66831274,2.4141,266.2,1.48,1252.0,581.38,0.333,23.3,5806.0,4.528,0.899
K02492.01,CONFIRMED,2,0.984941669,1.9724,81.4,1.49,2335.0,7044.68,0.045,22.9,5825.0,4.046,1.662
K02493.01,CONFIRMED,2,0.663085361,1.1522,322.7,1.6,1681.0,1894.94,0.841,35.3,5172.0,4.6,0.767
K02494.01,CONFIRMED,2,19.1187425,6.805,217.5,2.33,823.0,108.48,0.74,20.5,5862.0,4.148,1.463
K02495.01,FALSE POSITIVE,0,1.08749101,1.6192,126.4,4.91,3081.0,21388.7,0.979,33.5,5988.0,3.594,3.204
K00270.01,CONFIRMED,2,12.58229808,6.375,118.7,1.53,917.0,167.41,0.044,62.1,5587.0,4.091,1.423
K02585.01,CONFIRMED,2,5.34182466,3.577,70.5,0.95,1125.0,379.09,0.07,19.2,5767.0,4.287,1.135
K02585.02,CONFIRMED,2,10.42317343,2.341,71.2,1.07,901.0,155.7,0.811,11.2,5767.0,4.287,1.135
K02585.03,CANDIDATE,1,7.87845756,3.912,44.1,0.78,989.0,226.11,0.562,10.5,5767.0,4.287,1.135
K02586.01,CONFIRMED,2,2.131945045,1.8061,269.4,1.66,1418.0,955.16,0.209,22.9,5845.0,4.469,1.013
K02587.01,CONFIRMED,2,12.9462567,9.568,168.7,1.13,764.0,80.34,0.109,15.7,6058.0,4.54,0.867
K00275.02,CONFIRMED,2,82.2001239,10.627,233.9,2.57,525.0,17.96,0.001,47.9,5758.0,4.072,1.704
K02588.01,CONFIRMED,2,5.77957133,2.5213,396.6,1.5,598.0,30.22,0.946,18.9,4102.0,4.687,0.581
K01378.02,FALSE POSITIVE,0,0.691666384,1.9603,35.6,0.58,2031.0,4014.57,0.552,20.8,5687.0,4.408,0.943
K01379.01,CONFIRMED,2,5.62154315,2.4143,172.3,1.37,992.0,229.04,0.742,35.3,5637.0,4.439,0.96
K01380.01,FALSE POSITIVE,0,1.074106954,1.9797,64.5,0.52,1255.0,588.96,0.122,48.5,4699.0,4.637,0.676
K00168.01,CONFIRMED,2,10.74241765,6.0633,415.2,3.06,1008.0,243.94,0.034,95.4,5761.0,4.091,1.518
K01381.01,FALSE POSITIVE,0,5.117401517,4.3056,62929.0,28.41,1130.0,385.51,0.683,456.6,6161.0,4.454,1.053
K01382.01,FALSE POSITIVE,0,4.20233673,3.6973,45982.0,23.53,1246.0,570.87,0.004,258.8,6185.0,4.396,1.094
K01458.01,CANDIDATE,1,8.98128472,5.0397,4924.0,7.19,898.0,153.36,0.294,76.6,5977.0,4.473,1.022
K01459.01,FALSE POSITIVE,0,0.692015479,1.1315,4518.1,19.31,1057.0,294.34,1.267,163.4,3752.0,4.747,0.497
K01460.01,FALSE POSITIVE,0,17.0421346,7.507,3616.7,5.14,594.0,29.47,0.784,108.9,5367.0,4.59,0.773
K01461.01,FALSE POSITIVE,0,7.94671044,2.8419,6084.4,27.43,673.0,48.5,1.255,165.3,4859.0,4.626,0.702
K01462.01,FALSE POSITIVE,0,3.74781242,5.241,5367.0,38.04,1172.0,446.47,1.258,44.8,5780.0,4.438,1.0
K00174.01,CONFIRMED,2,56.35407916,3.4449,1037.0,2.59,352.0,3.63,0.835,59.4,4802.0,4.582,0.701
K01463.01,FALSE POSITIVE,0,1064.2680956,11.5521,22771.7,33.63,281.0,1.47,0.447,1171.2,6340.0,3.833,2.173
K01543.01,FALSE POSITIVE,0,3.964333304,4.7136,25886.2,37.09,1680.0,1881.78,0.094,408.5,5758.0,3.808,2.318
K01544.01,FALSE POSITIVE,0,1.525924389,3.15998,24627.2,49.86,1722.0,2072.8,1.217,423.9,6203.0,4.427,1.06
K01545.01,CANDIDATE,1,5.910371418,3.88962,17219.2,12.62,1053.0,290.83,0.065,990.3,6200.0,4.488,0.958
K01545.02,FALSE POSITIVE,0,5.91039905,3.85,449.2,2.47,938.0,183.39,0.583,27.5,5761.0,4.438,0.997
K01546.01,CANDIDATE,1,0.917568975,2.0654,15805.0,11.92,1748.0,2197.57,0.667,128.1,5713.0,4.541,0.893
K01547.01,CANDIDATE,1,30.69395532,2.9512,18121.0,13.72,614.0,33.69,0.001,196.6,6137.0,4.46,1.018
K01548.01,FALSE POSITIVE,0,2.139325409,2.8056,6897.8,11.61,1007.0,243.34,1.019,164.4,4765.0,4.642,0.666
K01607.01,FALSE POSITIVE,0,5.00673576,1.9398,191.2,2.0,1324.0,726.94,0.599,26.6,6116.0,4.158,1.383
K01608.01,CONFIRMED,2,9.17617167,4.2642,206.9,1.66,960.0,200.99,0.107,34.3,5903.0,4.3,1.156
K01608.02,CONFIRMED,2,19.7383992,4.894,168.1,1.61,744.0,72.32,0.732,20.3,5903.0,4.3,1.156
K00191.02,CONFIRMED,2,2.418406841,2.0744,665.4,2.25,1226.0,535.84,0.018,69.1,5422.0,4.484,0.887
K01608.03,CONFIRMED,2,232.040326,12.235,290.8,2.05,327.0,2.71,0.61,15.2,5903.0,4.3,1.156
K01609.01,CONFIRMED,2,41.6980186,5.7047,440.8,2.03,537.0,19.61,0.002,43.4,5997.0,4.466,0.971
K01610.01,FALSE POSITIVE,0,0.883778461,1.6339,120.1,1.09,1934.0,3316.4,0.605,31.7,5975.0,4.453,0.949
K01698.01,FALSE POSITIVE,0,2.065351521,2.661,173.2,1.03,1196.0,485.51,0.63,25.3,5266.0,4.536,0.749
K01699.01,FALSE POSITIVE,0,2.253551793,3.66,119.6,1.7,1812.0,2547.01,0.761,42.1,6526.0,4.217,1.426
K01700.01,CONFIRMED,2,8.03753796,2.9118,286.5,1.54,744.0,72.44,0.821,31.1,5044.0,4.511,0.804
K01701.01,CANDIDATE,1,2.43902575,1.1598,82.5,2.61,2307.0,6700.04,0.483,20.5,6546.0,3.817,2.784
K00199.01,CONFIRMED,2,3.268695042,3.45188,10091.4,16.91,1597.0,1539.0,0.065,1429.9,5927.0,4.046,1.691
K01702.01,CONFIRMED,2,1.538180949,1.2635,841.0,1.0,602.0,30.85,0.932,47.7,3364.0,4.978,0.274
K01703.01,FALSE POSITIVE,0,3.17463577,10.988,405.9,9.32,1296.0,667.65,1.059,83.1,5999.0,4.417,0.996
K01789.01,FALSE POSITIVE,0,1.412526202,5.49,150.3,36.77,3001.0,19160.84,1.166,70.6,8468.0,4.114,1.91
K01790.01,CONFIRMED,2,130.3543929,6.474,5128.7,7.7,369.0,4.36,0.675,103.7,5970.0,4.463,1.015
K01791.01,FALSE POSITIVE,0,22.91339043,3.94,5407.0,24.11,510.0,15.94,1.281,86.9,5451.0,4.663,0.6
K01792.01,CONFIRMED,2,88.40678718,12.3079,1724.4,4.55,410.0,6.65,0.535,328.0,5611.0,4.388,1.073
K01792.02,FALSE POSITIVE,0,1.546222068,7.998,49.4,0.77,1578.0,1465.41,0.503,56.6,5611.0,4.388,1.073
K00209.01,CONFIRMED,2,50.79034648,10.8474,5671.1,10.6,612.0,33.12,0.058,508.8,6163.0,4.185,1.406
K01792.03,CONFIRMED,2,9.10969334,5.3181,126.4,1.32,873.0,137.45,0.761,47.8,5611.0,4.388,1.073
K01860.02,CONFIRMED,2,12.20951755,4.1808,538.1,2.61,791.0,92.68,0.779,45.5,5670.0,4.397,1.022
K01860.03,CONFIRMED,2,3.07644709,2.6326,216.7,1.61,1253.0,583.25,0.708,29.3,5670.0,4.397,1.022
K01860.04,FALSE POSITIVE,0,24.8434837,4.8,217.4,1.58,625.0,35.97,0.641,14.2,5670.0,4.397,1.022
K01861.01,CANDIDATE,1,17.50441726,4.2585,725.4,3.56,824.0,108.78,0.006,47.5,5815.0,4.16,1.329
K01862.01,CONFIRMED,2,56.4349933,4.7381,580.0,2.37,465.0,11.04,0.019,47.7,5534.0,4.381,1.001
K00217.01,CONFIRMED,2,3.905081685,2.8213,21340.5,12.78,1046.0,282.59,0.131,1315.8,5543.0,4.54,0.887
K01863.01,CONFIRMED,2,33.7888028,5.496,649.2,2.71,611.0,33.01,0.078,36.0,6202.0,4.436,1.062
K01932.02,CONFIRMED,2,14.8444836,6.091,177.9,2.49,1092.0,336.06,0.149,10.5,6642.0,4.057,1.846
K01933.01,CONFIRMED,2,49.1011093,6.341,845.6,3.28,498.0,14.57,0.52,39.7,5393.0,4.299,1.11
K01934.01,CANDIDATE,1,28.78270955,3.451,864.5,2.11,443.0,9.09,0.002,40.1,4774.0,4.58,0.745
K01935.01,FALSE POSITIVE,0,15.44428875,2.0791,3596.2,37.58,731.0,67.39,1.275,44.9,5895.0,4.489,0.991
K00223.02,CONFIRMED,2,41.0081117,4.376,1004.5,2.64,425.0,7.72,0.878,43.9,5303.0,4.63,0.708
K01936.01,CANDIDATE,1,1.339670241,1.895,28.6,1.27,3448.0,33385.02,0.602,21.7,8867.0,3.988,2.245
K01937.01,CONFIRMED,2,1.411230023,1.4325,388.2,1.71,1164.0,436.04,0.851,89.3,4575.0,4.564,0.737
K02011.02,CONFIRMED,2,17.2653659,5.02,67.9,1.16,888.0,146.92,0.007,13.9,6388.0,4.244,1.402
K02012.01,CONFIRMED,2,34.8536903,5.333,767.7,2.4,522.0,17.62,0.493,27.0,5818.0,4.554,0.848
K02012.02,CONFIRMED,2,180.921729,8.99,742.4,2.3,302.0,1.96,0.025,16.2,5818.0,4.554,0.848
K00232.04,CONFIRMED,2,37.9962369,6.7751,403.7,2.39,618.0,34.55,0.023,37.8,6038.0,4.284,1.191
K02013.01,CONFIRMED,2,2.41434868,1.2701,191.0,0.97,953.0,195.08,0.221,30.0,4507.0,4.573,0.724
K02014.01,CANDIDATE,1,2.466070972,1.9559,704.5,24.3,1260.0,595.8,1.223,42.6,5708.0,4.529,0.884
K02015.01,FALSE POSITIVE,0,5.73865933,4.051,688.6,1.84,535.0,19.33,0.966,40.1,3841.0,4.756,0.509
K02080.02,CONFIRMED,2,34.0607677,2.471,818.9,2.96,554.0,22.32,0.786,20.5,5910.0,4.505,0.94
K02081.01,CANDIDATE,1,6.2141496,10.141,183.4,4.27,1506.0,1216.48,0.403,53.4,5295.0,3.617,3.152
K00239.01,CONFIRMED,2,5.640676975,2.8354,1453.3,4.59,1125.0,379.36,0.033,145.9,5794.0,4.282,1.216
K02082.01,CONFIRMED,2,31.5888979,3.438,360.6,2.59,682.0,51.02,0.194,27.3,5866.0,4.175,1.367
K02083.01,CONFIRMED,2,7.72085047,1.8264,267.0,2.53,1021.0,257.14,0.963,25.0,5887.0,4.29,1.177
K02084.01,CONFIRMED,2,4.19577385,2.1557,874.2,3.02,1047.0,283.78,0.521,23.3,5229.0,4.378,1.005
K02085.01,FALSE POSITIVE,0,5.71483873,2.748,286.2,1.26,842.0,118.73,0.134,18.0,5193.0,4.535,0.755
K02160.01,CONFIRMED,2,17.6700291,6.693,348.4,2.89,778.0,86.37,0.932,25.0,5795.0,4.265,1.247
K00245.01,CONFIRMED,2,39.79220077,4.466,610.4,1.9,458.0,10.38,0.019,179.5,5437.0,4.571,0.781
K02161.01,FALSE POSITIVE,0,2.84573962,7.28,211.7,3.63,1829.0,2645.94,0.656,83.9,5557.0,3.792,2.372
K02162.01,CONFIRMED,2,108.593113,7.989,338.2,1.68,374.0,4.64,0.007,24.3,5678.0,4.409,0.921
K02162.02,CONFIRMED,2,199.66876,8.996,251.9,1.45,305.0,2.06,0.046,13.9,5678.0,4.409,0.921
K02163.01,CONFIRMED,2,10.66489514,3.159,292.6,1.76,865.0,132.15,0.308,25.3,6014.0,4.436,1.021
K02163.02,CONFIRMED,2,17.7838298,3.997,247.1,1.6,729.0,66.87,0.115,18.7,6014.0,4.436,1.021
K00250.01,CONFIRMED,2,12.282998287,2.7096,2794.7,2.83,431.0,8.14,0.047,137.2,3879.0,4.708,0.537
K02232.02,CANDIDATE,1,12.834857,2.092,293.9,1.73,755.0,76.96,0.278,9.4,5492.0,4.389,1.016
K02233.01,FALSE POSITIVE,0,1.811460943,5.065,428.5,2.83,1508.0,1224.37,0.971,83.9,5700.0,4.382,1.008
K02234.01,FALSE POSITIVE,0,2.35197616,5.304,268.0,21.19,1444.0,1025.78,1.177,31.7,6147.0,4.463,1.003
K02235.01,FALSE POSITIVE,0,0.861643331,2.4318,232.5,1.88,1613.0,1599.85,0.994,41.7,5506.0,4.596,0.688
K02236.01,CONFIRMED,2,19.9865916,4.391,648.0,4.22,720.0,63.67,0.962,21.8,5500.0,4.218,1.238
K02236.02,CONFIRMED,2,12.12580644,3.289,327.5,2.5,851.0,123.78,0.805,14.0,5500.0,4.218,1.238
K02317.01,CONFIRMED,2,3.78861833,2.808,143.4,1.23,1158.0,424.17,0.183,18.2,5560.0,4.379,1.04
K00255.01,CONFIRMED,2,27.52194772,4.047,2312.8,2.47,314.0,2.28,0.35,106.5,3780.0,4.746,0.511
K02318.01,CONFIRMED,2,10.45839865,3.154,306.8,1.25,609.0,32.45,0.009,18.6,4641.0,4.557,0.747
K02319.01,CONFIRMED,2,21.1033014,2.059,192.5,1.56,718.0,62.99,0.125,21.3,6000.0,4.363,1.126
K02320.01,FALSE POSITIVE,0,2.03743942,3.103,112.5,0.82,1299.0,673.94,0.102,16.0,5751.0,4.577,0.774
K02321.01,CONFIRMED,2,95.6114617,7.489,487.4,2.37,421.0,7.45,0.046,21.6,6002.0,4.424,1.081
K02321.02,CANDIDATE,1,36.2530992,4.73,152.1,1.43,582.0,27.17,0.721,8.3,6002.0,4.424,1.081
K00261.01,CONFIRMED,2,16.23847733,3.9699,646.7,2.76,711.0,60.35,0.766,125.8,5683.0,4.422,0.993
K02413.01,CONFIRMED,2,12.90467523,3.28,412.4,1.49,545.0,20.91,0.553,21.2,4513.0,4.574,0.722
K02413.02,CONFIRMED,2,31.2012202,4.077,360.1,1.47,406.0,6.44,0.714,13.7,4513.0,4.574,0.722
K02414.01,CONFIRMED,2,22.5968256,6.179,142.9,1.3,670.0,47.7,0.062,22.2,5610.0,4.301,1.104
K02414.02,CONFIRMED,2,45.3486381,4.858,162.9,1.61,531.0,18.84,0.847,15.9,5610.0,4.301,1.104
K02415.01,CONFIRMED,2,5.25419589,2.9878,461.8,2.12,1093.0,338.15,0.007,26.1,6123.0,4.472,0.987
K02416.01,CONFIRMED,2,5.90608902,2.409,340.7,1.77,1012.0,247.83,0.025,9.3,5966.0,4.493,0.961
K02496.01,FALSE POSITIVE,0,1.183818383,1.393,84.3,0.91,1775.0,2337.65,0.17,12.7,6014.0,4.459,0.992
K02497.01,CONFIRMED,2,48.4313003,4.03,886.4,2.78,396.0,5.81,0.846,17.3,4891.0,4.516,0.805
K02498.01,CONFIRMED,2,6.73808701,2.591,92.9,0.73,786.0,90.19,0.148,14.4,5168.0,4.566,0.769
K02498.02,CONFIRMED,2,13.0600399,2.851,106.8,0.8,630.0,37.3,0.495,12.5,5168.0,4.566,0.769
K02499.01,FALSE POSITIVE,0,7.57571414,2.357,418.5,2.45,1075.0,315.8,0.413,12.8,6418.0,4.395,1.171
K02500.01,FALSE POSITIVE,0,0.933754669,4.048,89.3,1.48,2475.0,8881.31,0.728,43.2,6443.0,4.146,1.457
K02501.01,FALSE POSITIVE,0,4.76887671,1.672,115.8,2.11,1532.0,1303.61,0.654,20.0,6063.0,3.926,1.855
K02589.01,CONFIRMED,2,0.664074145,1.0925,212.6,1.19,1703.0,1998.48,0.525,20.9,5178.0,4.585,0.797
K02590.02,CANDIDATE,1,22.7909233,9.565,53.6,1.38,862.0,130.75,0.871,19.4,6311.0,4.116,1.642
K02591.01,FALSE POSITIVE,0,0.755109106,2.967,106.0,0.85,1733.0,2130.82,0.47,34.0,5452.0,4.572,0.815
K02592.01,CANDIDATE,1,175.603366,9.543,506.8,2.87,348.0,3.46,0.952,14.7,6225.0,4.461,1.009
K02593.01,CONFIRMED,2,14.7966306,5.613,56.1,0.98,874.0,138.25,0.182,22.4,6175.0,4.299,1.307
K02593.02,CANDIDATE,1,9.5539134,5.261,26.8,0.68,1012.0,247.86,0.142,13.1,6175.0,4.299,1.307
K02594.01,CONFIRMED,2,11.25401871,4.759,433.4,2.42,888.0,147.13,0.603,17.0,5995.0,4.351,1.118
K01383.01,FALSE POSITIVE,0,3.221785738,3.3411,46379.0,25.03,1357.0,800.37,0.777,336.4,6250.0,4.411,1.041
K01384.01,FALSE POSITIVE,0,0.6243875,1.92102,36854.7,29.45,1639.0,1693.36,1.157,628.3,5211.0,4.644,0.618
K01385.01,FALSE POSITIVE,0,18.610092584,4.98308,50833.5,55.23,686.0,52.24,1.258,1309.3,6077.0,4.526,0.891
K01386.01,FALSE POSITIVE,0,1.137525054,2.68228,18006.1,42.74,1746.0,2197.52,1.238,633.1,5912.0,4.467,0.937
K01387.01,FALSE POSITIVE,0,23.799939273,5.02319,60186.4,51.74,637.0,38.92,1.137,2065.8,5934.0,4.473,0.957
K01388.01,FALSE POSITIVE,0,34.064566412,9.6114,28450.4,15.57,570.0,25.0,0.524,1305.9,6161.0,4.517,0.892
K01464.01,FALSE POSITIVE,0,2.113202658,3.5234,2104.8,207.71,1281.0,635.47,3.178,97.2,5482.0,4.502,0.858
K01465.01,FALSE POSITIVE,0,9.771462706,1.767,6933.2,10.15,799.0,96.39,0.946,215.0,5812.0,4.551,0.853
K01466.01,CANDIDATE,1,281.5628889,8.853,21012.0,10.83,214.0,0.49,0.0,237.1,4810.0,4.536,0.776
K01467.01,FALSE POSITIVE,0,1.157808038,3.6705,866.7,22.9,1579.0,1472.38,1.203,78.8,5566.0,4.532,0.886
K01468.01,FALSE POSITIVE,0,8.48031942,7.297,1426.7,4.54,918.0,168.01,0.918,92.8,5951.0,4.439,0.991
K01469.01,FALSE POSITIVE,0,3.582076914,4.4228,1534.4,5.33,1265.0,604.27,0.966,138.4,6109.0,4.422,0.993
K01470.01,CONFIRMED,2,15.43400996,4.2572,1785.9,4.3,721.0,63.79,0.707,59.7,5900.0,4.509,0.951
K00183.01,CONFIRMED,2,2.684328541,2.69382,18136.5,12.73,1265.0,603.57,0.076,2833.1,5561.0,4.411,0.956
K01549.01,FALSE POSITIVE,0,29.481061268,3.6636,11870.9,16.61,571.0,25.1,0.983,332.0,5631.0,4.41,0.901
K01550.01,FALSE POSITIVE,0,2.233799622,3.04,2658.5,28.63,1287.0,650.73,1.249,228.9,5741.0,4.555,0.846
K01551.01,FALSE POSITIVE,0,31.13862664,5.2482,11427.0,12.88,582.0,27.22,0.889,163.7,5919.0,4.485,1.0
K01552.01,CANDIDATE,1,77.63424586,4.1002,16612.0,9.4,325.0,2.65,0.113,185.5,4812.0,4.548,0.755
K01553.01,CONFIRMED,2,52.75878505,6.6517,5805.8,8.76,540.0,20.08,0.344,265.4,6228.0,4.413,1.137
K01611.01,FALSE POSITIVE,0,41.077590334,6.20583,134484.0,23.2,346.0,3.37,0.502,5518.2,4451.0,4.654,0.62
K01612.01,CONFIRMED,2,2.465024332,1.262,30.7,0.69,1561.0,1406.11,0.548,23.2,6139.0,4.291,1.194
K01613.01,CONFIRMED,2,15.86624787,4.25,77.3,1.31,879.0,141.18,0.858,28.4,6099.0,4.193,1.308
K01613.02,CANDIDATE,1,94.094392,10.833,46.6,0.9,486.0,13.14,0.32,10.6,6099.0,4.193,1.308
K01613.03,CANDIDATE,1,20.605501,3.793,37.1,0.85,806.0,99.53,0.705,11.1,6099.0,4.193,1.308
K01614.01,FALSE POSITIVE,0,20.7191626,3.912,184.4,1.85,790.0,92.2,0.016,8.9,5837.0,4.143,1.366
K01615.01,CONFIRMED,2,1.340596782,1.6484,107.5,1.16,1783.0,2393.35,0.007,37.6,5992.0,4.385,1.125
K01704.01,CONFIRMED,2,10.4188915,3.0069,670.0,3.17,855.0,126.48,0.856,42.1,5692.0,4.36,1.064
K01705.01,CONFIRMED,2,20.4998763,6.501,437.8,2.8,731.0,67.67,0.943,21.1,6249.0,4.428,1.076
K01706.01,CONFIRMED,2,1.921437488,1.9046,278.7,1.77,1276.0,626.79,0.919,56.7,5238.0,4.472,0.851
K01707.01,CONFIRMED,2,96.109323,9.877,982.3,4.01,409.0,6.59,0.948,28.7,5792.0,4.375,1.005
K01707.02,CONFIRMED,2,265.47847,10.28,1040.7,4.2,291.0,1.7,0.956,18.1,5792.0,4.375,1.005
K01708.01,CANDIDATE,1,32.7737631,3.416,564.5,5.0,686.0,52.22,0.971,21.7,5640.0,4.076,1.534
K01709.01,FALSE POSITIVE,0,22.4685309,3.034,242.3,20.05,1040.0,276.85,1.032,21.3,5461.0,3.566,3.301
K01793.01,CANDIDATE,1,3.261759866,1.7593,3876.1,8.01,1262.0,599.54,0.949,190.4,6131.0,4.497,0.945
K01794.01,FALSE POSITIVE,0,3.364425589,1.3261,4843.0,56.83,1106.0,352.97,1.597,32.0,5813.0,4.589,0.775
K01795.01,FALSE POSITIVE,0,2.972047661,1.198,5945.0,24.74,881.0,142.01,1.207,20.0,4491.0,4.58,0.711
K01796.01,FALSE POSITIVE,0,11.805707539,2.0494,2052.1,18.48,1153.0,417.85,1.015,124.9,6065.0,3.888,1.891
K01797.01,CONFIRMED,2,16.78175788,3.7386,908.0,2.25,545.0,20.82,0.502,118.8,4925.0,4.588,0.742
K01798.01,FALSE POSITIVE,0,12.964717746,1.8303,3732.9,39.93,834.0,114.24,1.282,183.3,6210.0,4.45,1.033
K01864.01,CONFIRMED,2,3.215109385,4.365,158.0,1.54,1155.0,421.21,0.954,53.3,5541.0,4.472,0.934
K01865.01,FALSE POSITIVE,0,1.86390886,4.414,176.1,77.99,2902.0,16718.87,1.2,18.3,6689.0,3.594,3.381
K01866.01,CONFIRMED,2,105.3035093,6.214,1362.2,3.18,351.0,3.58,0.027,40.6,5534.0,4.515,0.875
K01867.01,CONFIRMED,2,2.549562652,1.6999,495.1,1.11,682.0,50.9,0.047,43.7,3716.0,4.74,0.506
K01867.02,CONFIRMED,2,13.96950181,1.5871,1110.0,2.04,387.0,5.29,0.901,37.0,3716.0,4.74,0.506
K01867.03,CONFIRMED,2,5.21230171,2.098,430.0,1.04,537.0,19.7,0.187,29.3,3716.0,4.74,0.506
K01868.01,CONFIRMED,2,17.76076524,1.6679,1287.2,1.93,368.0,4.34,0.627,42.6,3826.0,4.744,0.516
K01938.01,CONFIRMED,2,96.9151707,6.065,862.8,2.37,325.0,2.64,0.541,53.4,5162.0,4.559,0.791
K01939.01,CONFIRMED,2,13.47472742,2.5995,729.6,1.96,634.0,38.21,0.025,25.3,5395.0,4.615,0.734
K01940.01,CONFIRMED,2,10.99470891,1.5929,884.7,1.71,512.0,16.24,0.265,32.7,4302.0,4.661,0.586
K01941.01,FALSE POSITIVE,0,1.194812329,1.3777,189.5,1.36,1806.0,2521.46,0.404,41.2,6198.0,4.475,0.97
K01942.01,CONFIRMED,2,10.84969477,3.474,1122.1,2.67,676.0,49.3,0.55,43.5,5251.0,4.592,0.778
K01942.02,CANDIDATE,1,2.433703498,0.975,258.3,1.66,1112.0,362.64,0.952,10.2,5251.0,4.592,0.778
K01943.01,CONFIRMED,2,29.92208104,2.7716,345.3,3.09,782.0,88.52,0.38,37.6,6127.0,4.055,1.637
K02016.01,CONFIRMED,2,4.30656389,4.1107,257.0,1.95,1177.0,453.2,0.894,39.8,6108.0,4.466,1.03
K02017.01,CONFIRMED,2,2.29503515,1.654,172.1,1.18,1304.0,681.51,0.16,11.6,5637.0,4.482,0.909
K02018.01,CONFIRMED,2,27.495634,4.858,483.3,2.11,590.0,28.66,0.664,24.7,5657.0,4.401,0.911
K02018.02,CANDIDATE,1,16.0988294,5.686,160.2,1.14,705.0,58.53,0.017,10.9,5657.0,4.401,0.911
K02019.01,CONFIRMED,2,14.08826442,4.1847,889.4,2.66,724.0,64.97,0.133,34.2,5853.0,4.529,0.895
K02020.01,CONFIRMED,2,110.9643706,12.831,1283.2,2.11,239.0,0.77,0.729,42.1,4441.0,4.695,0.546
K02021.01,CONFIRMED,2,3.76417012,2.0111,558.4,1.7,908.0,160.99,0.287,27.2,5063.0,4.617,0.728
K02086.01,CONFIRMED,2,7.1329472,4.368,145.0,1.64,1102.0,349.21,0.612,27.2,5862.0,4.194,1.307
K02086.02,CONFIRMED,2,8.91901228,4.141,180.6,1.84,1023.0,258.92,0.619,29.6,5862.0,4.194,1.307
K02086.03,CONFIRMED,2,11.8984948,3.015,130.9,1.69,929.0,176.27,0.836,15.9,5862.0,4.194,1.307
K02087.01,CONFIRMED,2,23.1274171,4.901,157.3,1.44,667.0,46.89,0.737,20.9,5865.0,4.393,1.066
K02088.01,FALSE POSITIVE,0,2.63009438,11.226,388.9,25.55,1480.0,1135.97,1.195,69.4,6338.0,4.418,1.091
K02089.01,FALSE POSITIVE,0,9.40527028,2.076,470.9,25.39,938.0,182.72,1.212,20.7,6347.0,4.464,0.996
K00239.02,CONFIRMED,2,3.62275506,2.7868,180.6,1.62,1304.0,683.84,0.007,22.3,5794.0,4.282,1.216
K02163.03,CANDIDATE,1,28.2251049,2.354,201.3,1.59,625.0,36.13,0.778,8.9,6014.0,4.436,1.021
K02164.01,CONFIRMED,2,5.1233204,2.7466,286.2,1.65,994.0,231.12,0.308,25.1,5364.0,4.394,0.982
K02165.01,FALSE POSITIVE,0,7.01476115,3.945,122.1,1.02,928.0,175.85,0.687,27.5,5912.0,4.501,0.87
K02166.01,CONFIRMED,2,61.6174528,3.816,1350.7,3.36,424.0,7.67,0.091,19.5,5480.0,4.485,0.931
K02167.01,CONFIRMED,2,24.3398202,3.891,777.3,5.09,737.0,69.79,0.928,27.8,5596.0,4.105,1.466
K00245.02,CONFIRMED,2,21.30181863,3.8763,87.3,0.72,564.0,23.89,0.086,32.4,5437.0,4.571,0.781
K02167.03,CONFIRMED,2,76.5369531,5.574,652.2,3.73,503.0,15.15,0.327,17.7,5596.0,4.105,1.466
K02237.01,CONFIRMED,2,76.421501,7.218,578.4,2.81,455.0,10.11,0.015,23.9,5561.0,4.263,1.19
K02238.01,CONFIRMED,2,1.646801683,1.1966,284.2,0.86,806.0,99.8,0.129,25.2,3810.0,4.753,0.513
K02239.01,FALSE POSITIVE,0,12.1097626,10.174,113.9,1.09,681.0,50.68,0.981,28.2,5437.0,4.547,0.739
K02241.01,CONFIRMED,2,7.16520428,1.705,433.8,2.31,1034.0,270.34,0.142,17.6,6174.0,4.417,1.103
K00250.02,CONFIRMED,2,17.25121397,2.0371,2054.8,2.64,385.0,5.17,0.749,68.6,3879.0,4.708,0.537
K02242.01,CONFIRMED,2,1.755843555,1.9425,386.0,1.94,1343.0,771.02,0.893,25.1,5569.0,4.566,0.829
K02243.01,CONFIRMED,2,5.18560081,4.054,252.6,2.34,1314.0,705.79,0.012,27.6,6172.0,4.198,1.471
K02324.01,CANDIDATE,1,1.204686597,0.823,233.2,1.55,1711.0,2026.81,0.328,10.8,5780.0,4.438,1.0
K02325.01,CONFIRMED,2,1.025857984,0.8069,270.7,1.57,1520.0,1264.7,0.779,36.0,5123.0,4.501,0.847
K02327.01,CONFIRMED,2,5.60013327,2.6508,329.2,1.73,952.0,194.26,0.046,22.8,5288.0,4.391,0.978
K02328.01,CONFIRMED,2,25.2034128,4.515,697.1,2.42,600.0,30.62,0.168,22.3,5831.0,4.517,0.921
K02329.01,CONFIRMED,2,1.615357809,1.1435,499.6,1.37,806.0,99.32,0.931,31.2,3821.0,4.755,0.486
K00255.02,CANDIDATE,1,13.6032081,2.592,180.5,0.75,397.0,5.85,0.777,9.4,3780.0,4.746,0.511
K02330.01,FALSE POSITIVE,0,2.4681015,2.83,172.8,1.22,1244.0,564.74,0.689,22.1,5516.0,4.466,0.872
K02417.01,CONFIRMED,2,47.7052566,5.959,1161.5,2.89,347.0,3.42,0.918,22.8,4551.0,4.609,0.672
K02418.01,CONFIRMED,2,86.829519,7.464,751.0,1.68,196.0,0.35,0.953,15.1,3576.0,4.791,0.463
K02419.01,CONFIRMED,2,9.95667035,3.534,586.8,3.41,946.0,189.48,0.949,16.8,6165.0,4.365,1.115
K02420.01,CONFIRMED,2,10.41728722,4.125,210.4,1.64,870.0,135.34,0.12,20.3,5557.0,4.288,1.151
K00262.01,CONFIRMED,2,7.81285862,4.098,117.3,1.68,1196.0,483.06,0.03,32.3,6237.0,4.136,1.543
K02420.02,CANDIDATE,1,5.4675514,3.283,87.2,1.07,1078.0,319.36,0.27,10.4,5557.0,4.288,1.151
K02421.01,CANDIDATE,1,2.27050106,1.903,106.7,0.55,903.0,157.05,0.473,15.9,4671.0,4.721,0.528
K02503.01,CONFIRMED,2,14.8200596,3.902,184.9,0.96,552.0,21.92,0.059,21.9,4825.0,4.603,0.732
K02504.01,CONFIRMED,2,20.49041,4.369,661.8,2.34,625.0,36.01,0.011,23.3,5681.0,4.524,0.923
K02505.01,FALSE POSITIVE,0,0.962827066,4.48,86.3,29.27,3399.0,31471.91,1.079,28.7,6534.0,3.647,3.028
K00270.02,CONFIRMED,2,33.67280658,8.2267,170.9,1.86,661.0,45.09,0.309,61.2,5587.0,4.091,1.423
K02506.01,CONFIRMED,2,8.679037,2.864,301.6,1.79,949.0,191.84,0.224,19.9,6117.0,4.42,1.027
K02507.01,CONFIRMED,2,11.1296971,2.942,371.0,1.93,843.0,119.44,0.572,14.7,6122.0,4.487,0.964
K02508.01,FALSE POSITIVE,0,7.10397925,1.5398,370.5,1.51,818.0,105.84,0.192,16.8,5488.0,4.584,0.789
K02595.01,CONFIRMED,2,9.18244299,4.318,87.6,1.24,1052.0,289.74,0.257,20.3,6194.0,4.242,1.314
K02595.02,CONFIRMED,2,14.6134781,5.266,72.8,1.12,901.0,155.87,0.086,15.2,6194.0,4.242,1.314
K00276.01,CONFIRMED,2,41.74598855,4.6125,421.8,2.4,584.0,27.58,0.049,110.5,5978.0,4.316,1.171
K02596.01,FALSE POSITIVE,0,119.682075,31.28,1704.1,30.39,351.0,3.59,1.259,38.1,5778.0,4.531,0.911
K02597.01,CONFIRMED,2,8.00504749,3.32,187.5,1.52,1035.0,271.68,0.054,15.6,6398.0,4.411,1.101
K02597.02,CONFIRMED,2,12.13070414,3.843,211.2,1.61,901.0,155.85,0.083,15.3,6398.0,4.411,1.101
K02597.03,CONFIRMED,2,5.61357653,2.905,162.3,1.41,1165.0,435.61,0.119,15.2,6398.0,4.411,1.101
K01389.01,FALSE POSITIVE,0,4.350087749,2.6428,23593.0,24.77,1136.0,393.2,0.986,192.2,6060.0,4.495,0.953
K01390.01,FALSE POSITIVE,0,1.744101106,1.5497,9681.4,7.21,1016.0,251.54,0.618,152.6,4368.0,4.593,0.703
K00168.02,CONFIRMED,2,15.27443889,6.0765,206.7,2.17,896.0,152.62,0.153,40.3,5761.0,4.091,1.518
K01391.01,FALSE POSITIVE,0,7.981187121,1.8071,7609.5,18.75,966.0,205.88,1.036,202.1,6217.0,4.472,0.989
K01392.01,FALSE POSITIVE,0,4.118775582,3.76,2647.7,4.48,1067.0,306.75,0.754,125.6,5944.0,4.579,0.802
K01393.01,CANDIDATE,1,1.694740233,1.6864,1446.8,2.12,797.0,95.14,0.671,92.3,3764.0,4.739,0.527
K01471.01,FALSE POSITIVE,0,1.780984316,2.173,590.9,2.33,1397.0,899.03,0.782,46.0,5730.0,4.545,0.87
K01472.01,CONFIRMED,2,85.3514875,6.7504,4674.7,6.31,390.0,5.44,0.052,142.8,5584.0,4.478,0.938
K00175.01,FALSE POSITIVE,0,6.71425632,3.339,283.5,5.76,1565.0,1416.6,0.965,46.5,6093.0,3.737,2.623
K01473.01,CANDIDATE,1,23.02028478,3.544,5077.8,7.58,604.0,31.4,0.794,97.2,5613.0,4.496,0.956
K01474.01,CONFIRMED,2,69.72646639,3.7177,4491.2,11.65,613.0,33.3,0.019,300.7,6430.0,4.107,1.731
K01475.01,CONFIRMED,2,1.609321941,1.6067,728.5,1.57,958.0,199.28,0.016,35.3,4224.0,4.662,0.603
K01475.02,CONFIRMED,2,9.51220046,2.9497,1169.4,1.99,530.0,18.66,0.133,31.9,4224.0,4.662,0.603
K01554.01,FALSE POSITIVE,0,1.332564478,6.0325,1071.5,27.04,1618.0,1627.5,1.248,119.6,5995.0,4.536,0.878
K01555.01,FALSE POSITIVE,0,41.0772969,5.525,1216.8,3.25,523.0,17.74,0.03,28.8,5665.0,4.381,0.938
K01556.01,FALSE POSITIVE,0,135.9121619,5.628,10188.0,40.18,370.0,4.41,1.256,99.5,6141.0,4.468,0.959
K01557.01,CONFIRMED,2,3.295701024,1.8268,1745.7,2.81,875.0,138.38,0.267,114.7,4723.0,4.628,0.691
K01557.02,CONFIRMED,2,9.65349016,2.9029,1308.6,2.41,611.0,32.98,0.149,63.1,4723.0,4.628,0.691
K00184.01,FALSE POSITIVE,0,7.300735516,5.78725,13051.7,13.32,1086.0,328.98,0.446,1640.0,6434.0,4.394,1.138
K01557.03,CONFIRMED,2,5.315954488,1.1165,965.9,2.33,746.0,73.19,0.718,37.7,4723.0,4.628,0.691
K00191.03,CANDIDATE,1,0.708621057,1.5041,187.5,1.2,1846.0,2741.07,0.033,30.5,5422.0,4.484,0.887
K01616.01,CONFIRMED,2,13.93291548,2.6239,131.6,1.66,852.0,124.53,0.908,28.9,6026.0,4.321,1.207
K01618.01,CONFIRMED,2,2.36436762,3.372,28.4,0.82,1752.0,2228.09,0.146,12.4,6250.0,4.184,1.543
K01619.01,CANDIDATE,1,20.6654374,3.172,100.4,0.66,487.0,13.35,0.05,13.6,4830.0,4.605,0.676
K01620.01,FALSE POSITIVE,0,0.959853772,1.9163,55.8,1.3,2468.0,8768.54,0.646,27.1,6061.0,4.025,1.653
K01621.01,CONFIRMED,2,20.31047472,5.3357,164.6,2.41,931.0,177.81,0.05,46.1,6065.0,3.97,1.877
K01622.01,CANDIDATE,1,69.8347983,8.262,266.6,3.51,765.0,80.97,0.672,46.8,7732.0,4.075,2.022
K01710.01,CONFIRMED,2,14.20442616,3.898,800.6,1.9,602.0,31.1,0.011,26.7,5350.0,4.647,0.678
K00199.02,FALSE POSITIVE,0,8.78458274,6.459,210.8,2.6,1149.0,411.55,0.681,25.9,5927.0,4.046,1.691
K01711.01,CONFIRMED,2,55.673582,3.778,765.1,2.19,384.0,5.16,0.274,22.7,4998.0,4.53,0.808
K01712.01,FALSE POSITIVE,0,10.16104834,3.0448,908.9,2.72,800.0,96.98,0.031,36.8,5636.0,4.462,0.913
K01713.01,CONFIRMED,2,6.82778157,2.3726,545.8,1.34,577.0,26.31,0.336,32.2,4198.0,4.689,0.574
K01713.02,CONFIRMED,2,2.240486703,1.3988,436.3,1.22,837.0,115.98,0.461,33.8,4198.0,4.689,0.574
K01714.01,CANDIDATE,1,2.743978797,6.442,39994.0,38.11,1136.0,392.49,1.138,56.5,5334.0,4.492,0.81
K01799.01,FALSE POSITIVE,0,1.731079436,1.8419,11974.0,56.05,1541.0,1332.5,1.404,36.2,6045.0,4.494,0.955
K01800.01,CONFIRMED,2,7.794302043,1.1081,3387.4,16.51,882.0,142.82,1.06,159.2,5494.0,4.405,0.982
K01801.01,CONFIRMED,2,14.5324483,3.13,1355.9,3.11,664.0,46.06,0.001,16.5,5345.0,4.473,0.86
K00209.02,CONFIRMED,2,18.79591276,7.5235,2431.4,7.39,852.0,124.64,0.695,282.3,6163.0,4.185,1.406
K01802.01,CONFIRMED,2,5.248667607,1.917,601.2,2.84,1056.0,293.42,0.847,59.5,5807.0,4.437,1.012
K01803.01,CANDIDATE,1,4.539297295,1.9455,798.1,2.34,830.0,112.09,0.83,50.3,4914.0,4.61,0.724
K01803.02,FALSE POSITIVE,0,12.720298433,2.4599,283.6,1.37,589.0,28.37,0.805,12.7,4914.0,4.61,0.724
K01869.01,FALSE POSITIVE,0,38.4769457,5.825,259.4,4.79,814.0,103.72,0.981,18.4,6079.0,3.834,2.163
K01870.01,CONFIRMED,2,7.96431492,1.5342,746.0,2.44,805.0,99.42,0.189,44.3,5185.0,4.44,0.91
K00218.01,FALSE POSITIVE,0,18.692860599,3.88584,51256.5,14.81,528.0,18.4,0.116,1281.9,5190.0,4.66,0.66
K01871.01,CONFIRMED,2,92.7297248,6.83,1257.5,2.81,276.0,1.38,0.857,43.3,4580.0,4.641,0.675
K01871.02,CONFIRMED,2,32.376183,4.4639,745.4,2.26,392.0,5.61,0.896,34.2,4580.0,4.641,0.675
K01872.01,CANDIDATE,1,30.5231459,2.7286,2212.3,11.26,506.0,15.46,1.06,38.7,5518.0,4.585,0.79
K01873.01,CONFIRMED,2,71.3116598,8.813,2138.0,4.94,475.0,12.01,0.035,43.4,6194.0,4.445,1.069
K01944.01,CONFIRMED,2,12.18420006,2.5014,499.3,2.59,819.0,106.52,0.746,23.3,5771.0,4.374,1.068
K00224.01,FALSE POSITIVE,0,3.979867514,2.3607,907.6,26.5,1173.0,446.89,1.216,65.2,6032.0,4.485,0.973
K01944.02,FALSE POSITIVE,0,8.3606759,6.287,194.8,1.49,929.0,176.04,0.259,17.7,5771.0,4.374,1.068
K01945.01,CONFIRMED,2,62.1385979,4.2938,886.3,5.14,524.0,17.88,0.699,36.1,5123.0,3.992,1.621
K01946.01,CANDIDATE,1,8.29482811,2.7437,559.5,2.76,876.0,139.38,0.932,38.1,5773.0,4.478,0.939
K01947.01,CANDIDATE,1,6.422943288,1.0815,261.4,1.66,1034.0,269.8,0.198,30.6,6102.0,4.447,1.016
K01948.01,FALSE POSITIVE,0,26.635216,5.949,1492.8,27.64,536.0,19.45,1.242,30.6,5215.0,4.455,0.882
K00232.05,CONFIRMED,2,56.2590881,8.114,348.8,2.22,543.0,20.49,0.026,29.7,6038.0,4.284,1.191
K02022.01,CONFIRMED,2,5.92972237,2.518,412.1,1.92,972.0,210.95,0.048,8.9,5741.0,4.492,0.956
K02022.02,CONFIRMED,2,12.2476121,3.209,402.7,1.9,763.0,80.29,0.116,6.8,5741.0,4.492,0.956
K02023.01,CONFIRMED,2,13.59051547,3.784,621.9,2.4,724.0,64.8,0.232,27.7,5442.0,4.409,0.974
K02024.01,CONFIRMED,2,46.8776724,10.041,539.8,2.62,484.0,13.01,0.834,37.5,5504.0,4.418,0.993
K02025.01,CONFIRMED,2,17.84850835,5.8919,391.2,3.29,888.0,146.82,0.849,43.5,6188.0,4.152,1.465
K02025.02,CONFIRMED,2,26.1363443,6.613,362.2,2.8,782.0,88.29,0.187,38.1,6188.0,4.152,1.465
K02090.01,CONFIRMED,2,5.132486123,1.4575,908.4,1.69,584.0,27.41,0.217,35.4,3879.0,4.707,0.578
K02091.01,CONFIRMED,2,8.77997349,3.2201,755.7,2.12,713.0,61.24,0.481,32.7,5191.0,4.597,0.764
K02092.01,CONFIRMED,2,57.6896212,5.118,1626.6,5.14,512.0,16.19,0.924,30.2,6228.0,4.441,1.049
K02092.02,CONFIRMED,2,25.5638626,4.685,1124.9,4.0,671.0,47.94,0.85,31.6,6228.0,4.441,1.049
K02092.03,CONFIRMED,2,77.086191,4.77,942.8,29.77,464.0,11.0,1.227,12.9,6228.0,4.441,1.049
K02093.01,CANDIDATE,1,6.78341325,3.5437,501.2,20.75,2628.0,11295.61,0.665,35.3,5096.0,2.435,8.769
K02093.02,CANDIDATE,1,2.508116,2.504,188.1,12.28,3662.0,42618.46,0.472,18.3,5096.0,2.435,8.769
K02168.01,CONFIRMED,2,3.28192056,2.917,191.0,1.6,1326.0,728.9,0.223,24.5,5859.0,4.335,1.162
K02168.02,CONFIRMED,2,12.51610549,4.853,263.0,1.87,848.0,122.54,0.023,22.6,5859.0,4.335,1.162
K02169.01,CONFIRMED,2,5.45298742,2.1328,86.0,0.92,904.0,158.12,0.879,21.0,5450.0,4.563,0.842
K02169.02,CONFIRMED,2,3.26662733,2.056,59.9,0.68,1072.0,312.85,0.623,18.6,5450.0,4.563,0.842
K02169.03,CONFIRMED,2,4.27226421,2.113,48.9,0.64,981.0,218.63,0.744,13.7,5450.0,4.563,0.842
K02169.04,CANDIDATE,1,2.19251903,1.845,18.1,0.37,1225.0,533.25,0.616,6.6,5450.0,4.563,0.842
K02170.01,FALSE POSITIVE,0,0.941603153,1.1886,462.1,2.29,1608.0,1575.78,0.93,46.2,5237.0,4.481,0.837
K02243.02,CONFIRMED,2,8.45805119,2.998,258.7,2.52,1117.0,367.05,0.697,18.3,6172.0,4.198,1.471
K02243.03,CANDIDATE,1,31.4452709,1.758,531.1,4.55,721.0,63.78,0.97,12.7,6172.0,4.198,1.471
K02244.01,FALSE POSITIVE,0,19.7352868,5.097,319.4,49.24,743.0,72.08,1.417,17.1,6329.0,4.44,1.045
K02245.01,CONFIRMED,2,33.4698571,4.749,370.7,2.45,609.0,32.52,0.876,23.2,5912.0,4.342,1.094
K02246.01,CONFIRMED,2,11.89520436,3.433,184.3,1.33,787.0,90.77,0.067,22.3,5649.0,4.411,0.992
K02247.01,CONFIRMED,2,4.45743267,2.3226,175.7,0.79,732.0,67.7,0.175,20.8,4487.0,4.644,0.612
K02248.01,CONFIRMED,2,2.81814715,1.763,278.6,1.3,1059.0,298.2,0.305,16.5,5167.0,4.555,0.787
K02331.01,CONFIRMED,2,2.832647249,2.306,114.7,1.37,1453.0,1054.98,0.374,27.5,5865.0,4.266,1.272
K02332.01,CONFIRMED,2,3.70063251,5.408,68.6,1.24,1329.0,737.02,0.71,29.8,5423.0,4.105,1.404
K02333.01,CONFIRMED,2,3.93083997,2.932,101.4,1.2,1317.0,711.45,0.222,22.0,6038.0,4.284,1.191
K02333.02,CONFIRMED,2,7.63008196,2.78,124.0,1.39,1056.0,293.67,0.628,18.6,6038.0,4.284,1.191
K02335.01,CONFIRMED,2,16.22378479,2.5462,262.3,1.51,676.0,49.35,0.413,20.6,5547.0,4.46,0.925
K02336.01,FALSE POSITIVE,0,5.33459393,2.642,226.3,0.79,627.0,36.55,0.158,14.7,4275.0,4.704,0.533
K02337.01,CONFIRMED,2,8.49640437,2.2128,834.0,2.14,702.0,57.43,0.628,21.8,5093.0,4.586,0.709
K02421.02,CANDIDATE,1,4.02321842,2.162,81.2,0.48,747.0,73.5,0.396,9.8,4671.0,4.721,0.528
K02422.01,CONFIRMED,2,26.7838935,4.584,365.3,1.59,523.0,17.69,0.036,20.9,5242.0,4.512,0.856
K02422.02,CANDIDATE,1,57.3888262,3.543,344.4,1.88,406.0,6.41,0.876,11.9,5242.0,4.512,0.856
K02423.01,CONFIRMED,2,45.126216,6.656,373.1,2.32,604.0,31.54,0.49,17.1,6499.0,4.378,1.169
K02424.01,CONFIRMED,2,11.94019101,2.866,631.7,1.86,625.0,35.99,0.348,15.6,5073.0,4.607,0.748
K02425.01,FALSE POSITIVE,0,3.51295674,3.06,83.1,1.1,1434.0,999.6,0.499,22.5,6453.0,4.326,1.17
K02426.01,CONFIRMED,2,4.16056658,2.61,75.8,0.7,985.0,222.54,0.069,16.3,5481.0,4.574,0.815
K02509.01,CONFIRMED,2,4.5513988,2.457,188.7,1.13,907.0,159.65,0.248,19.4,5009.0,4.491,0.84
K02510.01,FALSE POSITIVE,0,12.2141545,10.262,535.8,18.13,683.0,51.37,1.175,24.7,5435.0,4.578,0.824
K02511.01,FALSE POSITIVE,0,3.732261,2.054,153.6,1.09,1119.0,369.47,0.4,15.7,5762.0,4.495,0.867
K02512.01,CANDIDATE,1,15.92108138,1.5443,716.8,3.14,645.0,40.88,0.972,16.1,5595.0,4.57,0.82
K02513.01,CONFIRMED,2,19.0054098,1.843,542.4,28.47,758.0,78.19,1.228,20.2,6347.0,4.423,1.036
K02514.01,FALSE POSITIVE,0,1.96433113,2.381,139.1,1.33,1638.0,1704.63,0.16,14.2,6306.0,4.405,1.121
K02516.01,CANDIDATE,1,2.81043228,3.874,47.4,1.43,1701.0,1978.53,0.351,17.8,5415.0,3.868,2.079
K02598.01,CANDIDATE,1,29.2254372,5.293,174.1,1.35,614.0,33.69,0.384,15.7,6049.0,4.461,1.008
K02599.01,FALSE POSITIVE,0,25.3239215,70.405,1379.7,19.02,484.0,12.94,1.218,214.5,5128.0,4.6,0.668
K02600.01,FALSE POSITIVE,0,1.33255087,3.565,123.3,1.19,1728.0,2107.29,0.415,14.0,5774.0,4.347,1.054
K02601.01,FALSE POSITIVE,0,2.622134451,4.735,128.2,1.64,1548.0,1359.14,0.664,42.9,5864.0,4.199,1.369
K02602.01,CONFIRMED,2,11.47685263,2.756,240.6,1.58,796.0,94.94,0.07,16.5,5550.0,4.384,1.032
K02603.01,CANDIDATE,1,73.711039,10.062,136.7,1.77,563.0,23.81,0.284,21.1,6374.0,4.193,1.502
K00277.01,CONFIRMED,2,16.23191704,7.461,501.6,3.54,926.0,174.1,0.017,194.9,5919.0,4.042,1.585
K01394.01,FALSE POSITIVE,0,5.663621501,1.2968,1225.0,2.47,774.0,84.76,0.169,39.8,4917.0,4.601,0.723
K01395.01,CONFIRMED,2,6.230335,1.6493,1449.2,3.7,875.0,138.33,0.808,31.6,5477.0,4.557,0.865
K01396.01,CONFIRMED,2,6.62643441,3.1752,814.6,2.54,895.0,151.59,0.111,40.6,5616.0,4.529,0.903
K01396.02,CONFIRMED,2,3.70122061,2.523,327.4,1.62,1087.0,330.02,0.178,19.6,5616.0,4.529,0.903
K01397.01,CANDIDATE,1,6.247030799,1.4848,1496.6,1.89,512.0,16.23,0.039,44.8,3821.0,4.764,0.487
K01398.01,CONFIRMED,2,5.82348911,2.2441,888.7,3.0,955.0,196.33,0.877,38.1,5774.0,4.526,0.864
K01399.01,CANDIDATE,1,8.75059775,2.8288,881.9,2.27,682.0,51.0,0.33,28.3,4942.0,4.599,0.779
K01475.03,CONFIRMED,2,4.72941177,2.234,434.3,1.22,669.0,47.3,0.236,14.6,4224.0,4.662,0.603
K01476.01,CONFIRMED,2,56.3587987,6.927,2559.6,5.04,419.0,7.29,0.906,44.4,5446.0,4.525,0.821
K01477.01,CANDIDATE,1,169.4976085,7.77,12192.0,9.06,272.0,1.29,0.625,82.8,5270.0,4.592,0.787
K01478.01,CONFIRMED,2,76.13622222,7.9393,2949.5,4.78,399.0,6.01,0.044,339.4,5591.0,4.494,0.892
K01479.01,FALSE POSITIVE,0,4.9883872,9.142,638.2,2.59,990.0,227.27,0.939,52.9,5819.0,4.565,0.823
K01480.01,CONFIRMED,2,20.38174802,3.7922,1597.1,3.16,528.0,18.36,0.295,46.8,4883.0,4.515,0.808
K00176.01,CONFIRMED,2,30.22910274,6.6751,443.4,3.49,755.0,76.88,0.77,71.7,6325.0,4.188,1.518
K01557.04,CONFIRMED,2,1.499144441,1.4259,258.9,1.09,1137.0,395.06,0.331,22.2,4723.0,4.628,0.691
K01558.01,FALSE POSITIVE,0,32.50456309,2.4657,7589.6,10.68,591.0,28.8,0.927,148.1,6132.0,4.479,0.947
K01559.01,FALSE POSITIVE,0,1.332560589,4.2427,566.6,1.4,1086.0,330.32,0.009,108.8,4489.0,4.662,0.609
K01560.01,FALSE POSITIVE,0,31.56904354,2.6364,4229.4,11.18,575.0,25.83,0.985,113.6,5654.0,4.387,0.998
K01561.01,FALSE POSITIVE,0,9.08590495,2.0718,2121.3,6.28,861.0,130.1,0.978,50.5,5931.0,4.479,0.866
K01562.01,FALSE POSITIVE,0,0.784512952,2.4623,586.0,25.48,1952.0,3432.93,1.234,44.4,5997.0,4.522,0.904
K01562.02,CANDIDATE,1,20.0679247,5.236,482.2,2.25,662.0,45.49,0.849,13.8,5997.0,4.522,0.904
K01623.01,FALSE POSITIVE,0,110.9215892,5.282,498.0,3.71,443.0,9.12,0.905,48.2,5725.0,4.148,1.384
K01624.01,FALSE POSITIVE,0,2.99540439,6.172,223.2,65.37,2195.0,5493.46,1.179,45.6,6106.0,3.633,3.09
K01625.01,FALSE POSITIVE,0,1.221204888,1.8511,111.6,1.1,1772.0,2334.4,0.6,27.3,5874.0,4.378,0.997
K01626.01,CONFIRMED,2,2.53475568,4.5716,463.0,2.02,1218.0,519.95,0.878,51.3,5662.0,4.532,0.806
K00191.04,CONFIRMED,2,38.6520796,5.607,566.5,2.07,487.0,13.28,0.038,24.8,5422.0,4.484,0.887
K01627.01,CONFIRMED,2,10.29674097,2.7292,1011.8,5.75,1129.0,384.86,0.298,31.3,6068.0,4.04,1.797
K01627.02,CONFIRMED,2,5.93919041,2.285,424.5,3.7,1357.0,801.92,0.107,15.9,6068.0,4.04,1.797
K01715.01,CONFIRMED,2,105.0145774,7.426,296.0,2.29,406.0,6.44,0.954,33.9,5868.0,4.363,1.042
K01716.01,CONFIRMED,2,4.88084456,2.5574,343.0,1.55,879.0,141.0,0.227,32.6,4929.0,4.481,0.861
K01717.01,CONFIRMED,2,10.56137217,3.2645,238.4,2.43,867.0,133.56,0.963,21.7,5610.0,4.316,1.171
K01718.01,CONFIRMED,2,67.6690554,9.556,961.1,3.39,495.0,14.24,0.354,37.2,6127.0,4.356,1.08
K01718.02,CONFIRMED,2,153.348739,12.205,388.0,2.14,377.0,4.78,0.261,12.7,6127.0,4.356,1.08
K00200.01,CONFIRMED,2,7.340714946,2.9987,8510.5,14.31,1155.0,421.03,0.568,856.3,6056.0,4.191,1.498
K01719.01,FALSE POSITIVE,0,1.332561398,4.103,150.6,2.16,2276.0,6330.12,0.783,77.1,6468.0,4.107,1.602
K01803.03,FALSE POSITIVE,0,6.238315363,2.501,82.9,0.7,746.0,73.27,0.707,5.3,4914.0,4.61,0.724
K01804.01,CONFIRMED,2,5.90741476,1.016,5569.0,5.1,769.0,82.73,0.177,7.2,4963.0,4.585,0.69
K01805.01,CONFIRMED,2,6.94135824,1.8899,825.0,2.96,876.0,139.05,0.871,43.1,5527.0,4.491,0.88
K01805.02,CONFIRMED,2,31.7821117,3.856,570.2,2.08,528.0,18.32,0.17,21.6,5527.0,4.491,0.88
K01805.03,CONFIRMED,2,4.36273233,2.2375,341.6,1.76,1023.0,258.7,0.732,25.6,5527.0,4.491,0.88
K01806.01,FALSE POSITIVE,0,2.404556949,7.4918,408.7,4.69,1958.0,3474.41,0.97,147.1,6426.0,4.013,1.775
K01806.02,CONFIRMED,2,17.9346606,6.25,142.7,2.8,1002.0,238.78,0.976,18.8,6426.0,4.013,1.775
K01873.02,CONFIRMED,2,34.9168399,7.343,500.0,2.39,602.0,31.13,0.026,15.4,6194.0,4.445,1.069
K01874.01,CONFIRMED,2,18.6848377,3.7965,1251.5,1.93,402.0,6.16,0.405,41.2,4156.0,4.712,0.545
K01874.02,CONFIRMED,2,7.41634701,2.1362,505.5,1.24,547.0,21.1,0.476,20.6,4156.0,4.712,0.545
K01875.01,CONFIRMED,2,9.91724268,3.2241,457.9,2.85,903.0,157.41,0.786,38.8,5539.0,4.244,1.207
K01875.02,CONFIRMED,2,0.53835407,1.5045,190.2,1.67,2386.0,7609.22,0.334,46.6,5539.0,4.244,1.207
K01876.01,CONFIRMED,2,82.5341188,4.8556,1895.4,2.45,260.0,1.08,0.033,40.1,4316.0,4.678,0.58
K00219.01,CONFIRMED,2,8.025118521,5.3694,3120.4,7.79,1093.0,336.73,0.454,373.0,6002.0,4.196,1.369
K01949.01,FALSE POSITIVE,0,0.993488979,1.9694,24327.0,17.9,1914.0,3172.24,0.83,145.8,5811.0,4.328,0.998
K01950.01,CONFIRMED,2,66.4159789,7.061,2053.2,3.44,376.0,4.71,0.371,33.6,5383.0,4.603,0.759
K01951.01,CONFIRMED,2,37.3228722,7.2146,307.5,35.34,1654.0,1769.88,0.608,42.6,4907.0,2.41,19.53
K01952.01,CONFIRMED,2,8.0103929,4.2713,294.1,1.88,940.0,184.38,0.045,34.6,5616.0,4.327,1.111
K01952.02,CONFIRMED,2,27.6666375,6.315,324.0,2.04,622.0,35.27,0.519,24.4,5616.0,4.327,1.111
K00225.01,FALSE POSITIVE,0,0.838597429,1.68668,2482.1,44.67,2278.0,6353.25,1.274,303.7,6366.0,4.352,1.236
K01952.03,CONFIRMED,2,5.19559398,3.748,116.0,1.18,1085.0,327.78,0.054,16.0,5616.0,4.327,1.111
K02025.03,CONFIRMED,2,11.1895709,5.3,143.3,1.81,1037.0,273.37,0.541,19.9,6188.0,4.152,1.465
K02026.01,CONFIRMED,2,2.757977384,2.1489,211.0,1.69,1332.0,744.97,0.875,22.5,5919.0,4.435,1.0
K02027.01,FALSE POSITIVE,0,3.635723653,2.1862,80.0,1.23,1478.0,1126.72,0.677,43.1,6422.0,4.249,1.295
K02028.01,CONFIRMED,2,57.2488518,6.083,1455.6,3.19,431.0,8.17,0.022,29.8,5642.0,4.542,0.846
K00233.01,FALSE POSITIVE,0,1.824649,4.2285,3218.5,5.31,1508.0,1222.28,0.901,184.3,6190.0,4.487,0.793
K02028.02,CONFIRMED,2,37.0551726,5.439,1028.8,3.19,498.0,14.59,0.884,23.2,5642.0,4.542,0.846
K02028.03,CONFIRMED,2,142.545,8.75,905.4,2.52,318.0,2.42,0.015,13.7,5642.0,4.542,0.846
K02093.03,CANDIDATE,1,0.496069986,1.5568,128.8,10.0,6285.0,369989.68,0.269,22.1,5096.0,2.435,8.769
K02094.01,CONFIRMED,2,42.4269647,5.907,632.4,3.44,496.0,14.33,0.962,26.0,5330.0,4.366,1.013
K02094.02,CONFIRMED,2,198.680859,8.282,645.4,2.79,297.0,1.83,0.746,16.6,5330.0,4.366,1.013
K00240.01,CONFIRMED,2,4.286866229,4.4726,1321.9,4.14,1217.0,517.66,0.757,167.3,6228.0,4.441,1.049
K02095.01,CONFIRMED,2,1.434745129,1.862,200.7,1.5,1664.0,1813.0,0.108,28.4,5806.0,4.4,1.064
K02096.01,CONFIRMED,2,9.76293284,3.064,553.2,1.94,703.0,57.59,0.499,23.6,5052.0,4.503,0.816
K02097.01,CONFIRMED,2,58.601926,5.522,396.4,2.06,508.0,15.8,0.392,19.1,6250.0,4.44,1.019
K02171.01,CONFIRMED,2,3.53232429,2.765,224.2,1.43,1159.0,427.65,0.299,12.8,5761.0,4.492,0.956
K02172.01,CONFIRMED,2,10.44087398,3.743,821.5,3.41,829.0,111.52,0.914,22.2,5738.0,4.426,0.981
K00246.01,CONFIRMED,2,5.398752862,3.4303,346.5,2.21,1140.0,398.33,0.015,289.6,5790.0,4.279,1.198
K02172.02,CONFIRMED,2,116.583183,5.8,819.0,2.91,371.0,4.47,0.586,8.7,5738.0,4.426,0.981
K02173.01,CONFIRMED,2,37.8154157,4.662,286.4,1.21,401.0,6.09,0.533,22.4,4856.0,4.624,0.705
K02173.02,CONFIRMED,2,53.5783052,5.194,224.9,1.16,357.0,3.82,0.769,15.4,4856.0,4.624,0.705
K02174.01,CANDIDATE,1,6.69332825,2.311,781.8,2.44,609.0,32.54,0.952,23.4,4245.0,4.641,0.637
K02248.03,CANDIDATE,1,0.76196247,1.282,190.2,1.08,1638.0,1710.11,0.322,18.3,5167.0,4.555,0.787
K00250.03,CONFIRMED,2,3.543919702,1.8717,507.0,1.21,652.0,42.68,0.022,38.2,3879.0,4.708,0.537
K02248.04,CANDIDATE,1,2.64622742,1.407,155.5,0.99,1082.0,324.38,0.478,8.4,5167.0,4.555,0.787
K02249.01,FALSE POSITIVE,0,13.37935853,8.809,353.5,6.65,1395.0,896.56,0.974,36.2,6739.0,3.712,2.702
K02250.01,CONFIRMED,2,2.935362067,1.5043,1052.6,3.15,1022.0,258.48,0.86,38.0,4922.0,4.505,0.823
K02250.02,CONFIRMED,2,0.626281766,1.1812,433.1,1.76,1711.0,2011.27,0.553,31.0,4922.0,4.505,0.823
K02251.01,FALSE POSITIVE,0,13.26255423,4.65,916.4,3.55,766.0,81.56,0.943,31.4,5973.0,4.506,0.935
K02338.01,CONFIRMED,2,66.1843646,5.155,560.5,2.72,436.0,8.57,0.877,21.3,5640.0,4.447,0.978
K02339.01,CONFIRMED,2,2.032318856,1.1596,287.5,1.12,1011.0,247.21,0.009,20.4,4670.0,4.635,0.682
K00255.03,FALSE POSITIVE,0,7.7333361,2.807,126.9,0.57,479.0,12.41,0.084,9.3,3780.0,4.746,0.511
K02340.01,CONFIRMED,2,7.68478504,2.447,274.1,1.47,830.0,112.06,0.045,21.4,5344.0,4.469,0.907
K02341.01,FALSE POSITIVE,0,0.990516282,2.019,101.6,3.52,2841.0,15469.83,0.989,20.4,5975.0,3.755,2.399
K02342.01,CONFIRMED,2,15.0447098,5.823,97.9,1.51,931.0,177.24,0.022,23.4,5798.0,4.025,1.525
K02342.02,FALSE POSITIVE,0,354.78194,6.46,193.0,30.53,325.0,2.62,1.17,7.7,5798.0,4.025,1.525
K02427.01,FALSE POSITIVE,0,2.93101771,2.231,199.1,1.15,1134.0,390.28,0.523,15.0,5485.0,4.5,0.788
K00262.02,CONFIRMED,2,9.37663713,2.1033,118.4,1.89,1125.0,379.3,0.828,21.0,6237.0,4.136,1.543
K02428.01,FALSE POSITIVE,0,16.2276756,3.699,525.8,2.11,648.0,41.57,0.633,20.5,5328.0,4.447,0.883
K02429.01,FALSE POSITIVE,0,1.595630597,1.793,259.6,17.94,1346.0,778.05,1.21,18.3,5632.0,4.616,0.729
K02430.01,FALSE POSITIVE,0,10.21507506,3.395,258.6,1.5,780.0,87.48,0.1,17.4,5406.0,4.433,0.95
K02432.01,CONFIRMED,2,31.0572947,3.401,636.6,1.85,480.0,12.57,0.335,15.8,5395.0,4.615,0.734
K02433.01,CONFIRMED,2,15.1622287,7.332,479.8,3.12,829.0,111.74,0.959,28.5,6325.0,4.409,1.112
K00271.01,CONFIRMED,2,48.6303805,7.0805,339.8,2.48,590.0,28.6,0.034,53.9,6075.0,4.264,1.352
K02517.01,CONFIRMED,2,0.968527683,1.3672,114.6,1.21,1677.0,1867.0,0.941,16.9,5580.0,4.538,0.886
K02518.01,FALSE POSITIVE,0,0.759762021,4.912,227.0,24.2,2280.0,6419.35,1.183,65.3,6386.0,4.402,1.123
K02519.01,CANDIDATE,1,4.790912471,0.5134,360.7,2.25,717.0,62.51,0.969,17.6,4359.0,4.601,0.676
K02520.01,CONFIRMED,2,6.49441464,2.344,357.3,1.75,732.0,68.05,0.911,17.7,4769.0,4.557,0.742
K02521.01,CONFIRMED,2,28.4750006,4.718,763.8,2.64,489.0,13.5,0.835,21.4,4996.0,4.497,0.831
K02521.02,CONFIRMED,2,4.86634094,1.885,366.7,1.94,881.0,142.39,0.895,15.2,4996.0,4.497,0.831
K02604.01,CANDIDATE,1,14.43348326,2.663,526.8,16.25,558.0,22.91,1.185,14.8,4915.0,4.627,0.702
K02605.01,FALSE POSITIVE,0,0.933746783,4.255,417.5,1.3,1309.0,696.63,0.007,62.8,4643.0,4.61,0.663
K02607.01,CANDIDATE,1,0.754457729,0.5891,248.2,2.07,2131.0,4879.62,0.677,31.1,5561.0,4.25,1.193
K02608.01,CONFIRMED,2,2.7612237,3.681,66.8,1.84,2017.0,3906.36,0.238,14.2,6381.0,3.897,2.232
K02609.01,FALSE POSITIVE,0,5.59727625,1.659,200.8,1.26,975.0,213.15,0.403,15.3,5796.0,4.522,0.876
K02610.01,CANDIDATE,1,24.1073172,10.465,104.2,2.74,1065.0,304.22,0.693,23.6,6585.0,3.813,2.517
K02610.02,CANDIDATE,1,115.230655,17.735,164.4,4.02,632.0,37.8,0.95,21.3,6585.0,3.813,2.517
K00168.03,CONFIRMED,2,7.10695741,5.1462,131.0,1.72,1157.0,422.8,0.079,33.8,5761.0,4.091,1.518
K01400.01,FALSE POSITIVE,0,9.41475056,4.736,483.4,19.33,962.0,202.58,1.148,55.2,6406.0,4.436,1.033
K01402.01,CONFIRMED,2,7.13969705,3.981,512.9,2.24,965.0,205.23,0.027,27.8,6014.0,4.486,0.993
K01403.01,CONFIRMED,2,18.75470238,3.0331,995.3,1.67,382.0,5.03,0.034,33.2,3976.0,4.721,0.54
K01404.01,CONFIRMED,2,13.32389352,3.2208,781.3,1.26,378.0,4.83,0.073,25.9,3751.0,4.813,0.45
K01404.02,CANDIDATE,1,18.9060921,4.125,375.6,0.87,336.0,3.03,0.004,11.9,3751.0,4.813,0.45
K01405.01,CONFIRMED,2,11.41911886,5.135,509.2,3.32,921.0,170.33,0.947,23.7,6311.0,4.398,1.172
K01480.02,CANDIDATE,1,7.00447892,2.669,231.4,1.19,754.0,76.26,0.139,9.9,4883.0,4.515,0.808
K01481.01,CONFIRMED,2,5.101375725,2.595,894.6,2.84,1050.0,287.28,0.027,55.1,5869.0,4.479,0.954
K01482.01,FALSE POSITIVE,0,17.7940049,4.091,879.4,312.48,762.0,79.54,3.72,27.7,6273.0,4.442,1.044
K01483.01,FALSE POSITIVE,0,185.9526325,3.5964,11106.9,50.98,343.0,3.28,1.264,147.3,5813.0,4.33,1.164
K01484.01,FALSE POSITIVE,0,3.47021401,2.289,1105.2,2.4,933.0,179.02,0.076,8.3,4922.0,4.555,0.744
K01485.01,FALSE POSITIVE,0,0.687895191,2.4233,462.5,1.35,1391.0,888.72,0.018,60.9,4478.0,4.615,0.651
K01486.01,CONFIRMED,2,127.2824442,7.1545,8088.6,12.04,392.0,5.61,0.827,148.1,5733.0,4.281,1.183
K01563.01,CONFIRMED,2,5.48711441,2.93,1328.6,3.24,836.0,115.29,0.812,51.9,5103.0,4.562,0.787
K01563.02,CONFIRMED,2,8.29084167,3.613,1033.9,3.21,728.0,66.47,0.929,34.7,5103.0,4.562,0.787
K00185.01,FALSE POSITIVE,0,23.210509958,3.09802,28736.9,21.19,595.0,29.69,0.954,958.7,5875.0,4.572,0.809
K01563.03,CONFIRMED,2,3.20539622,2.143,453.6,1.7,1000.0,236.11,0.512,20.6,5103.0,4.562,0.787
K01563.04,CONFIRMED,2,16.73869035,2.398,996.8,2.56,576.0,26.06,0.578,20.4,5103.0,4.562,0.787
K01564.01,CONFIRMED,2,53.44944498,5.3091,3437.0,5.82,486.0,13.23,0.092,119.5,5919.0,4.485,1.0
K01565.01,FALSE POSITIVE,0,0.466743525,1.3956,796.1,20.43,2197.0,5480.92,1.186,103.6,5791.0,4.549,0.856
K01627.03,CANDIDATE,1,3.80675878,2.092,231.9,2.75,1574.0,1449.04,0.26,10.4,6068.0,4.04,1.797
K01628.01,CONFIRMED,2,19.74733983,3.4444,480.7,2.62,754.0,76.57,0.595,47.1,6243.0,4.406,1.149
K01628.02,CONFIRMED,2,1.772451066,2.4592,79.2,1.02,1685.0,1904.34,0.006,22.4,6243.0,4.406,1.149
K01628.03,FALSE POSITIVE,0,37.8404232,6.408,232.6,1.76,607.0,32.14,0.211,23.7,6243.0,4.406,1.149
K01629.01,CONFIRMED,2,4.4096675,2.1418,132.7,1.51,1192.0,476.94,0.814,26.4,5836.0,4.347,1.166
K01630.01,CANDIDATE,1,11.30507984,3.989,278.4,1.4,744.0,72.67,0.195,19.5,5705.0,4.556,0.844
K01631.01,FALSE POSITIVE,0,0.592243731,1.386,3992.4,6.77,1551.0,1361.22,0.986,303.8,4920.0,4.664,0.591
K01720.01,CONFIRMED,2,59.6585348,5.514,1043.8,3.59,393.0,5.66,0.956,21.2,5243.0,4.547,0.831
K01721.01,CONFIRMED,2,52.6298542,6.118,675.8,3.68,544.0,20.65,0.311,27.2,5339.0,4.096,1.433
K01722.01,CONFIRMED,2,14.8783945,7.491,322.8,1.63,692.0,54.19,0.749,22.9,5822.0,4.557,0.837
K01723.01,CONFIRMED,2,59.6222627,6.888,993.4,3.63,486.0,13.23,0.873,31.9,6108.0,4.471,0.997
K01724.01,CONFIRMED,2,17.42393582,4.929,770.9,3.29,722.0,64.13,0.927,33.2,6018.0,4.46,0.969
K01725.01,CONFIRMED,2,9.8786461,1.8915,1472.7,1.6,393.0,5.65,0.019,49.2,3609.0,4.843,0.422
K01726.01,CONFIRMED,2,44.96407458,4.981,811.6,2.0,379.0,4.89,0.11,88.0,4827.0,4.615,0.729
K00210.01,FALSE POSITIVE,0,20.92735802,3.4256,8091.0,17.36,735.0,69.08,0.991,263.5,6126.0,4.358,1.109
K01806.03,CONFIRMED,2,8.37159554,5.252,98.0,2.39,1292.0,659.25,0.983,16.6,6426.0,4.013,1.775
K01807.01,CANDIDATE,1,132.1331011,26.715,7956.2,75.08,809.0,101.41,0.606,284.3,5067.0,2.877,8.121
K01808.01,CONFIRMED,2,89.1935737,4.0104,868.3,3.81,483.0,12.83,0.015,43.5,6071.0,4.239,1.295
K01809.01,CONFIRMED,2,13.09390911,2.2805,398.7,2.2,752.0,75.58,0.86,62.2,5772.0,4.487,0.956
K01809.02,CONFIRMED,2,4.915385452,2.7757,225.5,1.46,1042.0,279.43,0.484,65.6,5772.0,4.487,0.956
K01810.01,FALSE POSITIVE,0,87.455958,18.257,1604.9,70.11,728.0,66.26,1.262,118.9,7700.0,4.018,2.111
K01877.01,CONFIRMED,2,20.16037858,4.13,343.6,1.75,510.0,16.03,0.941,35.1,4975.0,4.614,0.724
K01878.01,CONFIRMED,2,40.80957343,3.158,436.1,3.44,623.0,35.68,0.949,39.3,6183.0,4.301,1.3
K01879.01,CONFIRMED,2,22.08551599,2.1727,3157.4,3.34,352.0,3.63,0.656,48.5,3828.0,4.712,0.565
K01880.01,CONFIRMED,2,1.151166776,1.0907,578.4,1.28,957.0,199.25,0.029,83.7,3951.0,4.73,0.535
K01881.01,CONFIRMED,2,28.26727385,4.5839,1160.2,2.93,517.0,16.84,0.01,42.1,5132.0,4.457,0.886
K01882.01,CONFIRMED,2,3.770590654,2.029,314.4,2.13,1272.0,619.65,0.24,37.1,5714.0,4.274,1.208
K01883.01,CONFIRMED,2,2.7073064,3.4378,69.5,1.36,1709.0,2012.12,0.007,31.7,6045.0,4.069,1.629
K01952.04,CONFIRMED,2,42.4729078,7.253,334.0,2.03,539.0,19.93,0.361,22.8,5616.0,4.327,1.111
K01953.01,FALSE POSITIVE,0,15.160166,5.856,307.9,2.09,821.0,107.59,0.228,26.1,5940.0,4.3,1.191
K01954.01,FALSE POSITIVE,0,7.37339245,2.883,125.0,13.73,1098.0,344.18,1.104,36.6,6484.0,4.36,1.093
K01955.01,CONFIRMED,2,15.17026921,4.3311,224.8,2.47,905.0,158.23,0.917,45.4,6297.0,4.26,1.369
K01955.02,CONFIRMED,2,39.4576228,9.557,244.8,2.8,658.0,44.26,0.967,41.6,6297.0,4.26,1.369
K01955.03,CONFIRMED,2,1.644221032,2.9122,47.8,1.18,1897.0,3071.95,0.942,24.1,6297.0,4.26,1.369
K01955.04,CONFIRMED,2,26.2347447,3.536,196.5,2.76,754.0,76.31,0.985,22.0,6297.0,4.26,1.369
K02029.01,CONFIRMED,2,16.33269981,2.174,300.4,1.61,591.0,28.76,0.893,17.5,5208.0,4.563,0.772
K02029.02,CONFIRMED,2,10.05550267,2.951,147.7,0.92,694.0,54.96,0.061,13.6,5208.0,4.563,0.772
K02029.03,CONFIRMED,2,6.8873113,2.214,85.3,0.72,788.0,90.91,0.489,8.1,5208.0,4.563,0.772
K02029.04,CANDIDATE,1,4.78850084,2.099,66.5,0.63,889.0,147.95,0.343,7.2,5208.0,4.563,0.772
K02030.01,FALSE POSITIVE,0,1.664980224,1.7455,230.8,3.68,1921.0,3223.3,0.987,47.6,5792.0,4.058,1.567
K02031.01,CONFIRMED,2,9.30413878,1.9254,637.3,1.67,583.0,27.35,0.488,24.2,4458.0,4.611,0.658
K02032.01,CONFIRMED,2,14.07969236,1.375,169.5,2.08,931.0,177.81,0.544,26.2,5821.0,4.097,1.547
K02098.01,CONFIRMED,2,25.0823402,6.423,244.6,2.26,776.0,85.76,0.865,30.5,6429.0,4.241,1.262
K02098.02,CONFIRMED,2,89.7224125,10.963,263.7,2.21,508.0,15.69,0.742,25.6,6429.0,4.241,1.262
K02099.01,CONFIRMED,2,78.0998908,8.422,656.9,3.37,480.0,12.52,0.528,23.8,5779.0,4.238,1.284
K02100.01,CONFIRMED,2,4.27103727,2.2759,180.4,1.22,1108.0,356.54,0.02,24.6,5984.0,4.521,0.906
K02101.01,CONFIRMED,2,2.892216772,1.3596,360.5,1.31,794.0,93.66,0.806,23.9,4229.0,4.655,0.615
K02102.01,CONFIRMED,2,187.746606,5.885,1583.0,2.95,267.0,1.2,0.015,20.2,5303.0,4.55,0.753
K02103.01,CONFIRMED,2,2.543063763,2.8473,152.0,1.26,1319.0,716.3,0.215,26.5,5579.0,4.389,1.029
K02174.02,CONFIRMED,2,33.1362861,4.163,825.2,2.05,357.0,3.86,0.791,16.3,4245.0,4.641,0.637
K02174.03,CONFIRMED,2,7.72513619,2.042,382.2,1.71,581.0,26.91,0.954,10.5,4245.0,4.641,0.637
K02174.04,CANDIDATE,1,3.01609637,1.57,196.3,0.96,795.0,94.1,0.7,8.1,4245.0,4.641,0.637
K02175.01,CONFIRMED,2,26.8475962,10.068,254.1,3.2,800.0,96.89,0.457,39.2,5508.0,3.897,1.988
K02175.02,CONFIRMED,2,72.3826983,8.279,366.4,4.21,575.0,25.83,0.791,29.5,5508.0,3.897,1.988
K02177.01,CONFIRMED,2,62.8917493,6.831,791.0,2.5,384.0,5.13,0.632,22.6,5052.0,4.48,0.855
K00246.02,CONFIRMED,2,9.60505976,3.0063,55.0,0.91,941.0,185.15,0.54,32.2,5790.0,4.279,1.198
K02252.01,CONFIRMED,2,13.53953595,4.389,134.2,2.32,1079.0,320.19,0.219,21.8,6109.0,3.985,1.997
K02253.01,CONFIRMED,2,22.7082375,3.503,298.8,1.72,677.0,49.67,0.032,22.0,6170.0,4.472,0.992
K02254.01,FALSE POSITIVE,0,20.5696575,4.263,401.5,28.96,650.0,42.09,1.298,22.2,6098.0,4.562,0.838
K02255.01,CONFIRMED,2,7.97033985,2.6675,490.8,1.81,839.0,116.77,0.107,23.5,5774.0,4.567,0.818
K02256.01,CONFIRMED,2,10.71253475,2.7186,1198.6,2.02,485.0,13.09,0.72,31.2,4175.0,4.715,0.544
K00250.04,CONFIRMED,2,46.82767725,1.9033,1537.7,2.13,276.0,1.37,0.393,32.4,3879.0,4.708,0.537
K02257.01,CONFIRMED,2,32.5635249,5.418,578.3,2.05,490.0,13.63,0.371,24.1,5225.0,4.505,0.859
K02343.01,FALSE POSITIVE,0,29.0726293,2.516,439.6,2.32,614.0,33.69,0.682,20.9,5799.0,4.37,1.042
K02344.01,CONFIRMED,2,1.118547814,1.5534,234.8,0.98,1174.0,447.97,0.221,21.7,4496.0,4.65,0.658
K02345.01,CONFIRMED,2,15.18727049,4.509,292.5,1.94,789.0,91.56,0.839,21.4,6136.0,4.414,1.005
K02346.01,CONFIRMED,2,28.6853212,6.307,689.1,2.69,547.0,21.09,0.922,23.8,5726.0,4.559,0.838
K02347.01,CONFIRMED,2,0.588001053,1.1451,297.4,0.99,1188.0,473.45,0.403,50.9,3814.0,4.687,0.57
K02348.01,CONFIRMED,2,85.7357202,7.625,747.7,2.94,448.0,9.54,0.033,20.8,6096.0,4.397,1.077
K00256.01,FALSE POSITIVE,0,1.378649746,1.2232,22462.0,6.51,734.0,68.34,0.099,172.2,3440.0,4.82,0.439
K02433.02,CONFIRMED,2,10.04378351,5.548,437.9,2.94,951.0,193.39,0.953,28.8,6325.0,4.409,1.112
K02433.03,CONFIRMED,2,56.4148314,8.075,480.1,2.9,535.0,19.37,0.908,16.4,6325.0,4.409,1.112
K02433.04,CANDIDATE,1,27.9040511,5.346,300.2,2.19,677.0,49.53,0.854,12.8,6325.0,4.409,1.112
K02433.05,FALSE POSITIVE,0,0.646745436,1.188,115.6,1.49,2373.0,7468.24,0.942,14.3,6325.0,4.409,1.112
K02433.07,FALSE POSITIVE,0,86.431871,7.374,415.1,2.85,464.0,10.97,0.95,11.2,6325.0,4.409,1.112
K00263.01,FALSE POSITIVE,0,20.71927223,4.0388,224.6,2.51,818.0,105.78,0.744,36.0,5729.0,4.058,1.545
K02434.01,FALSE POSITIVE,0,40.8777605,9.745,719.1,29.55,526.0,18.15,1.262,23.6,5930.0,4.489,0.937
K02522.01,CONFIRMED,2,5.60402307,1.0273,224.9,1.25,774.0,84.65,0.8,20.6,4847.0,4.581,0.737
K02523.01,CONFIRMED,2,13.0313583,4.521,573.3,2.88,774.0,84.94,0.813,18.9,5514.0,4.345,1.071
K02523.02,CANDIDATE,1,2.61090223,1.976,222.5,1.8,1323.0,724.16,0.813,10.7,5514.0,4.345,1.071
K02524.01,CONFIRMED,2,40.9905002,7.336,297.3,2.41,627.0,36.5,0.048,15.4,5842.0,4.17,1.41
K00271.02,CONFIRMED,2,29.39337161,7.0445,327.0,2.5,698.0,55.98,0.512,69.7,6075.0,4.264,1.352
K02525.01,CONFIRMED,2,57.2932309,4.878,773.6,1.95,355.0,3.76,0.021,15.7,4806.0,4.564,0.729
K02527.01,CONFIRMED,2,1.385787741,1.6449,85.4,0.55,1008.0,245.15,0.35,19.1,4239.0,4.667,0.6
K02611.01,FALSE POSITIVE,0,1.228721184,1.041,465.6,1.62,1324.0,728.99,0.208,26.4,4897.0,4.542,0.764
K02612.01,CONFIRMED,2,4.61225043,2.695,29.1,0.51,1032.0,268.27,0.012,13.7,5495.0,4.442,0.961
K02612.02,CANDIDATE,1,7.57299816,2.645,30.2,0.53,875.0,138.36,0.411,10.9,5495.0,4.442,0.961
K00277.02,CONFIRMED,2,13.84984567,7.2783,84.6,1.45,977.0,214.98,0.012,35.2,5919.0,4.042,1.585
K02613.01,CANDIDATE,1,51.5738653,2.784,900.7,2.41,417.0,7.12,0.275,13.2,5380.0,4.581,0.813
K02614.01,CONFIRMED,2,7.99022379,3.273,165.9,1.97,1113.0,361.73,0.107,17.6,5689.0,4.065,1.542
K02615.01,CONFIRMED,2,4.69505576,3.058,240.0,1.49,1098.0,343.6,0.204,15.9,5999.0,4.494,0.959
K01406.01,CONFIRMED,2,11.36113254,4.1886,569.5,2.6,869.0,134.97,0.734,57.0,6244.0,4.46,1.009
K01408.01,CONFIRMED,2,14.53410833,3.3094,510.6,1.36,420.0,7.34,0.766,32.5,3957.0,4.693,0.553
K01409.01,CONFIRMED,2,16.56062577,2.611,700.8,2.94,701.0,57.28,0.96,30.8,5818.0,4.436,0.855
K01410.01,CONFIRMED,2,15.74958583,4.6672,659.5,2.77,777.0,86.18,0.637,42.6,6191.0,4.454,1.025
K00169.01,FALSE POSITIVE,0,11.70219638,2.6658,639.7,16.15,719.0,63.16,1.166,41.3,5758.0,4.596,0.762
K01411.01,CANDIDATE,1,305.0762469,6.255,4042.8,7.82,284.0,1.53,0.695,113.4,5716.0,4.348,1.155
K01412.01,CONFIRMED,2,37.8145252,9.109,412.5,3.04,626.0,36.25,0.845,57.9,5988.0,4.278,1.314
K01486.02,CONFIRMED,2,30.1837021,5.879,974.9,3.65,634.0,38.2,0.011,37.9,5733.0,4.281,1.183
K01487.01,FALSE POSITIVE,0,2.92928244,6.794,268.6,38.42,2112.0,4706.45,1.14,39.2,6634.0,3.831,2.251
K01488.01,CONFIRMED,2,3.949627144,1.5485,807.2,2.32,966.0,206.05,0.049,45.1,5155.0,4.523,0.836
K00177.01,CONFIRMED,2,21.06075303,5.2472,301.2,1.78,669.0,47.39,0.176,54.4,5706.0,4.382,1.034
K01489.01,CONFIRMED,2,16.00460392,3.9475,831.9,2.24,583.0,27.41,0.49,34.3,5180.0,4.597,0.769
K01490.01,FALSE POSITIVE,0,3.55650737,8.545,293.6,3.05,1405.0,918.25,0.01,77.1,4951.0,3.876,1.843
K01491.01,CONFIRMED,2,3.148661555,2.1978,550.5,2.15,1097.0,342.76,0.652,35.3,5258.0,4.458,0.873
K01566.01,FALSE POSITIVE,0,1.727177258,2.081,347.4,1.42,1250.0,576.55,0.676,17.1,5394.0,4.622,0.72
K01567.01,CONFIRMED,2,7.24022418,2.9153,864.9,2.14,716.0,62.1,0.507,48.2,4955.0,4.61,0.721
K01567.02,CONFIRMED,2,4.64622383,2.5137,446.5,1.82,830.0,112.18,0.88,28.2,4955.0,4.61,0.721
K01567.03,CONFIRMED,2,17.32670445,4.269,800.0,2.23,535.0,19.38,0.756,34.8,4955.0,4.61,0.721
K01567.04,CONFIRMED,2,44.8411168,5.902,1051.6,2.75,390.0,5.45,0.864,28.9,4955.0,4.61,0.721
K01568.01,FALSE POSITIVE,0,1.008917105,1.4577,338.5,1.51,1636.0,1698.88,0.545,34.2,5708.0,4.578,0.795
K00186.01,CONFIRMED,2,3.24325988,3.03318,16450.9,12.91,1243.0,563.17,0.117,1586.2,5823.0,4.438,1.013
K01632.01,CONFIRMED,2,4.59489816,3.1381,109.7,1.85,1319.0,716.65,0.953,27.7,6056.0,4.217,1.381
K00192.01,CONFIRMED,2,10.290994129,4.28889,9655.7,13.43,996.0,233.08,0.049,1245.7,5803.0,4.134,1.373
K01633.01,CONFIRMED,2,32.2964275,4.561,472.2,1.9,503.0,15.14,0.207,17.9,5246.0,4.47,0.891
K01635.01,FALSE POSITIVE,0,3.374684854,4.48335,80917.0,49.25,1163.0,432.73,1.04,658.3,5754.0,4.514,0.943
K01636.01,FALSE POSITIVE,0,2.61841046,3.304,180.2,1.12,1245.0,567.24,0.369,24.8,5912.0,4.566,0.82
K01637.01,CONFIRMED,2,2.97041801,2.2369,530.7,1.7,991.0,228.11,0.379,22.4,5068.0,4.608,0.743
K01638.01,FALSE POSITIVE,0,4.593594819,2.6391,1455.2,8.85,1125.0,378.37,1.022,83.5,6075.0,4.486,0.969
K01727.01,CONFIRMED,2,49.7700907,10.065,3529.2,5.12,455.0,10.16,0.655,109.8,5774.0,4.567,0.818
K01728.01,CANDIDATE,1,12.7319385,4.4157,11449.0,70.11,1145.0,405.75,1.278,69.9,7238.0,4.221,1.568
K00201.01,CONFIRMED,2,4.225384543,2.82038,7563.0,9.0,1111.0,360.46,0.074,1457.8,5574.0,4.403,1.054
K01729.01,CANDIDATE,1,5.204286663,6.2598,35221.0,16.0,934.0,180.12,0.272,153.0,5332.0,4.471,0.86
K01730.01,FALSE POSITIVE,0,6.352090869,3.88771,75141.7,18.9,772.0,83.66,0.223,1343.2,5089.0,4.58,0.693
K01731.01,CANDIDATE,1,2.59488443,1.684,592.2,2.36,1014.0,249.92,0.885,14.9,4748.0,4.526,0.797
K01731.02,FALSE POSITIVE,0,0.837898153,2.104,268.9,1.26,1478.0,1128.57,0.071,13.9,4748.0,4.526,0.797
K01811.01,FALSE POSITIVE,0,2.46353343,2.954,830.0,21.49,1171.0,445.83,1.222,6.8,5541.0,4.587,0.777
K01812.01,FALSE POSITIVE,0,0.805259257,1.42246,1384.3,63.55,2723.0,12990.09,1.245,329.7,5872.0,3.926,2.022
K01813.01,CONFIRMED,2,9.76785911,2.1649,585.4,2.54,749.0,74.48,0.916,54.1,5371.0,4.513,0.852
K01814.01,CONFIRMED,2,14.80075082,5.762,501.4,17.38,1912.0,3158.09,0.367,54.0,6327.0,3.092,7.663
K00211.01,CANDIDATE,1,124.03589939,4.8472,7690.0,11.13,413.0,6.88,0.075,190.1,5822.0,4.244,1.28
K01815.01,CONFIRMED,2,3.126861192,1.1926,794.6,5.12,1391.0,886.72,0.603,94.6,4854.0,3.939,1.749
K01815.02,CANDIDATE,1,1.74610057,1.299,54.2,1.24,1689.0,1924.75,0.032,9.2,4854.0,3.939,1.749
K01884.01,FALSE POSITIVE,0,23.11707222,3.9948,2407.5,4.37,548.0,21.26,0.807,61.2,5275.0,4.505,0.796
K01884.02,CANDIDATE,1,4.77502117,1.7087,451.4,1.73,926.0,174.23,0.518,16.7,5275.0,4.505,0.796
K01885.01,CONFIRMED,2,5.65378163,1.9483,366.8,1.82,1020.0,256.14,0.439,37.8,5988.0,4.507,0.934
K00220.01,CONFIRMED,2,2.422084188,2.5613,1871.8,3.55,1213.0,511.66,0.058,423.7,5598.0,4.565,0.83
K01886.01,CONFIRMED,2,5.99185827,1.7215,186.3,2.75,1355.0,796.76,0.905,32.1,6157.0,4.049,1.695
K01887.01,FALSE POSITIVE,0,21.78769087,4.498,507.7,71.95,1042.0,278.24,1.192,38.1,5627.0,3.633,3.05
K01888.01,CONFIRMED,2,120.0183551,11.637,886.0,4.54,473.0,11.84,0.58,46.1,6469.0,4.253,1.467
K01956.01,FALSE POSITIVE,0,2.759573341,6.999,382.0,6.42,1198.0,487.37,1.04,64.4,5640.0,4.52,0.863
K01957.01,CANDIDATE,1,1.38680229,1.7065,242.3,29.33,2530.0,9703.01,1.115,84.4,6823.0,4.04,2.037
K00226.01,CONFIRMED,2,8.30865307,3.2747,836.1,2.42,747.0,73.53,0.333,74.3,5022.0,4.485,0.849
K01957.02,FALSE POSITIVE,0,1.75147897,7.89,76.7,1.8,2340.0,7086.5,0.008,68.2,6823.0,4.04,2.037
K01958.01,CONFIRMED,2,17.8159689,3.6765,776.8,3.12,699.0,56.48,0.911,22.5,5964.0,4.484,0.933
K01959.01,CONFIRMED,2,36.5157639,3.6577,861.3,2.55,425.0,7.71,0.787,34.7,4847.0,4.54,0.781
K01960.01,CONFIRMED,2,8.96847034,4.4073,234.3,2.17,1024.0,259.95,0.558,38.2,5808.0,4.185,1.374
K02033.01,CONFIRMED,2,16.54081386,2.5996,370.0,1.57,570.0,24.87,0.688,32.8,5064.0,4.572,0.769
K00234.01,CONFIRMED,2,9.61375316,4.654,797.9,3.27,931.0,177.26,0.604,108.6,5997.0,4.364,1.11
K02034.01,CONFIRMED,2,3.609313059,1.7752,1375.1,3.26,1092.0,336.16,0.408,35.0,5668.0,4.545,0.868
K02034.02,CONFIRMED,2,2.3702932,1.666,224.8,1.29,1256.0,588.1,0.003,7.0,5668.0,4.545,0.868
K02035.01,CONFIRMED,2,1.93155546,1.614,504.9,2.25,1290.0,655.43,0.861,8.6,5461.0,4.552,0.858
K02036.01,CONFIRMED,2,8.41100305,2.4553,755.6,1.8,472.0,11.71,0.905,27.6,3757.0,4.718,0.539
K02036.02,CONFIRMED,2,5.79529495,2.272,334.3,1.05,534.0,19.23,0.714,14.8,3757.0,4.718,0.539
K00241.01,CONFIRMED,2,13.82142084,3.985,765.2,2.2,560.0,23.15,0.904,75.3,4983.0,4.66,0.651
K02103.02,CANDIDATE,1,3.66520844,3.308,65.8,0.82,1168.0,439.57,0.045,10.3,5579.0,4.389,1.029
K02104.01,CONFIRMED,2,2.168451063,1.458,466.9,2.41,1558.0,1389.18,0.207,45.5,6153.0,4.382,1.109
K02105.01,CONFIRMED,2,6.42199919,2.6192,161.6,1.25,1000.0,236.21,0.281,25.4,5985.0,4.468,0.981
K02106.01,CONFIRMED,2,9.75374033,2.348,430.8,1.87,813.0,103.3,0.295,18.9,5806.0,4.528,0.899
K02107.01,CONFIRMED,2,81.3153052,5.807,715.5,2.55,393.0,5.64,0.013,20.7,5325.0,4.39,0.975
K02108.01,CONFIRMED,2,51.3283527,9.357,692.3,3.06,546.0,21.06,0.582,34.7,6119.0,4.353,1.119
K02178.01,FALSE POSITIVE,0,6.49676881,2.527,135.0,3.74,1761.0,2273.36,0.643,10.6,6418.0,3.658,3.049
K02179.01,CONFIRMED,2,14.87149773,2.4076,944.9,1.59,391.0,5.51,0.018,27.3,3825.0,4.749,0.524
K02179.02,CONFIRMED,2,2.732767897,1.1102,613.1,1.42,687.0,52.68,0.748,27.0,3825.0,4.749,0.524
K02180.01,CONFIRMED,2,11.55562042,1.6758,441.5,2.11,703.0,57.75,0.874,22.7,5420.0,4.555,0.85
K02181.01,CONFIRMED,2,12.2885046,2.807,342.1,3.22,913.0,164.61,0.632,12.0,5109.0,3.96,1.671
K02182.01,CONFIRMED,2,17.13263125,3.0555,850.2,2.31,611.0,32.91,0.298,26.4,5477.0,4.578,0.794
K02183.01,CONFIRMED,2,19.0231361,3.431,401.6,2.04,647.0,41.5,0.698,19.7,5569.0,4.459,0.954
K02257.02,CONFIRMED,2,59.284064,5.42,424.4,1.81,401.0,6.14,0.556,13.1,5225.0,4.505,0.859
K02258.01,FALSE POSITIVE,0,4.52342256,2.531,219.0,1.7,1195.0,482.25,0.757,15.9,6211.0,4.437,1.058
K02259.01,CONFIRMED,2,12.19140405,1.8832,665.8,2.46,763.0,80.01,0.091,19.4,5516.0,4.399,0.967
K02260.01,CONFIRMED,2,6.11784972,3.458,60.5,1.05,1211.0,509.24,0.391,25.8,6226.0,4.247,1.333
K02261.01,CONFIRMED,2,3.97599629,2.2029,206.0,1.11,936.0,181.47,0.331,27.3,5143.0,4.561,0.778
K02262.01,FALSE POSITIVE,0,9.94221873,2.453,486.5,19.64,754.0,76.56,1.171,12.6,5213.0,4.434,0.917
K02263.01,CONFIRMED,2,29.9685917,6.678,309.5,1.91,644.0,40.76,0.282,26.5,6249.0,4.428,1.076
K02350.01,CONFIRMED,2,1.078389713,1.3394,300.5,1.98,1667.0,1817.38,0.846,23.6,5325.0,4.384,0.985
K02351.01,CONFIRMED,2,10.27380957,3.252,352.8,1.68,799.0,96.27,0.125,19.2,5806.0,4.528,0.899
K02352.01,CONFIRMED,2,13.39155154,3.391,48.9,1.58,1180.0,459.23,0.539,24.5,6197.0,3.837,2.188
K02352.02,CONFIRMED,2,5.62904396,3.7295,39.5,1.39,1576.0,1459.41,0.237,32.2,6197.0,3.837,2.188
K02352.03,CONFIRMED,2,8.2562857,2.0378,37.3,1.49,1387.0,874.56,0.816,18.2,6197.0,3.837,2.188
K02353.01,CONFIRMED,2,5.186737262,0.8023,712.7,2.4,860.0,129.37,0.825,25.7,5230.0,4.594,0.777
K02354.01,CANDIDATE,1,1.151244686,1.272,269.6,40.32,1756.0,2253.09,1.387,32.6,6086.0,4.511,0.921
K02435.01,CANDIDATE,1,6.80243431,3.817,249.1,2.6,895.0,151.72,1.0,14.9,5836.0,4.561,0.816
K02436.01,CONFIRMED,2,84.5733346,5.762,891.6,2.59,366.0,4.26,0.024,20.4,5418.0,4.543,0.888
K02437.01,CONFIRMED,2,4.14789051,3.829,137.6,1.93,1389.0,878.32,0.878,16.4,6150.0,4.223,1.417
K02438.01,FALSE POSITIVE,0,1.958577398,2.388,453.0,1.8,1252.0,579.19,0.59,24.5,5402.0,4.568,0.816
K02439.01,CONFIRMED,2,5.19103699,4.222,290.1,1.92,1183.0,462.91,0.117,25.2,6321.0,4.417,1.125
K02439.02,CANDIDATE,1,7.5017934,4.271,134.8,1.32,1046.0,283.25,0.286,9.8,6321.0,4.417,1.125
K02440.01,CONFIRMED,2,4.86638504,2.296,143.8,1.32,1121.0,372.7,0.176,17.1,5688.0,4.333,1.111
K02528.01,CONFIRMED,2,12.02295362,1.2667,778.6,3.28,776.0,85.78,0.965,20.1,5982.0,4.535,0.879
K02529.01,CONFIRMED,2,16.79716262,3.83,1023.8,2.75,503.0,15.19,0.899,21.2,4652.0,4.617,0.697
K02529.02,CONFIRMED,2,64.0019669,4.724,1112.5,2.48,322.0,2.55,0.701,14.2,4652.0,4.617,0.697
K02530.01,CONFIRMED,2,37.3331165,7.643,187.8,2.5,657.0,44.17,0.851,22.5,5623.0,4.079,1.588
K02531.01,CANDIDATE,1,17.6997392,2.76,752.7,1.96,523.0,17.73,0.105,19.8,4807.0,4.583,0.742
K02532.01,CONFIRMED,2,7.9709719,1.2893,488.4,2.27,760.0,79.1,0.911,17.3,5237.0,4.572,0.826
K02533.01,CONFIRMED,2,6.03355539,10.049,89.5,3.34,1598.0,1540.84,0.35,26.1,4924.0,3.356,3.588
K02616.01,FALSE POSITIVE,0,0.569115976,2.028,796.9,1.8,1589.0,1504.24,0.068,59.8,4788.0,4.61,0.656
K02617.01,CONFIRMED,2,8.63050092,3.144,325.8,1.43,739.0,70.63,0.595,14.9,5352.0,4.599,0.764
K02618.01,FALSE POSITIVE,0,12.49117388,2.848,189.9,1.36,763.0,80.08,0.747,17.0,5753.0,4.461,0.911
K02619.01,CONFIRMED,2,3.27645723,2.219,323.0,1.71,1195.0,482.56,0.001,17.9,5812.0,4.504,0.963
K02620.01,CONFIRMED,2,16.0573291,3.546,575.0,2.27,645.0,41.04,0.883,17.5,5644.0,4.575,0.806
K02621.01,FALSE POSITIVE,0,8.44326557,3.353,359.5,1.97,934.0,179.79,0.42,19.0,6081.0,4.468,1.023
K02622.01,FALSE POSITIVE,0,0.328686504,0.8592,171.9,1.11,2324.0,6891.11,0.233,26.8,5430.0,4.535,0.847
K01413.01,CONFIRMED,2,12.64504291,9.117,200.4,1.55,741.0,71.28,0.931,32.7,5607.0,4.447,0.886
K01413.02,CONFIRMED,2,21.5262958,8.392,190.0,1.36,621.0,35.03,0.804,23.4,5607.0,4.447,0.886
K01413.03,CONFIRMED,2,33.8845825,6.538,224.1,1.74,533.0,19.13,0.961,17.2,5607.0,4.447,0.886
K01414.01,FALSE POSITIVE,0,4.02378908,3.237,32.1,2.24,2504.0,9293.19,0.715,36.1,7516.0,3.651,3.685
K01416.01,CONFIRMED,2,2.495780169,4.2721,25070.0,15.75,1408.0,929.47,0.133,171.4,6039.0,4.426,0.992
K01417.01,FALSE POSITIVE,0,8.428090255,1.881,11355.5,517.43,817.0,105.54,6.787,183.0,5761.0,4.573,0.805
K01418.01,FALSE POSITIVE,0,8.344104633,1.8014,9695.0,836.31,785.0,89.55,10.047,89.7,5447.0,4.559,0.838
K01492.01,FALSE POSITIVE,0,0.70544824,2.9423,462.4,20.03,1868.0,2899.07,1.2,118.2,5717.0,4.564,0.826
K01493.01,FALSE POSITIVE,0,4.9883873,9.059,507.6,3.28,1236.0,550.52,0.944,42.4,6418.0,4.395,1.171
K01494.01,CONFIRMED,2,8.19596647,2.824,792.8,2.04,672.0,48.2,0.252,20.2,4723.0,4.557,0.747
K01495.01,CONFIRMED,2,15.59466045,5.0478,867.7,2.74,718.0,62.88,0.266,49.2,5900.0,4.5,0.929
K01496.01,FALSE POSITIVE,0,36.12895451,2.2348,3758.6,53.72,546.0,21.05,1.474,66.3,5921.0,4.484,0.912
K01497.01,FALSE POSITIVE,0,0.520222869,1.2216,269.5,1.52,2145.0,5038.49,0.562,28.9,5776.0,4.527,0.889
K01498.01,CONFIRMED,2,5.83376197,3.9988,532.9,2.98,1143.0,403.49,0.742,36.6,6213.0,4.387,1.195
K02971.01,CANDIDATE,1,6.09595681,5.502,65.7,1.26,1259.0,593.42,0.685,18.1,6313.0,4.228,1.467
K02971.02,CANDIDATE,1,31.9533679,8.424,106.1,1.65,725.0,65.15,0.773,15.2,6313.0,4.228,1.467
K02972.01,CANDIDATE,1,13.2511214,4.996,266.5,1.98,850.0,123.32,0.231,15.2,5850.0,4.297,1.217
K02972.02,FALSE POSITIVE,0,42.0292298,8.499,373.7,2.33,578.0,26.46,0.015,14.5,5850.0,4.297,1.217
K02973.01,FALSE POSITIVE,0,5.76556718,3.138,213.3,1.66,1120.0,371.86,0.678,17.6,6218.0,4.404,1.072
K02975.01,FALSE POSITIVE,0,175.329014,6.269,1059.1,27.03,327.0,2.69,1.231,16.7,6008.0,4.499,0.93
K02976.01,CANDIDATE,1,21.61313362,1.52,818.1,1.94,503.0,15.14,0.714,13.8,5267.0,4.681,0.632
K03065.01,CANDIDATE,1,0.896382269,1.113,136.4,1.0,1810.0,2524.81,0.332,11.7,5837.0,4.502,0.843
K03066.01,CONFIRMED,2,24.2204192,3.271,806.3,2.1,505.0,15.43,0.032,14.0,5165.0,4.599,0.761
K03067.01,FALSE POSITIVE,0,30.9597053,5.42,410.7,16.63,438.0,8.67,1.191,13.7,4947.0,4.621,0.714
K03068.01,CANDIDATE,1,3.91679553,2.072,161.3,0.85,851.0,123.73,0.007,13.2,4889.0,4.637,0.686
K03068.02,CANDIDATE,1,6.65171459,2.325,151.5,0.84,713.0,61.01,0.408,10.0,4889.0,4.637,0.686
K03069.01,CANDIDATE,1,43.1024434,7.124,299.8,1.88,539.0,19.96,0.011,14.3,5741.0,4.365,1.097
K03070.01,FALSE POSITIVE,0,5.07538255,1.7,163.1,1.74,1154.0,419.23,0.919,16.0,5933.0,4.334,1.118
K03159.01,FALSE POSITIVE,0,2.9039446,10.542,13.1,1.17,2637.0,11446.75,0.686,32.0,7846.0,3.829,3.05
K03161.01,FALSE POSITIVE,0,6.09406648,2.085,3027.0,54.54,1417.0,953.63,1.235,19.0,6785.0,4.162,1.666
K03162.01,FALSE POSITIVE,0,0.716709761,0.6969,68.4,1.42,2394.0,7725.24,0.986,21.2,6109.0,4.229,1.173
K03165.01,CANDIDATE,1,4.11754421,4.362,34.3,1.02,1581.0,1477.06,0.312,22.1,6263.0,4.024,1.726
K03167.01,FALSE POSITIVE,0,0.499664962,1.6123,34.3,0.5,2056.0,4230.98,0.28,31.6,5570.0,4.561,0.855
K03168.01,CANDIDATE,1,56.3479517,8.789,43.6,1.06,586.0,27.97,0.768,15.1,5843.0,4.086,1.471
K03172.01,FALSE POSITIVE,0,6.5583706,3.286,136.0,39.06,1283.0,639.83,1.213,18.1,6144.0,4.083,1.606
K03283.02,CANDIDATE,1,20.5718107,3.399,379.0,1.34,498.0,14.51,0.123,13.0,4922.0,4.624,0.708
K03284.01,CONFIRMED,2,35.2330694,3.674,352.8,0.97,288.0,1.62,0.139,14.5,3749.0,4.743,0.524
K03285.01,FALSE POSITIVE,0,45.3965379,3.826,1001.6,1.97,326.0,2.66,0.085,15.3,4266.0,4.626,0.643
K03286.01,CONFIRMED,2,18.1373788,3.844,310.8,1.41,433.0,8.31,0.945,11.3,4257.0,4.648,0.602
K03287.01,CONFIRMED,2,51.1104797,7.712,330.0,1.6,478.0,12.38,0.029,21.9,5968.0,4.534,0.881
K03288.01,CONFIRMED,2,47.9869119,5.342,859.3,3.35,493.0,14.01,0.873,25.7,5641.0,4.408,0.981
K03289.01,FALSE POSITIVE,0,29.8042694,3.107,1046.5,24.73,505.0,15.34,1.237,17.9,5223.0,4.488,0.827
K03370.01,CANDIDATE,1,24.352541,2.782,349.1,1.52,498.0,14.52,0.505,5.8,4891.0,4.516,0.805
K03370.02,CONFIRMED,2,5.94228603,2.169,250.0,1.23,797.0,95.34,0.097,7.5,4891.0,4.516,0.805
K03371.01,CANDIDATE,1,58.1263775,4.018,271.5,1.32,404.0,6.28,0.016,13.8,5413.0,4.579,0.82
K03371.02,CONFIRMED,2,12.25384348,2.373,147.7,1.0,678.0,50.05,0.441,12.3,5413.0,4.579,0.82
K03372.01,CONFIRMED,2,26.7575866,5.858,455.3,2.28,660.0,44.86,0.407,17.7,6215.0,4.44,1.052
K03372.02,FALSE POSITIVE,0,73.506021,5.734,485.6,2.37,471.0,11.66,0.473,11.3,6215.0,4.44,1.052
K03373.01,FALSE POSITIVE,0,57.0599992,7.463,66168.0,22.31,455.0,10.11,0.194,751.5,5931.0,4.545,0.863
K03455.01,CANDIDATE,1,14.0545718,4.066,274.3,1.45,711.0,60.49,0.121,11.6,5783.0,4.539,0.88
K03456.01,CONFIRMED,2,30.8609783,4.216,128.9,1.08,525.0,17.96,0.852,17.8,5627.0,4.552,0.833
K03457.01,FALSE POSITIVE,0,15.65134872,4.1553,3104.0,118.33,1396.0,898.69,1.267,81.6,6552.0,3.586,3.289
K03458.01,CONFIRMED,2,14.0328775,6.684,210.9,1.45,783.0,88.83,0.044,11.8,6063.0,4.47,1.001
K03459.01,CONFIRMED,2,13.2226149,4.337,261.7,1.75,740.0,71.11,0.943,12.6,5931.0,4.545,0.863
K03460.01,CANDIDATE,1,62.596544,11.477,223.1,2.25,559.0,23.01,0.246,15.5,5934.0,4.173,1.509
K03461.01,FALSE POSITIVE,0,18.79852,4.795,487.4,2.04,509.0,15.82,0.936,11.2,4808.0,4.589,0.715
K03553.01,FALSE POSITIVE,0,65.583665567,5.01216,242398.0,41.22,371.0,4.5,0.72,1649.5,5516.0,4.65,0.666
K03554.01,CANDIDATE,1,394.67816267,6.05443,253376.0,52.16,235.0,0.72,0.708,1500.7,5780.0,4.505,0.83
K03555.01,FALSE POSITIVE,0,111.31980522,23.0078,62704.9,63.68,539.0,20.01,0.234,3433.7,5022.0,3.562,2.58
K03556.01,FALSE POSITIVE,0,110.29512684,16.5339,176336.0,37.88,362.0,4.06,0.248,2084.3,5753.0,4.503,0.895
K03557.01,FALSE POSITIVE,0,243.82122131,10.9312,56799.3,56.63,365.0,4.18,1.029,2804.3,6370.0,4.228,1.316
K03558.01,FALSE POSITIVE,0,16.227548674,5.08666,192688.0,46.52,599.0,30.52,0.795,1870.0,5297.0,4.587,0.795
K03648.01,FALSE POSITIVE,0,4.029803201,4.4301,191073.0,47.58,1233.0,545.64,0.17,352.3,6024.0,4.385,1.078
K03649.01,FALSE POSITIVE,0,1.303858554,4.36797,126636.0,73.29,2080.0,4438.11,0.928,904.0,6282.0,4.207,1.343
K03650.01,FALSE POSITIVE,0,2.401751509,2.0835,25044.0,268.75,888.0,146.91,5.25,83.1,4577.0,4.688,0.557
K03651.01,FALSE POSITIVE,0,36.97709537,5.2063,217145.0,59.66,546.0,21.08,0.75,204.9,5780.0,4.438,1.0
K03652.01,FALSE POSITIVE,0,16.371883638,3.44467,65927.0,70.73,840.0,117.9,1.066,639.8,5642.0,4.114,1.415
K03653.01,FALSE POSITIVE,0,2.617284592,9.5545,231450.0,162.67,2013.0,3885.11,0.743,1215.2,5510.0,3.641,2.649
K03654.01,FALSE POSITIVE,0,10.14873521,5.603,116125.0,71.11,1045.0,281.19,0.965,250.9,6366.0,4.239,1.296
K03742.01,FALSE POSITIVE,0,1.412524016,5.74859,175776.0,68.92,1978.0,3627.17,0.846,1475.4,6690.0,4.375,1.174
K03743.01,FALSE POSITIVE,0,3.486318703,2.7904,60135.0,54.53,1201.0,491.1,1.138,190.7,5780.0,4.438,1.0
K03744.01,FALSE POSITIVE,0,1.705780649,1.6271,15498.0,25.95,1101.0,348.32,1.231,31.8,4970.0,4.665,0.591
K03745.01,FALSE POSITIVE,0,7.45306683,4.7617,46552.0,1044.28,932.0,178.53,10.337,84.3,5780.0,4.438,1.0
K03746.01,FALSE POSITIVE,0,2.929299629,7.102,83918.0,51.67,1272.0,618.11,1.025,374.6,5780.0,4.438,1.0
K03747.01,FALSE POSITIVE,0,5.50811352,2.9516,40380.0,34.03,778.0,86.57,1.215,100.5,5188.0,4.687,0.624
K03748.01,FALSE POSITIVE,0,2.050435466,8.0122,7765.3,34.84,1278.0,629.98,1.275,445.8,5440.0,4.496,0.825
K03843.01,FALSE POSITIVE,0,161.253747,25.322,2598.4,4.98,295.0,1.8,0.912,54.7,5570.0,4.573,0.803
K00368.01,FALSE POSITIVE,0,110.32167272,13.3624,7296.6,18.6,761.0,79.11,0.715,2217.1,9244.0,4.159,2.025
K03844.01,FALSE POSITIVE,0,2.974163938,1.7423,90282.0,34.74,1266.0,605.99,0.736,88.6,5780.0,4.438,1.0
K03845.01,FALSE POSITIVE,0,15.84131693,1.8156,2617.7,670.04,2252.0,6085.07,1.247,38.2,4993.0,2.399,19.695
K03846.01,FALSE POSITIVE,0,5.24078259,5.238,592.6,24.73,1080.0,322.16,1.223,58.1,6192.0,4.503,0.917
K03847.01,FALSE POSITIVE,0,5.26641416,2.4404,223.8,2.62,1421.0,964.18,0.774,37.8,6338.0,4.087,1.602
K03848.01,CONFIRMED,2,1.847892736,1.8904,323.3,1.51,1374.0,843.8,0.036,53.3,5763.0,4.557,0.842
K00376.02,FALSE POSITIVE,0,1.411627439,1.0814,515.2,2.99,1966.0,3523.63,0.853,53.1,6692.0,4.383,1.152
K03941.01,FALSE POSITIVE,0,1.061935973,3.3177,337.9,24.17,1961.0,3479.87,1.19,101.2,6274.0,4.434,1.062
K03942.01,FALSE POSITIVE,0,1.485898163,2.446,224.6,14.96,1272.0,620.65,1.173,32.8,5088.0,4.559,0.727
K03943.01,CONFIRMED,2,38.5763483,19.861,282.1,2.05,619.0,34.77,0.015,76.3,6167.0,4.333,1.221
K03944.01,FALSE POSITIVE,0,1.845610523,2.337,374.1,77.83,2502.0,9283.04,1.22,33.3,5974.0,3.639,2.978
K03945.01,FALSE POSITIVE,0,0.723947772,2.125,242.7,52.16,3192.0,24641.6,1.148,17.7,5160.0,3.424,2.897
K00386.01,CONFIRMED,2,31.1588249,5.1803,959.0,3.56,639.0,39.46,0.029,73.6,5951.0,4.319,1.155
K04034.01,CONFIRMED,2,6.96704926,3.73,213.7,6.14,1774.0,2341.58,0.906,18.6,6303.0,3.595,3.53
K04034.02,FALSE POSITIVE,0,11.6089351,2.957,199.6,46.44,1496.0,1184.51,1.105,8.7,6303.0,3.595,3.53
K04035.01,FALSE POSITIVE,0,8.8109721,4.822,24048.0,47.94,881.0,142.58,1.227,26.0,5780.0,4.438,1.0
K04036.01,CONFIRMED,2,168.81133,6.582,614.4,1.69,241.0,0.8,0.083,15.3,4798.0,4.62,0.707
K04037.01,CANDIDATE,1,215.956008,10.425,392.7,3.36,361.0,4.03,0.959,23.3,6163.0,4.27,1.313
K04038.01,FALSE POSITIVE,0,2.15681538,5.115,106.5,1.06,1473.0,1114.9,0.615,22.6,6084.0,4.45,0.983
K04141.01,FALSE POSITIVE,0,0.978046982,2.6137,838.8,129.67,3146.0,23083.37,1.227,105.2,5100.0,3.368,4.569
K04142.01,FALSE POSITIVE,0,1.332566763,4.001,384.9,1.49,1318.0,713.45,0.474,18.2,5134.0,4.599,0.752
K04143.01,FALSE POSITIVE,0,1.85447373,2.665,306.8,1.33,1221.0,527.79,0.514,18.9,5341.0,4.609,0.743
K04144.01,CANDIDATE,1,0.487656278,1.0129,109.8,0.99,2299.0,6647.8,0.037,25.1,5957.0,4.506,0.937
K04145.01,CANDIDATE,1,3.25424652,5.378,82.1,0.96,1220.0,521.81,0.665,18.3,5692.0,4.421,1.004
K04146.01,CONFIRMED,2,3.50472344,1.9464,90.7,0.8,1019.0,254.49,0.309,18.4,5115.0,4.477,0.854
K04146.02,CANDIDATE,1,2.5738437,1.92,46.6,0.57,1129.0,384.24,0.044,10.9,5115.0,4.477,0.854
K00284.01,CONFIRMED,2,18.01019956,3.516,177.7,1.93,758.0,77.99,0.966,43.4,5931.0,4.322,1.101
K02711.01,CONFIRMED,2,9.02436414,3.011,214.6,1.62,939.0,183.39,0.014,23.5,5885.0,4.348,1.111
K02711.02,CONFIRMED,2,17.3408735,3.398,159.0,1.43,755.0,76.86,0.489,13.5,5885.0,4.348,1.111
K02712.01,CANDIDATE,1,7.50790041,5.646,145.0,1.77,1138.0,396.33,0.795,11.9,6408.0,4.309,1.337
K02713.01,FALSE POSITIVE,0,21.3910125,3.512,645.8,1.72,483.0,12.88,0.347,25.1,4889.0,4.637,0.686
K02714.01,CONFIRMED,2,14.3832267,8.378,178.5,1.84,889.0,147.78,0.7,39.0,6115.0,4.249,1.291
K02714.02,CONFIRMED,2,47.3186631,10.465,263.4,2.1,598.0,30.22,0.189,36.2,6115.0,4.249,1.291
K00289.01,CONFIRMED,2,26.62941953,7.8709,492.8,3.13,742.0,71.75,0.015,106.9,5866.0,4.117,1.417
K02793.02,CONFIRMED,2,1.766789509,1.3345,1009.8,1.4,730.0,66.95,0.066,26.7,3698.0,4.81,0.444
K02794.01,FALSE POSITIVE,0,0.703399912,0.823,531.4,2.15,2013.0,3879.31,0.393,32.0,5955.0,4.52,0.91
K02795.01,FALSE POSITIVE,0,2.5355023,7.189,354.6,2.7,1477.0,1127.68,0.965,37.6,6268.0,4.429,1.1
K02796.01,CANDIDATE,1,0.5374094,1.2039,94.2,0.96,2208.0,5646.82,0.17,21.9,5749.0,4.457,0.988
K02797.01,CANDIDATE,1,0.868122253,1.5471,231.3,1.65,2047.0,4163.14,0.006,23.2,6116.0,4.44,1.084
K02798.01,CONFIRMED,2,0.916142298,1.1555,98.5,0.6,1212.0,507.47,0.232,23.0,4374.0,4.639,0.614
K02879.01,FALSE POSITIVE,0,0.339069751,1.1516,53.2,2.09,3653.0,41863.05,0.958,38.2,5653.0,3.846,2.183
K02880.01,CONFIRMED,2,0.740926358,1.0163,195.5,1.22,1873.0,2909.21,0.202,20.0,5618.0,4.494,0.874
K02881.01,FALSE POSITIVE,0,0.903583394,1.5942,1027.1,33.18,2162.0,5162.98,1.242,151.7,6455.0,4.41,1.101
K02882.01,FALSE POSITIVE,0,75.8580035,5.382,1148.4,2.72,281.0,1.47,0.935,16.1,4474.0,4.67,0.614
K02882.02,FALSE POSITIVE,0,0.493393859,1.1319,264.7,1.4,1505.0,1203.14,0.961,20.3,4474.0,4.67,0.614
K02883.01,CONFIRMED,2,11.95401876,2.656,855.9,2.1,525.0,17.92,0.744,19.3,4359.0,4.611,0.659
K02884.01,FALSE POSITIVE,0,2.48883033,4.268,51.4,0.64,1230.0,540.34,0.696,15.1,5615.0,4.514,0.833
K02977.01,CONFIRMED,2,2.7881793,3.397,55.8,1.02,1510.0,1228.07,0.058,17.7,5758.0,4.168,1.385
K02977.02,CONFIRMED,2,4.13827684,3.449,63.8,1.13,1324.0,725.53,0.499,16.8,5758.0,4.168,1.385
K00304.02,CANDIDATE,1,5.518195,1.81,27.1,0.46,969.0,208.54,0.243,5.2,5767.0,4.538,0.881
K02978.01,FALSE POSITIVE,0,2.61846258,3.505,275.3,1.03,843.0,119.68,0.013,18.7,4266.0,4.626,0.643
K02979.01,FALSE POSITIVE,0,1.371288853,1.4528,66.2,1.15,1837.0,2695.6,0.953,16.9,6220.0,4.378,1.108
K02980.01,CONFIRMED,2,1.638652525,1.952,166.9,1.29,1610.0,1585.07,0.365,16.4,6119.0,4.472,0.981
K02981.01,CONFIRMED,2,9.06687613,3.381,367.2,1.9,725.0,65.52,0.928,14.6,5142.0,4.515,0.789
K03071.01,CONFIRMED,2,23.9553986,3.204,228.7,2.84,741.0,71.16,0.669,13.9,5011.0,3.903,1.781
K00313.02,CONFIRMED,2,8.43639829,3.2451,345.5,1.5,742.0,71.51,0.51,76.8,5188.0,4.547,0.795
K03072.01,FALSE POSITIVE,0,24.3367026,2.539,551.1,1.95,526.0,18.07,0.577,13.4,5141.0,4.505,0.806
K03073.01,CANDIDATE,1,7.40985182,1.131,201.1,1.18,818.0,105.91,0.234,13.5,5462.0,4.56,0.836
K03074.01,FALSE POSITIVE,0,1.02425556,2.6439,1631.7,29.83,1503.0,1211.99,1.312,40.6,5337.0,4.594,0.764
K03075.01,CONFIRMED,2,4.76559056,2.2,67.5,0.92,1167.0,439.42,0.14,15.2,5702.0,4.258,1.125
K03077.01,CONFIRMED,2,4.09578199,1.704,405.5,1.64,851.0,124.3,0.752,11.9,4791.0,4.577,0.742
K00318.01,CONFIRMED,2,38.5833679,12.391,1388.2,8.56,761.0,79.08,0.905,46.1,6273.0,4.04,1.927
K03174.01,FALSE POSITIVE,0,0.566800926,4.407,264.5,2.19,2200.0,5563.01,0.971,63.2,5780.0,4.438,1.0
K03175.01,FALSE POSITIVE,0,2.302365255,23.88,62160.0,63.06,1568.0,1429.81,1.1,468.4,5948.0,4.269,1.229
K03179.01,CONFIRMED,2,5.99078221,1.699,69.9,1.03,987.0,223.93,0.944,8.6,5721.0,4.442,0.972
K03184.01,CONFIRMED,2,7.545922037,4.0329,22.2,0.68,1084.0,326.67,0.625,13.4,5788.0,4.178,1.376
K03184.03,CANDIDATE,1,4.02018903,3.616,18.5,0.6,1337.0,754.66,0.505,14.4,5788.0,4.178,1.376
K03185.01,FALSE POSITIVE,0,0.934181579,3.943,12.1,0.79,3268.0,26937.31,0.62,19.8,7624.0,4.029,2.152
K00326.02,CANDIDATE,1,108.546946,7.567,711.3,29.67,985.0,222.7,0.055,15.3,4751.0,2.52,11.536
K03290.01,FALSE POSITIVE,0,10.31453308,3.6641,2004.1,29.6,885.0,144.83,1.276,71.6,6335.0,4.455,0.837
K03291.01,FALSE POSITIVE,0,15.8733803,7.4672,4094.1,8.15,830.0,111.99,0.919,136.5,6161.0,4.276,1.054
K03292.01,FALSE POSITIVE,0,42.3991752,7.251,484.0,3.23,580.0,26.75,0.965,36.9,6133.0,4.37,1.121
K03293.01,FALSE POSITIVE,0,25.95198823,14.602,5103.3,39.94,680.0,50.51,1.269,125.0,6363.0,4.444,1.035
K03294.01,FALSE POSITIVE,0,25.9522401,20.813,2896.9,42.91,572.0,25.35,1.375,90.5,5659.0,4.528,0.904
K03295.01,FALSE POSITIVE,0,14.12809896,2.326,263.1,1.6,781.0,87.8,0.046,20.3,6072.0,4.47,0.988
K03374.01,CONFIRMED,2,9.5084871,4.372,97.9,1.65,1131.0,386.61,0.143,13.3,6144.0,4.106,1.668
K00332.02,CANDIDATE,1,6.86674226,4.216,47.2,0.79,1018.0,254.1,0.405,12.3,5914.0,4.396,1.135
K03374.02,CANDIDATE,1,34.1086562,6.405,133.8,1.95,739.0,70.4,0.318,11.7,6144.0,4.106,1.668
K03375.01,CONFIRMED,2,47.0563327,4.807,762.0,2.57,497.0,14.43,0.361,12.1,5889.0,4.492,0.924
K03377.01,CANDIDATE,1,10.0100312,1.35,375.8,0.99,506.0,15.56,0.07,12.4,4338.0,4.731,0.508
K03378.01,FALSE POSITIVE,0,27.6775212,2.513,293.9,23.04,558.0,22.91,1.238,12.3,5797.0,4.563,0.828
K03379.01,CONFIRMED,2,30.4544418,6.896,472.1,2.6,624.0,35.92,0.929,17.3,6283.0,4.472,0.984
K00339.03,CONFIRMED,2,35.8656484,8.035,250.9,2.44,633.0,37.92,0.963,26.2,6078.0,4.29,1.189
K03461.02,FALSE POSITIVE,0,3.18740907,6.19,137.5,0.81,919.0,168.43,0.144,9.2,4808.0,4.589,0.715
K03462.01,CANDIDATE,1,12.4326997,7.81,240.3,1.88,839.0,117.17,0.212,11.5,5480.0,4.22,1.229
K03462.02,CANDIDATE,1,30.9902997,9.454,321.5,2.21,619.0,34.68,0.397,10.7,5480.0,4.22,1.229
K03463.01,CANDIDATE,1,32.5474295,6.945,157.1,1.42,618.0,34.42,0.709,11.3,6068.0,4.384,1.061
K03464.01,FALSE POSITIVE,0,15.9750417,3.549,643.5,90.37,1143.0,403.2,1.211,37.5,5220.0,3.52,3.456
K03465.01,CONFIRMED,2,16.0505464,3.171,94.4,0.81,630.0,37.12,0.135,14.6,5428.0,4.563,0.853
K03560.01,FALSE POSITIVE,0,1.501760172,5.85519,387905.0,90.92,1905.0,3110.42,0.518,2624.0,6327.0,4.315,1.29
K00347.01,CANDIDATE,1,2.671942657,1.9119,15942.0,22.36,1458.0,1069.47,0.982,97.5,6116.0,4.335,1.055
K03561.01,FALSE POSITIVE,0,4.05325447,4.0116,110916.0,1668.79,1191.0,475.36,15.329,446.1,6022.0,4.453,1.039
K03562.01,FALSE POSITIVE,0,101.26336282,17.8951,72792.5,44.0,435.0,8.47,0.944,3573.1,6309.0,4.413,1.062
K03563.01,FALSE POSITIVE,0,120.58167178,8.2904,192896.0,41.71,291.0,1.7,0.845,1184.8,5294.0,4.651,0.673
K03564.01,FALSE POSITIVE,0,1.558544209,3.3727,225588.0,35.12,1182.0,460.09,0.507,421.6,4868.0,4.582,0.708
K03565.01,FALSE POSITIVE,0,2.63757408,5.9626,169658.0,76.02,1242.0,563.22,1.107,1471.6,5639.0,4.509,0.953
K03655.01,FALSE POSITIVE,0,2.897436854,3.2833,289807.0,64.69,1277.0,627.44,0.642,274.2,5780.0,4.438,1.0
K03656.01,FALSE POSITIVE,0,3.01551943,3.1713,159584.0,155.81,1837.0,2692.16,0.851,367.3,5299.0,3.672,2.761
K03657.01,FALSE POSITIVE,0,2.112395777,2.7714,262602.0,115.26,1419.0,957.45,1.285,243.2,5780.0,4.438,1.0
K00351.07,CONFIRMED,2,124.922516,11.942,498.7,3.37,407.0,6.45,0.943,24.4,5970.0,4.317,1.2
K03658.01,FALSE POSITIVE,0,2.252417903,1.9767,32296.0,27.09,782.0,88.43,1.198,129.5,3979.0,4.699,0.544
K03659.01,FALSE POSITIVE,0,2.900613144,3.7357,165475.0,38.63,1289.0,650.9,0.334,617.7,5977.0,4.472,0.931
K03660.01,FALSE POSITIVE,0,174.7697122,2.3569,68139.0,38.79,294.0,1.77,1.036,100.4,5704.0,4.575,0.804
K03749.01,FALSE POSITIVE,0,10.72725536,1.7541,56197.0,12.85,307.0,2.1,1.056,160.5,3324.0,5.006,0.268
K03750.01,FALSE POSITIVE,0,1.507101452,5.2005,15847.0,39.32,1573.0,1453.29,1.246,273.5,5884.0,4.453,0.876
K03751.01,FALSE POSITIVE,0,1.274841686,3.5903,50253.0,63.68,2025.0,3957.46,1.128,353.0,6211.0,4.247,1.281
K00358.01,FALSE POSITIVE,0,22.845241036,5.3007,45676.5,30.35,762.0,79.78,0.617,3845.4,5926.0,4.187,1.351
K03752.01,FALSE POSITIVE,0,1.433262145,5.6316,1849.5,5.67,1769.0,2319.46,0.933,159.3,5977.0,4.318,1.068
K03753.01,FALSE POSITIVE,0,0.782046543,1.9874,340464.0,43.07,1372.0,836.18,0.633,534.0,4768.0,4.661,0.591
K03754.01,FALSE POSITIVE,0,5.663604992,1.4283,163385.0,54.55,1021.0,257.36,0.785,169.4,5780.0,4.438,1.0
K03849.01,CANDIDATE,1,0.604358764,1.0423,38731.0,23.28,997.0,235.63,1.197,236.8,3569.0,4.82,0.427
K03850.01,FALSE POSITIVE,0,11.3775281,12.918,1651.3,82.26,1177.0,453.61,1.415,38.2,6943.0,4.162,1.66
K03851.01,FALSE POSITIVE,0,0.7981968,2.22035,257616.0,62.38,1963.0,3497.4,0.67,453.9,5780.0,4.438,1.0
K03852.01,FALSE POSITIVE,0,1.233076007,12.506,1392.4,31.39,1513.0,1237.97,1.312,129.3,5602.0,4.571,0.817
K03853.01,FALSE POSITIVE,0,21.5135234,77.983,1583.8,534.47,1006.0,242.54,2.441,171.5,5088.0,3.508,3.318
K00369.01,CONFIRMED,2,5.88527364,1.9531,112.7,1.59,1253.0,583.47,0.622,27.4,6070.0,4.157,1.431
K03854.01,FALSE POSITIVE,0,1.1910489,1.3738,1391.1,22.76,1348.0,781.99,1.257,46.1,5089.0,4.58,0.693
K03946.01,CONFIRMED,2,308.544422,18.503,586.8,3.28,330.0,2.81,0.022,56.8,6325.0,4.274,1.349
K03947.01,FALSE POSITIVE,0,0.905679492,2.1164,2299.0,35.74,1882.0,2950.42,1.272,59.3,5780.0,4.438,1.0
K03947.02,FALSE POSITIVE,0,22.735911,42.435,2311.0,5.07,643.0,40.32,0.665,69.4,5780.0,4.438,1.0
K03948.01,FALSE POSITIVE,0,0.909310626,3.4411,12126.6,48.79,2130.0,4889.6,1.264,454.0,6370.0,4.41,1.106
K03949.01,FALSE POSITIVE,0,0.648774274,2.643,231.0,1.08,1659.0,1795.83,0.078,26.1,5026.0,4.557,0.729
K00377.01,CONFIRMED,2,19.270825843,4.1281,6660.5,7.74,661.0,45.05,0.169,577.1,5779.0,4.491,0.956
K03950.01,FALSE POSITIVE,0,2.189092892,5.1128,1871.5,33.45,1446.0,1034.43,1.27,150.7,6106.0,4.487,0.966
K04039.01,FALSE POSITIVE,0,1.387838134,2.252,136.8,1.24,1783.0,2378.53,0.38,20.4,6273.0,4.442,1.044
K04040.01,FALSE POSITIVE,0,0.678349364,3.092,486.0,19.06,1844.0,2737.73,1.187,12.0,5569.0,4.566,0.829
K04041.01,FALSE POSITIVE,0,1.022028468,8.866,1344.5,26.91,1649.0,1755.39,1.247,184.5,5445.0,4.456,0.855
K04042.01,FALSE POSITIVE,0,0.72359699,1.326,495.6,6.73,4699.0,114645.28,0.608,14.8,8855.0,3.818,2.858
K00386.02,CONFIRMED,2,76.7324556,6.243,685.7,3.08,473.0,11.86,0.462,34.3,5951.0,4.319,1.155
K04043.01,FALSE POSITIVE,0,1.6156052,14.55,1582.0,34.69,2202.0,5539.33,1.149,253.1,6770.0,4.15,1.623
K04044.01,FALSE POSITIVE,0,1.728521892,3.361,92.2,1.19,1678.0,1869.82,0.719,30.2,5872.0,4.282,1.157
K01340.01,FALSE POSITIVE,0,2.90060781,2.563,124.8,1.58,1645.0,1727.31,0.47,20.6,6547.0,4.241,1.371
K02628.01,CONFIRMED,2,1.68189051,2.992,83.2,1.27,1790.0,2432.14,0.415,17.4,5827.0,4.191,1.374
K02629.01,FALSE POSITIVE,0,8.59000355,6.68,298.1,1.82,843.0,119.26,0.909,18.9,5817.0,4.538,0.876
K02631.01,CONFIRMED,2,44.9977604,9.686,170.2,1.59,508.0,15.74,0.928,21.4,5871.0,4.493,0.983
K02632.01,CONFIRMED,2,7.12815163,5.522,45.9,1.36,1373.0,839.5,0.201,22.0,6311.0,3.998,1.994
K00279.02,CONFIRMED,2,15.4130812,6.6358,264.3,2.59,944.0,187.39,0.372,55.2,6206.0,4.159,1.573
K02633.01,FALSE POSITIVE,0,29.7123181,70.3707,385.4,46.43,870.0,135.31,1.202,130.0,6440.0,3.984,1.921
K02714.03,CONFIRMED,2,184.262741,11.94,292.2,2.57,380.0,4.93,0.885,21.1,6115.0,4.249,1.291
K02715.01,CONFIRMED,2,11.12827427,2.6118,6057.0,4.04,408.0,6.52,0.594,65.6,3640.0,4.744,0.503
K02715.02,CONFIRMED,2,2.226496196,1.7073,1839.1,2.1,697.0,55.76,0.048,36.0,3640.0,4.744,0.503
K02715.03,CONFIRMED,2,5.72084599,2.744,1316.0,1.78,509.0,15.84,0.166,20.5,3640.0,4.744,0.503
K00284.02,CONFIRMED,2,6.41491277,3.3629,121.0,1.4,1069.0,309.12,0.869,51.1,5931.0,4.322,1.101
K02716.01,CONFIRMED,2,0.962864171,1.6802,303.5,1.52,1666.0,1828.67,0.736,31.6,5704.0,4.575,0.804
K02716.02,CONFIRMED,2,6.46004728,1.979,394.2,1.8,883.0,144.06,0.828,17.0,5704.0,4.575,0.804
K02799.01,FALSE POSITIVE,0,0.597933473,1.918,106.0,1.24,2564.0,10196.42,0.562,26.0,6543.0,4.382,1.159
K02800.01,FALSE POSITIVE,0,2.69636494,3.892,109.0,1.24,1406.0,925.14,0.628,22.2,5653.0,4.25,1.139
K02801.01,CONFIRMED,2,6.99205021,5.037,33.4,1.06,1194.0,479.87,0.944,24.4,6057.0,4.139,1.467
K02802.01,CONFIRMED,2,3.84822189,2.013,203.9,1.72,1283.0,641.53,0.368,17.6,5927.0,4.323,1.193
K00289.02,CONFIRMED,2,296.6375817,16.425,2763.1,7.56,332.0,2.88,0.429,250.0,5866.0,4.117,1.417
K02803.01,CONFIRMED,2,2.37752442,2.307,32.1,0.53,1278.0,632.62,0.256,15.9,5615.0,4.505,0.936
K02804.01,FALSE POSITIVE,0,2.62838097,3.193,89.9,1.01,1375.0,846.09,0.087,15.3,5884.0,4.408,1.07
K02885.01,FALSE POSITIVE,0,20.2340219,3.674,193.6,0.99,562.0,23.53,0.249,11.5,5528.0,4.627,0.71
K02886.01,CONFIRMED,2,0.88184263,1.3117,249.9,1.24,1564.0,1419.46,0.454,21.2,5268.0,4.594,0.776
K02887.01,FALSE POSITIVE,0,1.56859048,11.591,280.6,23.41,1693.0,1935.28,1.198,43.3,6248.0,4.442,1.002
K00297.01,CONFIRMED,2,5.65178922,3.0933,134.1,2.03,1248.0,574.71,0.906,39.5,6085.0,4.218,1.463
K02888.01,FALSE POSITIVE,0,0.623441939,1.4053,128.1,13.89,3219.0,25489.88,1.027,40.6,5385.0,3.639,2.871
K02889.01,FALSE POSITIVE,0,5.24364571,16.984,270.4,25.01,1149.0,411.58,1.201,45.6,6197.0,4.406,1.056
K02890.01,CONFIRMED,2,8.98826122,4.96,160.8,1.39,864.0,131.92,0.92,14.5,5984.0,4.521,0.906
K02982.01,CONFIRMED,2,4.0223109,0.853,227.8,1.37,1017.0,253.28,0.741,11.0,5516.0,4.544,0.827
K02983.01,FALSE POSITIVE,0,0.423854275,1.0198,235.3,0.58,1062.0,301.79,0.449,33.3,3553.0,4.887,0.368
K02984.01,CANDIDATE,1,11.45541896,4.95,68.6,1.12,975.0,213.86,0.116,15.8,6231.0,4.276,1.356
K02985.01,FALSE POSITIVE,0,0.575884418,2.0734,272.2,31.17,2397.0,7790.32,1.258,43.2,6290.0,4.442,1.044
K02986.01,FALSE POSITIVE,0,0.562555067,1.7402,198.3,1.21,2046.0,4128.4,0.527,21.7,5793.0,4.561,0.832
K02987.01,FALSE POSITIVE,0,0.993703494,0.7645,67.4,2.32,3257.0,26588.4,0.436,14.5,6854.0,3.808,2.715
K00305.01,CONFIRMED,2,4.603575293,2.3499,440.4,1.51,810.0,101.65,0.246,79.7,4783.0,4.602,0.741
K03077.02,CANDIDATE,1,7.55842923,2.91,361.1,1.46,694.0,54.85,0.619,10.3,4791.0,4.577,0.742
K03078.01,CONFIRMED,2,2.98618134,2.969,122.9,1.16,1356.0,798.35,0.249,12.0,6173.0,4.447,1.041
K03081.01,FALSE POSITIVE,0,25.9200092,5.609,331.4,1.28,515.0,16.59,0.054,10.9,5517.0,4.631,0.704
K03082.01,FALSE POSITIVE,0,2.04516705,3.625,154.8,2.9,2945.0,17791.98,0.74,16.5,9206.0,4.112,2.157
K03083.01,CANDIDATE,1,10.18318233,3.137,51.5,0.79,867.0,133.56,0.449,11.2,5843.0,4.421,1.084
K00314.01,CONFIRMED,2,13.78109471,2.3188,756.0,1.42,402.0,6.17,0.545,112.8,3846.0,4.738,0.503
K03083.02,CANDIDATE,1,6.2321233,2.85,31.7,0.61,1021.0,256.72,0.32,8.5,5843.0,4.421,1.084
K03187.01,FALSE POSITIVE,0,0.705891195,5.281,15.0,1.0,4884.0,134291.26,0.511,32.9,10346.0,4.077,2.449
K03188.01,FALSE POSITIVE,0,12.607591424,29.1267,79.5,1.61,809.0,101.31,0.996,41.6,6047.0,4.47,1.002
K03190.01,CANDIDATE,1,8.95294046,2.995,44.0,0.86,1012.0,247.66,0.718,13.0,6047.0,4.266,1.207
K03191.02,CANDIDATE,1,371.17573,8.2,133.7,4.07,610.0,32.64,0.781,12.1,9030.0,3.822,3.218
K00319.01,CANDIDATE,1,46.15119482,6.3427,1817.3,10.02,703.0,57.8,0.904,286.0,5877.0,3.927,1.963
K03193.01,FALSE POSITIVE,0,32.6122381,2.886,1321.4,31.96,570.0,24.92,1.252,19.6,5780.0,4.438,1.0
K03194.01,CANDIDATE,1,10.81315417,1.275,80.3,1.46,1045.0,281.84,0.804,16.6,6380.0,4.24,1.46
K03296.01,CONFIRMED,2,62.869463,6.842,341.7,1.96,349.0,3.51,0.954,16.2,4762.0,4.535,0.781
K03297.01,FALSE POSITIVE,0,84.8062818,9.0006,9936.0,36.51,388.0,5.33,1.265,121.6,5735.0,4.525,0.853
K03298.01,CONFIRMED,2,29.9632816,2.6,893.2,2.24,391.0,5.55,0.855,17.7,4463.0,4.623,0.638
K03299.01,FALSE POSITIVE,0,17.99643716,4.164,36923.0,30.08,468.0,11.31,1.122,123.5,4438.0,4.606,0.666
K00327.01,CONFIRMED,2,3.254277742,2.9903,159.9,1.38,1301.0,675.56,0.303,58.6,5945.0,4.402,1.089
K03300.01,FALSE POSITIVE,0,24.2382519,2.703,465.5,2.19,597.0,29.92,0.82,11.3,5763.0,4.527,0.904
K03300.02,FALSE POSITIVE,0,24.2416103,5.137,323.4,1.61,596.0,29.92,0.069,10.8,5763.0,4.527,0.904
K03380.01,FALSE POSITIVE,0,10.26558924,3.879,254.6,1.65,828.0,111.18,0.663,18.8,5774.0,4.458,0.98
K03381.02,FALSE POSITIVE,0,387.56519,13.28,1083.0,4.02,271.0,1.28,0.916,11.8,6289.0,4.454,1.02
K03382.01,FALSE POSITIVE,0,18.9257333,6.149,188.5,16.74,639.0,39.47,1.155,16.2,5455.0,4.421,0.909
K03383.01,CONFIRMED,2,37.8862977,5.218,672.2,2.09,479.0,12.46,0.026,14.4,5513.0,4.551,0.818
K03384.01,CANDIDATE,1,10.54841329,1.872,102.9,3.89,899.0,154.84,1.017,11.7,6047.0,4.387,1.092
K00333.01,CONFIRMED,2,13.28536452,6.283,377.6,4.03,1157.0,423.65,0.774,26.8,6534.0,3.973,1.9
K03384.02,CONFIRMED,2,19.9158863,6.191,143.2,1.41,728.0,66.31,0.748,28.3,6047.0,4.387,1.092
K03466.01,FALSE POSITIVE,0,11.082622625,6.62584,268725.0,48.38,793.0,93.67,0.207,1725.6,5831.0,4.503,0.922
K03467.01,FALSE POSITIVE,0,33.93754213,11.1677,32990.3,138.25,618.0,34.42,1.979,1112.0,6220.0,4.414,1.066
K03468.01,CONFIRMED,2,20.7057153,9.678,115.9,3.22,967.0,206.73,0.922,13.5,5668.0,3.792,2.437
K03469.01,CANDIDATE,1,60.532988,7.086,467.5,1.91,420.0,7.36,0.618,23.8,5631.0,4.557,0.847
K00340.01,FALSE POSITIVE,0,23.6731242,14.3948,23112.9,17.74,676.0,49.42,0.21,842.3,5769.0,4.338,1.177
K03470.01,CANDIDATE,1,15.0617835,6.31,196.6,1.61,794.0,94.08,0.114,12.1,5806.0,4.321,1.158
K03470.02,CONFIRMED,2,25.4337864,6.514,302.0,2.0,667.0,46.8,0.232,14.3,5806.0,4.321,1.158
K03566.01,FALSE POSITIVE,0,8.64636188,8.73607,218072.0,54.24,1033.0,268.95,0.294,2441.7,6444.0,4.382,1.134
K03567.01,FALSE POSITIVE,0,112.46358893,31.8273,242411.0,129.04,692.0,54.2,0.523,1374.0,7426.0,3.903,2.463
K03568.01,FALSE POSITIVE,0,15.65129028,6.7631,398641.0,78.3,792.0,93.1,0.507,359.7,6137.0,4.418,1.103
K03569.01,FALSE POSITIVE,0,9.014220178,2.76441,34085.6,15.49,661.0,45.03,0.802,1109.2,4842.0,4.573,0.73
K03570.01,FALSE POSITIVE,0,1.824653341,4.25512,176739.0,55.44,1680.0,1880.22,0.845,1833.7,6413.0,4.372,0.941
K00348.01,CONFIRMED,2,28.51117639,4.5941,1844.6,3.27,423.0,7.55,0.77,145.5,4687.0,4.627,0.69
K03571.01,FALSE POSITIVE,0,3.185090259,4.80188,423276.0,92.5,1564.0,1414.18,0.465,1909.2,6516.0,4.249,1.279
K03661.01,FALSE POSITIVE,0,4.252082243,2.7543,8290.5,33.14,1064.0,303.48,1.268,254.8,5802.0,4.492,0.794
K03662.01,FALSE POSITIVE,0,14.180228311,4.5344,172737.0,62.41,873.0,137.11,0.795,472.3,6289.0,4.33,1.142
K03663.01,CONFIRMED,2,282.5253558,10.7965,9746.4,8.98,264.0,1.15,0.248,696.0,5725.0,4.506,0.913
K03664.01,FALSE POSITIVE,0,1.87887673,6.60887,824392.0,148.25,1846.0,2750.37,0.441,3176.9,6569.0,4.281,1.235
K03665.01,FALSE POSITIVE,0,17.79391159,4.3194,93395.0,33.3,697.0,55.88,0.692,247.0,5780.0,4.438,1.0
K03666.01,FALSE POSITIVE,0,7.942583252,7.0612,88327.0,219.02,1285.0,644.35,1.522,855.4,5516.0,3.765,2.178
K03667.01,FALSE POSITIVE,0,2.489549075,2.4345,2829.7,59.57,1708.0,2007.56,1.33,160.6,6184.0,4.138,1.406
K03755.01,FALSE POSITIVE,0,18.076610347,3.1396,65280.0,39.16,533.0,19.14,1.074,380.6,4848.0,4.55,0.764
K03756.01,FALSE POSITIVE,0,6.47173281,7.1964,6472.7,13.68,1338.0,757.69,0.267,94.5,6318.0,4.079,1.685
K03757.01,FALSE POSITIVE,0,1.98663794,4.7585,63156.0,134.5,3234.0,25932.61,1.105,193.0,9191.0,3.973,2.619
K03758.01,FALSE POSITIVE,0,13.54208867,4.9406,28869.0,26.65,727.0,66.01,0.985,137.6,5496.0,4.405,0.927
K03759.01,FALSE POSITIVE,0,7.549303633,2.3665,10222.9,34.45,794.0,93.96,1.253,177.0,5402.0,4.581,0.815
K03760.01,FALSE POSITIVE,0,0.77544539,1.8764,6791.4,35.53,1883.0,2974.07,1.272,205.1,5861.0,4.546,0.865
K03761.01,FALSE POSITIVE,0,164.950399,30.86,24493.0,11.23,252.0,0.95,0.724,65.7,5001.0,4.603,0.664
K03855.01,FALSE POSITIVE,0,0.546248198,2.1081,114528.0,54.23,2227.0,5820.72,0.946,263.1,5780.0,4.438,1.0
K03856.01,CANDIDATE,1,1.811966339,3.792,408.1,95.19,2573.0,10360.38,1.24,36.3,5904.0,3.602,3.348
K03857.01,FALSE POSITIVE,0,0.532087933,3.45028,510366.0,74.83,2247.0,6002.61,0.279,1069.5,5780.0,4.438,1.0
K03858.01,FALSE POSITIVE,0,3.204222652,2.7952,898.4,23.55,979.0,217.46,1.258,45.5,5139.0,4.609,0.741
K03859.01,FALSE POSITIVE,0,0.687898282,3.96401,293505.0,55.58,2062.0,4267.13,0.337,1571.6,5780.0,4.438,1.0
K03860.01,FALSE POSITIVE,0,2.178154774,3.5302,662.6,19.46,1180.0,457.16,1.223,89.2,5515.0,4.624,0.712
K03861.01,FALSE POSITIVE,0,0.99466172,1.576,1370.5,31.84,1898.0,3078.85,1.244,21.5,5750.0,4.332,1.021
K03951.01,FALSE POSITIVE,0,2.40435335,4.07,70.6,3.05,2454.0,8577.88,0.746,27.1,6103.0,3.568,3.358
K03952.01,FALSE POSITIVE,0,220.9290121,7.335,2456.5,5.24,299.0,1.89,0.826,70.4,5893.0,4.483,0.941
K03953.01,FALSE POSITIVE,0,3.1877519,14.836,452.3,19.66,1141.0,400.3,1.178,83.2,5532.0,4.489,0.896
K03954.01,FALSE POSITIVE,0,0.65244373,1.471,610.7,2.17,1969.0,3546.43,0.133,41.8,5638.0,4.488,0.883
K03954.02,CONFIRMED,2,5.71668787,1.97,431.7,1.92,955.0,196.51,0.616,11.8,5638.0,4.488,0.883
K03955.01,FALSE POSITIVE,0,1.332564704,5.9775,1049.5,30.04,1692.0,1945.27,1.249,124.0,6046.0,4.486,0.972
K03956.01,FALSE POSITIVE,0,2.636899795,0.9105,426.2,49.84,1179.0,456.22,1.519,27.6,5524.0,4.54,0.847
K04045.01,FALSE POSITIVE,0,1.89125855,5.415,67.9,0.81,1671.0,1839.74,0.677,24.8,6569.0,4.41,0.927
K04046.01,FALSE POSITIVE,0,8.65312868,3.376,508.6,20.38,857.0,127.5,1.185,22.6,5880.0,4.525,0.893
K04046.02,FALSE POSITIVE,0,94.22498,22.445,346.3,1.84,387.0,5.28,0.801,15.5,5880.0,4.525,0.893
K04047.01,CANDIDATE,1,1.39862757,9.625,45.5,2.39,3562.0,38048.23,0.617,59.6,7872.0,3.732,3.367
K04048.01,FALSE POSITIVE,0,4.56447463,6.415,208.4,1.13,902.0,156.74,0.508,42.6,5270.0,4.596,0.77
K04049.01,FALSE POSITIVE,0,1.027904857,1.6381,2381.2,30.48,1653.0,1769.2,1.261,117.8,5432.0,4.446,0.872
K04050.01,FALSE POSITIVE,0,367.95566,21.877,1414.1,3.62,183.0,0.27,0.957,13.7,4723.0,4.611,0.696
K02634.01,CONFIRMED,2,19.9401211,4.283,758.9,2.42,588.0,28.29,0.862,18.0,5623.0,4.596,0.763
K02635.01,CONFIRMED,2,22.2420032,7.532,63.5,2.04,954.0,195.54,0.897,16.2,5979.0,3.854,2.164
K02636.01,CONFIRMED,2,3.88148385,2.679,36.3,0.59,1156.0,423.0,0.252,11.9,5854.0,4.469,0.979
K02637.01,CANDIDATE,1,3.98864999,3.516,94.2,1.15,1233.0,547.73,0.355,12.4,5692.0,4.288,1.188
K02638.01,CONFIRMED,2,2.524017517,1.1968,303.0,1.5,1203.0,495.14,0.077,19.8,5420.0,4.487,0.871
K02639.01,CANDIDATE,1,25.1123362,7.922,398.8,2.22,691.0,53.73,0.007,11.8,6133.0,4.367,1.112
K02641.01,CANDIDATE,1,3.55557922,3.24,60.4,0.84,1270.0,615.03,0.269,15.5,5839.0,4.337,1.082
K02717.01,CONFIRMED,2,0.929906166,1.743,108.7,1.48,2291.0,6514.57,0.102,79.7,6039.0,4.169,1.413
K02718.01,FALSE POSITIVE,0,0.784513087,1.9206,316.6,131.4,10634.0,3036857.56,0.029,47.7,3853.0,0.892,78.869
K02719.01,CONFIRMED,2,4.11585514,1.4858,425.8,1.93,895.0,151.55,0.807,20.8,4827.0,4.508,0.823
K02719.02,CANDIDATE,1,106.25976,6.101,354.0,1.5,303.0,1.99,0.209,7.7,4827.0,4.508,0.823
K02720.01,CANDIDATE,1,6.57159435,3.1044,65.7,1.26,1211.0,507.81,0.751,30.7,6042.0,4.139,1.432
K02721.01,CONFIRMED,2,33.878639,6.194,700.1,3.52,564.0,24.0,0.923,27.9,5533.0,4.348,1.072
K02722.01,CONFIRMED,2,6.12479773,3.466,129.3,1.51,1140.0,399.43,0.79,20.1,6052.0,4.285,1.202
K02805.01,CONFIRMED,2,1.877878538,2.39,47.5,0.78,1701.0,1977.35,0.248,20.6,6324.0,4.352,1.115
K02806.01,CONFIRMED,2,24.7543849,3.39,593.3,2.1,491.0,13.7,0.709,18.0,4852.0,4.519,0.804
K02807.01,CANDIDATE,1,3.375716723,1.5436,175.7,2.34,1472.0,1111.66,0.982,20.2,6310.0,4.273,1.282
K02808.01,FALSE POSITIVE,0,0.596087893,0.7159,105.1,1.92,2967.0,18259.79,0.283,30.3,6049.0,3.997,1.827
K02809.01,FALSE POSITIVE,0,7.12684695,3.179,206.3,1.38,941.0,185.17,0.71,20.7,6050.0,4.525,0.896
K02810.01,FALSE POSITIVE,0,0.661749944,4.112,215.6,23.92,2420.0,8123.02,1.169,34.5,6363.0,4.386,1.198
K02811.01,CANDIDATE,1,1.35477049,1.618,145.3,0.8,1102.0,348.9,0.24,14.8,4414.0,4.621,0.689
K02891.01,FALSE POSITIVE,0,2.023126394,1.2771,72.2,0.92,1607.0,1582.75,0.391,19.2,6349.0,4.422,1.059
K02892.01,FALSE POSITIVE,0,10.63609504,3.48,290.6,1.36,728.0,66.5,0.029,20.9,5546.0,4.575,0.81
K02893.01,FALSE POSITIVE,0,0.99014722,0.9394,321.1,1.34,1433.0,997.75,0.329,23.0,5072.0,4.606,0.747
K02894.01,CONFIRMED,2,10.3108232,5.617,204.0,1.27,786.0,90.1,0.129,14.0,5708.0,4.521,0.893
K02895.01,FALSE POSITIVE,0,1.069842837,5.275,540.3,1.77,1433.0,998.07,0.001,65.2,4999.0,4.523,0.786
K02896.01,FALSE POSITIVE,0,1.077467951,2.1125,75.7,31.06,2339.0,7064.38,1.181,47.4,6329.0,4.137,1.508
K02897.01,FALSE POSITIVE,0,0.584310213,2.1801,809.4,23.09,2053.0,4190.91,1.209,91.9,5783.0,4.539,0.88
K02989.01,CONFIRMED,2,6.33125228,2.688,306.6,1.31,822.0,108.04,0.094,16.2,5383.0,4.603,0.759
K02990.01,CONFIRMED,2,11.20058855,4.562,219.9,1.7,808.0,100.91,0.956,19.2,6038.0,4.524,0.898
K02991.01,FALSE POSITIVE,0,1.50179931,3.275,100.1,0.72,1229.0,540.71,0.256,19.1,5024.0,4.613,0.736
K02992.01,CANDIDATE,1,82.6595174,3.48,1270.7,2.03,233.0,0.7,0.579,17.1,3952.0,4.716,0.553
K02993.01,FALSE POSITIVE,0,0.692693892,1.2804,1433.7,32.44,2050.0,4160.84,1.265,146.7,5907.0,4.49,0.964
K02994.01,CONFIRMED,2,2.03387483,3.097,73.6,1.6,1789.0,2422.92,0.238,15.7,5282.0,3.913,1.899
K02995.01,CONFIRMED,2,5.19492747,3.167,272.9,2.03,1238.0,554.37,0.093,16.5,6415.0,4.374,1.224
K03083.03,CANDIDATE,1,8.2942929,3.976,36.8,0.65,928.0,175.39,0.006,10.1,5843.0,4.421,1.084
K03084.01,FALSE POSITIVE,0,1.540411479,1.703,107.1,0.92,1446.0,1029.25,0.781,12.1,5769.0,4.57,0.812
K03085.01,FALSE POSITIVE,0,3.74785358,3.713,98.2,0.89,1093.0,337.14,0.468,18.8,5706.0,4.537,0.886
K03086.01,CANDIDATE,1,174.731515,8.257,1179.9,3.0,287.0,1.6,0.021,16.5,5201.0,4.447,0.897
K03087.01,FALSE POSITIVE,0,5.54867998,4.665,68.9,0.68,882.0,143.26,0.095,15.4,5258.0,4.514,0.835
K03087.02,FALSE POSITIVE,0,1.22174063,7.443,32.2,0.46,1461.0,1081.5,0.004,19.4,5258.0,4.514,0.835
K03088.01,CONFIRMED,2,3.48412874,1.422,161.6,1.16,1132.0,389.41,0.106,13.3,5696.0,4.519,0.921
K03196.01,CANDIDATE,1,4.96061094,2.864,20.4,0.59,1272.0,618.99,0.058,12.5,6117.0,4.244,1.298
K03196.02,CANDIDATE,1,6.88297756,2.065,30.4,0.77,1141.0,400.53,0.707,13.2,6117.0,4.244,1.298
K03197.01,CANDIDATE,1,22.599501,4.38,76.9,0.96,734.0,68.48,0.12,2.9,6335.0,4.375,1.087
K03199.01,FALSE POSITIVE,0,3.88258905,2.741,57.8,0.78,1158.0,426.41,0.553,13.2,5780.0,4.438,1.0
K03202.01,CANDIDATE,1,92.461135,14.344,122.4,2.86,564.0,23.91,0.083,20.7,5132.0,3.675,2.648
K03203.01,CANDIDATE,1,96.81647,10.227,164.7,3.19,655.0,43.39,0.034,25.9,6404.0,3.793,2.467
K03205.01,FALSE POSITIVE,0,1.332568744,3.755,24.1,0.58,1941.0,3346.25,0.751,29.1,6620.0,4.411,1.081
K03301.01,CANDIDATE,1,20.7106368,2.693,142.5,1.12,626.0,36.18,0.604,11.0,5631.0,4.478,0.901
K03302.01,FALSE POSITIVE,0,69.3788597,3.807,530.4,2.07,421.0,7.4,0.539,16.8,5806.0,4.529,0.874
K03303.01,CONFIRMED,2,29.3493852,4.313,659.2,2.02,451.0,9.81,0.75,20.3,4987.0,4.613,0.722
K03304.01,FALSE POSITIVE,0,13.5437884,5.7076,6608.7,32.21,658.0,44.22,1.269,114.4,5463.0,4.582,0.794
K03305.01,CONFIRMED,2,65.6491001,7.298,983.9,2.52,390.0,5.48,0.038,20.5,5436.0,4.573,0.819
K03306.01,CONFIRMED,2,25.1593389,5.198,358.1,1.76,619.0,34.7,0.035,13.1,5973.0,4.506,0.935
K03307.01,CANDIDATE,1,10.5071781,2.68,271.8,1.41,737.0,69.76,0.232,11.1,5290.0,4.46,0.865
K03385.01,FALSE POSITIVE,0,54.061328105,4.48223,79684.0,88.28,514.0,16.51,1.336,1012.2,5786.0,4.318,1.112
K03386.01,FALSE POSITIVE,0,34.525990182,4.47294,67161.4,54.35,607.0,32.12,1.087,1008.1,6123.0,4.396,1.049
K03387.01,FALSE POSITIVE,0,14.2821417,2.068,224.9,1.08,625.0,36.03,0.012,8.7,5374.0,4.588,0.726
K03388.01,FALSE POSITIVE,0,25.9518795,21.569,1312.3,35.1,645.0,41.0,1.259,63.7,5753.0,4.335,1.078
K03389.01,CANDIDATE,1,29.7681831,9.425,159.9,3.98,917.0,167.51,0.739,13.2,5640.0,3.679,2.916
K03390.01,FALSE POSITIVE,0,56.048096688,4.04427,53725.8,42.62,400.0,6.06,1.161,1003.7,5222.0,4.518,0.78
K03391.01,CANDIDATE,1,36.7662364,3.305,579.5,1.28,336.0,3.02,0.164,12.6,4342.0,4.699,0.54
K03471.01,FALSE POSITIVE,0,67.451045,8.9387,7062.8,36.7,562.0,23.61,1.01,205.4,4847.0,3.726,2.191
K03472.01,CANDIDATE,1,10.43003118,2.029,120.0,1.14,906.0,159.58,0.283,10.6,6277.0,4.449,1.031
K03473.01,CANDIDATE,1,27.63714708,1.7277,735.5,6.96,816.0,104.6,0.669,27.4,5214.0,3.766,2.427
K03474.01,CONFIRMED,2,52.6095103,8.202,203.7,1.83,553.0,22.13,0.102,15.3,5881.0,4.259,1.294
K03476.01,FALSE POSITIVE,0,23.737952838,8.50818,95883.6,53.27,620.0,34.94,1.004,1221.2,5559.0,4.394,1.0
K03477.01,FALSE POSITIVE,0,21.4618453,5.675,122.2,19.89,722.0,64.17,1.139,13.4,5806.0,4.283,1.213
K03478.01,CONFIRMED,2,33.4969115,4.833,163.5,2.97,630.0,37.3,0.961,13.2,4928.0,3.966,1.688
K03572.01,CANDIDATE,1,2.086076372,2.4032,58858.0,1543.74,1645.0,1728.2,13.376,159.3,6124.0,4.265,1.119
K03573.01,FALSE POSITIVE,0,43.56225858,3.6873,51325.0,80.02,624.0,35.83,1.295,163.6,6411.0,4.307,1.216
K03574.01,FALSE POSITIVE,0,198.443477,9.9776,39943.0,41.72,279.0,1.44,1.149,464.2,5420.0,4.502,0.868
K03575.01,FALSE POSITIVE,0,17.907664726,5.58652,265411.0,282.86,746.0,73.31,2.79,1731.4,6173.0,4.447,1.041
K03576.01,FALSE POSITIVE,0,22.77196484,8.3476,325446.0,104.17,835.0,114.9,0.603,305.2,6049.0,4.067,1.557
K03577.01,FALSE POSITIVE,0,184.52015392,15.3564,49269.0,23.38,275.0,1.36,0.886,1759.1,5341.0,4.514,0.776
K00352.01,CONFIRMED,2,27.08239734,5.0119,423.2,3.25,703.0,57.77,0.915,40.9,5857.0,4.204,1.305
K03668.01,FALSE POSITIVE,0,4.469731089,5.257,3159.6,84.63,1614.0,1604.34,1.268,286.7,5758.0,3.808,2.318
K03669.01,FALSE POSITIVE,0,1.731803197,5.6803,44612.0,22.87,1526.0,1285.11,0.63,221.1,5761.0,4.426,1.029
K03670.01,FALSE POSITIVE,0,2.64830047,2.6395,12668.0,126.54,3042.0,20225.84,0.873,79.8,4839.0,2.761,9.278
K03671.01,FALSE POSITIVE,0,8.487871809,4.19829,118814.0,46.24,798.0,96.0,0.941,483.9,5553.0,4.558,0.855
K03672.01,FALSE POSITIVE,0,5.50817321,3.6845,226850.0,39.18,768.0,82.55,0.739,268.7,5051.0,4.663,0.644
K03673.01,FALSE POSITIVE,0,6.142812722,6.0751,96593.0,31.9,994.0,230.71,0.477,316.1,5780.0,4.438,1.0
K00359.01,FALSE POSITIVE,0,5.93720557,4.882,371.4,1.84,894.0,150.81,0.976,59.9,5857.0,4.633,0.712
K03762.01,CONFIRMED,2,240.7990472,16.666,5022.9,10.31,342.0,3.22,0.647,170.1,5758.0,4.168,1.385
K03763.01,FALSE POSITIVE,0,0.888584158,2.25012,412710.0,43.7,1211.0,507.14,0.453,691.2,4324.0,4.639,0.616
K03764.01,FALSE POSITIVE,0,1.303570451,2.28163,332340.0,235.58,2720.0,12920.56,0.548,573.2,4884.0,3.279,3.584
K03765.01,FALSE POSITIVE,0,0.865959015,1.9058,291274.0,144.5,1162.0,434.65,3.068,620.8,4561.0,4.788,0.469
K03767.01,FALSE POSITIVE,0,6.714247798,3.3304,32213.0,14.78,809.0,100.94,0.557,145.9,5159.0,4.508,0.8
K03768.01,FALSE POSITIVE,0,11.35501209,14.557,19675.0,8.0,534.0,19.29,0.473,221.4,4594.0,4.679,0.567
K03862.01,FALSE POSITIVE,0,359.00688,32.16,2015.8,28.57,237.0,0.74,1.263,35.3,5715.0,4.537,0.834
K03862.02,FALSE POSITIVE,0,119.686505,29.33,842.7,23.0,341.0,3.21,1.221,27.1,5715.0,4.537,0.834
K00369.02,CONFIRMED,2,10.10463142,2.369,114.6,1.59,1046.0,283.38,0.571,24.1,6070.0,4.157,1.431
K03863.01,FALSE POSITIVE,0,53.556625,16.18,3963.0,26.31,1076.0,317.03,0.879,22.1,7643.0,3.639,3.618
K03864.01,CONFIRMED,2,1.210693626,1.434,159.1,0.99,1351.0,784.51,0.597,41.6,5014.0,4.559,0.756
K03864.02,CANDIDATE,1,18.2572722,3.434,157.5,0.94,547.0,21.16,0.412,17.3,5014.0,4.559,0.756
K03865.01,FALSE POSITIVE,0,3.255189932,2.7117,119.2,1.39,1390.0,880.52,0.447,38.3,5807.0,4.23,1.256
K03956.02,FALSE POSITIVE,0,12.4249559,16.332,110.4,0.88,703.0,57.8,0.174,17.6,5524.0,4.54,0.847
K03957.01,FALSE POSITIVE,0,0.660629055,5.894,231.6,17.38,2032.0,4040.43,1.173,103.3,6024.0,4.55,0.849
K00378.01,FALSE POSITIVE,0,4.94402197,4.062,363.3,32.92,1419.0,958.29,1.157,33.0,6013.0,4.035,1.7
K03958.01,FALSE POSITIVE,0,0.885123683,3.3865,113.3,1.14,1961.0,3477.17,0.708,42.0,5979.0,4.44,0.998
K03959.01,FALSE POSITIVE,0,1.332567005,6.3373,401.3,27.36,2007.0,3837.83,1.185,110.6,6388.0,4.284,1.223
K03960.01,FALSE POSITIVE,0,2.54557259,5.636,529.0,1.97,1234.0,549.8,0.038,36.0,5718.0,4.549,0.863
K03961.01,FALSE POSITIVE,0,0.704541784,1.0726,275.2,1.72,2121.0,4778.23,0.415,38.4,6063.0,4.476,1.012
K04051.01,CONFIRMED,2,163.692336,6.853,1138.0,2.75,274.0,1.34,0.028,21.0,4999.0,4.49,0.843
K00387.01,CONFIRMED,2,13.89963233,3.5791,1121.7,2.46,521.0,17.37,0.777,98.2,4538.0,4.607,0.663
K04052.01,FALSE POSITIVE,0,1.106529843,6.258,319.5,1.91,1649.0,1746.73,0.974,69.2,5932.0,4.58,0.798
K04053.01,CONFIRMED,2,1.41975831,1.429,60.9,0.85,1700.0,1968.38,0.644,8.1,5925.0,4.394,1.035
K04054.01,CONFIRMED,2,169.135056,8.931,640.7,2.21,273.0,1.31,0.754,24.5,5171.0,4.545,0.801
K04055.01,FALSE POSITIVE,0,0.73095491,2.206,29.6,0.88,2711.0,12770.31,0.415,7.5,6454.0,4.163,1.587
K04056.01,CONFIRMED,2,3.951383138,1.0582,405.7,23.51,1083.0,324.78,1.217,23.9,5570.0,4.458,0.899
K02643.01,CONFIRMED,2,9.08233411,2.008,296.9,1.35,734.0,68.75,0.262,15.8,5354.0,4.587,0.788
K02644.01,FALSE POSITIVE,0,0.790539912,1.0567,277.3,1.24,1502.0,1200.65,0.008,31.5,4791.0,4.541,0.767
K00279.03,CONFIRMED,2,7.5143967,4.865,36.3,0.96,1199.0,488.52,0.399,9.8,6206.0,4.159,1.573
K02645.01,FALSE POSITIVE,0,1.705782214,1.007,278.0,1.82,1455.0,1060.41,0.709,11.5,5387.0,4.38,1.009
K02646.01,FALSE POSITIVE,0,0.532086296,4.023,495.8,16.99,1790.0,2417.28,1.199,85.2,5271.0,4.636,0.698
K02647.01,CONFIRMED,2,8.83929462,1.719,316.2,1.94,778.0,86.5,0.924,14.8,5330.0,4.491,0.87
K02648.01,FALSE POSITIVE,0,0.631795416,1.0703,145.2,1.88,2797.0,14547.08,0.433,24.7,6414.0,4.173,1.519
K02722.02,CONFIRMED,2,11.24284815,4.241,136.0,1.44,931.0,177.7,0.52,17.4,6052.0,4.285,1.202
K00284.03,CONFIRMED,2,6.17817366,3.2601,101.9,1.22,1082.0,324.69,0.775,43.5,5931.0,4.322,1.101
K02722.03,CONFIRMED,2,4.02877097,3.173,100.4,1.21,1311.0,699.45,0.193,18.6,6052.0,4.285,1.202
K02722.04,CONFIRMED,2,8.92114318,3.933,110.8,1.27,1006.0,241.79,0.12,15.3,6052.0,4.285,1.202
K02722.05,CANDIDATE,1,16.5340022,4.063,89.2,1.17,819.0,106.21,0.525,9.3,6052.0,4.285,1.202
K02723.01,CONFIRMED,2,1.952711161,0.872,403.0,2.58,1403.0,917.15,0.962,30.7,5741.0,4.495,0.946
K02724.01,FALSE POSITIVE,0,0.620739667,2.477,108.2,29.28,2947.0,17924.29,1.158,30.8,6559.0,4.133,1.602
K02812.01,CONFIRMED,2,76.6139446,10.22,498.7,2.61,466.0,11.12,0.851,28.6,6173.0,4.408,1.03
K00290.01,FALSE POSITIVE,0,2.683395376,1.8592,234.7,2.55,1860.0,2833.83,0.763,52.9,6958.0,4.195,1.529
K02813.01,CANDIDATE,1,0.698461304,0.7887,134.4,14.81,5173.0,168689.02,0.459,16.1,4676.0,2.577,12.558
K02814.01,FALSE POSITIVE,0,0.475068516,0.8552,110.1,1.03,2372.0,7444.39,0.412,21.4,6045.0,4.494,0.955
K02815.01,FALSE POSITIVE,0,1.545388842,3.037,52.8,0.56,1421.0,964.53,0.341,20.6,5782.0,4.594,0.767
K02816.01,CONFIRMED,2,1.289590179,1.3541,286.0,1.38,1448.0,1040.23,0.401,18.9,5467.0,4.578,0.808
K02817.01,CONFIRMED,2,0.634003002,0.9207,316.9,1.35,1714.0,2030.16,0.367,21.0,5226.0,4.606,0.75
K00298.01,CONFIRMED,2,19.96367208,2.6403,270.9,1.5,564.0,23.88,0.846,36.3,5250.0,4.541,0.79
K02898.01,CONFIRMED,2,25.384175,3.576,594.0,2.44,649.0,42.01,0.245,15.8,6137.0,4.471,0.994
K02899.01,CANDIDATE,1,5.77207177,2.605,328.5,1.54,915.0,165.58,0.018,13.2,5591.0,4.559,0.86
K02900.01,CANDIDATE,1,46.151253,5.346,649.0,2.08,423.0,7.59,0.688,17.1,5204.0,4.525,0.769
K02901.01,FALSE POSITIVE,0,0.633514386,1.2792,179.1,0.81,1357.0,807.27,0.231,22.3,4330.0,4.64,0.618
K02903.01,FALSE POSITIVE,0,17.4166143,2.445,314.2,1.84,723.0,64.73,0.489,13.1,5946.0,4.444,1.017
K02904.01,CONFIRMED,2,16.3583482,9.858,116.4,2.23,959.0,200.1,0.887,30.0,6133.0,4.084,1.765
K02996.01,CONFIRMED,2,15.9314412,2.435,556.7,1.77,596.0,29.83,0.604,14.8,5380.0,4.616,0.721
K02997.01,FALSE POSITIVE,0,1.33251589,4.216,140.5,1.3,1747.0,2207.85,0.53,22.2,5701.0,4.291,1.068
K02998.01,CONFIRMED,2,28.227413,5.782,1113.4,2.82,565.0,24.03,0.025,25.3,5858.0,4.553,0.849
K00306.01,CONFIRMED,2,24.30784323,2.6054,677.1,2.14,532.0,18.87,0.425,35.6,5313.0,4.571,0.82
K02999.01,FALSE POSITIVE,0,0.545544979,1.954,92.6,0.93,2240.0,5913.74,0.604,24.8,6050.0,4.509,0.92
K03000.01,FALSE POSITIVE,0,18.3980827,4.438,145.0,1.26,686.0,52.31,0.587,17.2,5605.0,4.381,1.015
K03001.01,FALSE POSITIVE,0,0.768934934,1.216,846.8,4.09,1713.0,2026.85,0.989,58.9,5390.0,4.535,0.777
K03089.01,CANDIDATE,1,0.858546796,1.1,106.1,0.88,1671.0,1846.35,0.241,12.2,5269.0,4.491,0.864
K03090.01,CONFIRMED,2,3.82223397,1.924,362.7,1.05,601.0,30.84,0.725,15.9,3729.0,4.733,0.514
K00314.02,CONFIRMED,2,23.08902241,1.7012,598.3,1.24,338.0,3.1,0.32,57.4,3846.0,4.738,0.503
K03090.02,FALSE POSITIVE,0,15.0367776,3.042,503.5,8.02,381.0,4.96,1.115,10.8,3729.0,4.733,0.514
K03091.01,CONFIRMED,2,17.067644,6.026,262.4,1.62,769.0,82.56,0.106,13.5,6347.0,4.464,0.996
K03091.02,CANDIDATE,1,7.9069765,4.634,126.1,1.13,994.0,230.28,0.038,8.3,6347.0,4.464,0.996
K03092.01,FALSE POSITIVE,0,5.78542702,2.271,256.2,1.91,1212.0,510.79,0.163,15.4,6555.0,4.374,1.178
K03206.01,CANDIDATE,1,15.1516409,5.105,191.5,1.38,736.0,69.25,0.173,11.4,5780.0,4.438,1.0
K00320.01,FALSE POSITIVE,0,4.79179893,2.9283,123.9,26.26,1249.0,575.43,1.209,46.3,6499.0,4.408,1.103
K03207.01,FALSE POSITIVE,0,0.954388314,6.26,57.2,2.27,3406.0,31694.26,0.737,56.3,7056.0,3.813,2.785
K03208.01,CANDIDATE,1,2.131660527,1.8585,32.2,0.56,1438.0,1010.45,0.036,15.7,5849.0,4.426,0.997
K03209.01,CANDIDATE,1,11.91256675,6.126,123.1,2.61,1242.0,562.27,0.174,27.8,6337.0,3.893,2.335
K03209.02,CANDIDATE,1,6.77067637,5.982,65.8,1.9,1499.0,1193.45,0.127,19.6,6337.0,3.893,2.335
K03211.01,FALSE POSITIVE,0,1.366964704,2.3181,59.7,0.79,1640.0,1705.64,0.517,3.3,5780.0,4.438,1.0
K03308.01,CONFIRMED,2,31.7787564,8.093,262.0,1.5,564.0,23.96,0.29,25.9,5638.0,4.391,0.928
K00327.02,CONFIRMED,2,91.3514816,8.707,210.0,1.57,428.0,7.93,0.008,25.5,5945.0,4.402,1.089
K03308.02,CONFIRMED,2,5.32784157,4.696,87.2,0.86,1023.0,259.32,0.116,15.9,5638.0,4.391,0.928
K03309.01,CANDIDATE,1,71.05457555,1.9162,4853.2,5.91,390.0,5.45,0.061,95.9,5290.0,4.46,0.865
K03310.01,CANDIDATE,1,20.5512722,4.639,191.2,1.64,607.0,32.01,0.946,20.0,5401.0,4.464,0.918
K03311.01,CONFIRMED,2,31.827649,1.639,520.0,4.98,668.0,47.21,0.785,16.4,4774.0,3.838,1.954
K03312.01,CANDIDATE,1,18.0939004,3.294,467.3,1.91,665.0,46.21,0.445,11.6,5904.0,4.543,0.867
K03392.01,FALSE POSITIVE,0,50.35545898,5.51863,107138.0,31.66,492.0,13.81,0.159,1219.4,5936.0,4.501,0.965
K03393.01,CONFIRMED,2,54.6493679,7.962,432.5,2.64,538.0,19.86,0.018,15.1,5751.0,4.234,1.282
K00334.01,FALSE POSITIVE,0,8.4879444,3.224,119.3,1.23,969.0,208.99,0.752,19.5,6134.0,4.396,1.039
K03394.01,CANDIDATE,1,15.5764061,5.382,257.1,1.79,793.0,93.42,0.565,14.1,6214.0,4.442,1.076
K03395.01,CANDIDATE,1,10.00506974,3.481,143.3,1.11,849.0,122.48,0.148,11.4,5912.0,4.453,0.924
K03396.01,CANDIDATE,1,36.2580749,5.917,380.3,1.82,516.0,16.7,0.786,12.5,5818.0,4.554,0.848
K03397.01,CANDIDATE,1,35.8754482,3.972,366.7,2.35,668.0,47.15,0.026,12.6,6559.0,4.357,1.218
K03479.01,FALSE POSITIVE,0,75.13194883,20.8729,122372.0,26.21,359.0,3.94,0.487,3625.5,5365.0,4.586,0.729
K00341.01,CONFIRMED,2,7.170710381,2.9225,863.3,2.73,890.0,148.09,0.188,89.3,5497.0,4.437,0.941
K03479.02,FALSE POSITIVE,0,1.71029474,2.946,158.9,1.04,1267.0,610.77,0.825,14.5,5365.0,4.586,0.729
K03480.01,CANDIDATE,1,11.9378354,4.652,246.0,1.15,671.0,47.91,0.036,9.6,5469.0,4.611,0.738
K03481.01,CANDIDATE,1,32.715906,10.79,135.7,3.68,902.0,156.74,0.25,13.1,5527.0,3.627,3.192
K03482.01,CONFIRMED,2,15.3317719,5.467,179.2,1.91,821.0,107.44,0.802,13.3,5726.0,4.228,1.285
K03483.01,CANDIDATE,1,82.331756,8.664,283.2,2.08,474.0,11.96,0.027,11.9,5997.0,4.304,1.242
K03578.01,FALSE POSITIVE,0,131.73630485,5.28476,58381.2,54.38,413.0,6.89,0.871,1241.0,5102.0,3.962,1.669
K03579.01,FALSE POSITIVE,0,4.301031137,5.65214,204153.0,93.01,1454.0,1056.61,0.79,1526.2,6386.0,4.208,1.548
K03580.01,FALSE POSITIVE,0,198.01379181,9.72673,142501.0,38.49,260.0,1.09,0.88,1411.3,5359.0,4.566,0.708
K00349.01,CONFIRMED,2,14.38682567,2.1417,569.6,2.54,776.0,85.46,0.021,61.7,5725.0,4.353,1.072
K03581.01,FALSE POSITIVE,0,10.9938268,5.0746,419208.0,52.69,627.0,36.46,0.471,469.5,4856.0,4.554,0.743
K03582.01,FALSE POSITIVE,0,114.90862419,7.66397,196112.0,42.78,259.0,1.06,0.78,1179.7,4412.0,4.565,0.737
K03583.01,FALSE POSITIVE,0,210.30644361,6.68665,46455.4,101.13,525.0,17.94,1.155,1081.7,7591.0,4.05,2.017
K03674.01,FALSE POSITIVE,0,175.06586091,4.5181,45134.0,40.63,312.0,2.24,1.149,320.6,6021.0,4.57,0.819
K03675.01,FALSE POSITIVE,0,20.8392148,2.3321,177508.0,51.9,584.0,27.45,0.894,197.6,5378.0,4.488,0.812
K03676.01,FALSE POSITIVE,0,9.50158045,5.0701,443400.0,73.07,860.0,128.99,0.444,314.9,5780.0,4.438,1.0
K03677.01,FALSE POSITIVE,0,30.5528701,5.3367,63521.0,63.57,685.0,51.9,1.134,510.8,6441.0,4.367,1.165
K00352.02,CONFIRMED,2,16.00747237,1.267,277.6,2.99,838.0,116.46,0.975,14.7,5857.0,4.204,1.305
K03678.01,CONFIRMED,2,160.88451966,10.8771,7590.4,9.09,346.0,3.39,0.284,526.1,5650.0,4.313,1.044
K03679.01,FALSE POSITIVE,0,4.04506346,3.22222,360177.0,67.94,1143.0,402.77,0.529,483.9,5780.0,4.438,1.0
K03769.01,FALSE POSITIVE,0,1.195515251,5.0834,8054.4,49.33,1959.0,3469.7,1.281,309.1,6040.0,4.271,1.155
K03770.01,CANDIDATE,1,2.60720833,2.6452,3149.7,7.31,1561.0,1403.43,0.644,185.3,6366.0,4.352,1.236
K03771.01,CANDIDATE,1,5.80184753,3.9551,22143.0,14.0,989.0,225.81,0.478,118.1,5687.0,4.426,0.921
K03772.01,FALSE POSITIVE,0,2.38404983,3.2849,312732.0,66.14,1363.0,815.42,0.611,195.3,5780.0,4.438,1.0
K00360.01,FALSE POSITIVE,0,5.93719982,3.95,175.6,1.47,1059.0,297.14,0.748,37.0,6102.0,4.457,1.026
K03773.01,FALSE POSITIVE,0,1.103978,0.74,449.2,2.47,938.0,183.39,0.583,27.5,5761.0,4.438,0.997
K03775.01,FALSE POSITIVE,0,0.752158047,2.42733,37878.8,106.66,2869.0,15978.36,1.157,510.0,5770.0,3.844,2.221
K03866.01,FALSE POSITIVE,0,2.531140101,20.399,11786.5,32.12,1100.0,346.06,1.249,304.2,5325.0,4.607,0.75
K03867.01,CONFIRMED,2,0.938750221,1.3568,280.7,1.46,1676.0,1874.28,0.013,47.4,5497.0,4.527,0.886
K03868.01,FALSE POSITIVE,0,2.992704682,1.2585,361.1,7.86,2328.0,6932.19,0.647,39.9,5908.0,3.497,3.915
K03869.01,FALSE POSITIVE,0,6.12810722,2.824,2336.0,39.52,1513.0,1237.9,1.159,17.5,7245.0,4.158,1.667
K03870.01,FALSE POSITIVE,0,23.6270348,11.481,8433.0,21.71,560.0,23.17,1.096,78.4,5305.0,4.477,0.857
K03871.01,FALSE POSITIVE,0,0.716709897,0.7466,932.5,66.73,3124.0,22605.13,1.182,47.6,5173.0,3.471,2.742
K00370.01,CONFIRMED,2,42.88247951,9.7471,408.9,3.61,709.0,59.6,0.391,112.2,6143.0,4.039,1.763
K03962.01,FALSE POSITIVE,0,0.697996932,4.3323,9094.6,28.06,1604.0,1560.69,1.244,244.1,5176.0,4.636,0.695
K03963.01,FALSE POSITIVE,0,6.63449721,22.982,919.1,85.25,1719.0,2067.13,1.246,160.1,6487.0,3.696,2.817
K03964.01,FALSE POSITIVE,0,0.991105114,2.2137,286389.0,36.87,1257.0,589.31,0.623,273.8,4769.0,4.673,0.578
K03965.01,FALSE POSITIVE,0,12.425580393,57.2012,1131.0,21.34,563.0,23.83,1.222,58.8,4594.0,4.58,0.743
K03966.01,CONFIRMED,2,138.944022,10.611,530.2,2.57,384.0,5.13,0.195,28.0,6014.0,4.362,1.115
K03967.01,FALSE POSITIVE,0,12.4260454,27.7691,582.1,2.64,706.0,58.88,0.967,55.7,5645.0,4.569,0.817
K00379.01,FALSE POSITIVE,0,6.71725648,2.5207,272.7,2.78,1264.0,603.71,0.163,49.1,6078.0,4.094,1.683
K04057.01,FALSE POSITIVE,0,9.089151782,3.1886,110.1,4.35,1848.0,2754.19,0.043,7.1,6729.0,3.493,4.099
K04058.01,FALSE POSITIVE,0,1.87886973,3.876,181.9,1.04,1236.0,553.59,0.657,23.9,5448.0,4.613,0.734
K04059.01,FALSE POSITIVE,0,0.979161676,2.942,160.2,1.03,1548.0,1357.43,0.634,20.2,5390.0,4.591,0.78
K04060.01,CANDIDATE,1,225.26213,14.459,389.2,2.36,329.0,2.77,0.349,24.6,5799.0,4.276,1.191
K04061.01,FALSE POSITIVE,0,0.855922327,1.514,130.9,0.87,1658.0,1782.11,0.009,21.1,5437.0,4.539,0.759
K00388.01,CONFIRMED,2,6.14955931,5.5694,333.7,3.26,1287.0,649.26,0.368,87.3,5687.0,3.973,1.775
K04062.01,FALSE POSITIVE,0,3.05933906,1.7332,1169.2,36.0,1434.0,999.16,1.259,37.7,6238.0,4.337,1.116
K02649.01,CONFIRMED,2,7.56126152,2.851,180.6,1.2,891.0,149.17,0.253,15.7,5853.0,4.529,0.895
K02650.01,CONFIRMED,2,34.9897847,4.208,498.5,1.14,292.0,1.71,0.034,11.5,3765.0,4.725,0.521
K02650.02,CONFIRMED,2,7.05429483,1.716,359.3,1.0,497.0,14.46,0.48,11.2,3765.0,4.725,0.521
K02651.01,FALSE POSITIVE,0,6.38315744,1.7075,1112.6,2.35,787.0,91.0,0.029,23.8,5262.0,4.623,0.714
K02652.01,CONFIRMED,2,16.1289679,6.271,389.0,2.94,715.0,61.87,0.968,21.3,5392.0,4.314,1.087
K02653.01,FALSE POSITIVE,0,1.710279417,2.252,228.8,1.57,1524.0,1272.5,0.473,19.9,5834.0,4.472,1.023
K00280.01,CONFIRMED,2,11.87290814,2.5342,332.7,2.25,863.0,131.55,0.904,84.7,6147.0,4.412,1.04
K02725.01,FALSE POSITIVE,0,0.587470828,2.4382,193.8,51.02,3434.0,33039.47,1.161,48.3,5787.0,3.678,2.667
K02726.01,FALSE POSITIVE,0,0.934924739,2.052,73.8,2.29,3156.0,23533.0,0.309,20.3,6477.0,3.781,2.628
K02727.01,FALSE POSITIVE,0,25.7054557,6.059,266.3,1.75,670.0,47.76,0.722,27.6,6326.0,4.459,1.001
K02728.01,CONFIRMED,2,42.3520039,7.773,512.6,6.3,938.0,182.91,0.659,30.5,6864.0,3.783,2.632
K02729.01,CONFIRMED,2,14.8877665,4.981,252.5,1.96,831.0,112.85,0.795,28.4,6143.0,4.344,1.116
K00284.04,CONFIRMED,2,110.2867031,4.427,145.3,1.41,414.0,6.96,0.675,16.4,5931.0,4.322,1.101
K02730.01,CONFIRMED,2,4.52158614,3.4702,106.2,1.31,1214.0,513.68,0.203,26.2,5576.0,4.201,1.289
K02818.01,FALSE POSITIVE,0,1.79683793,7.911,223.3,3.37,2397.0,7783.32,0.979,27.9,7592.0,4.159,1.714
K02819.01,FALSE POSITIVE,0,18.0116764,6.006,417.2,2.02,695.0,55.07,0.683,23.3,6003.0,4.507,0.932
K02820.01,CONFIRMED,2,3.00912491,2.228,191.4,1.22,1177.0,452.27,0.009,16.5,5713.0,4.541,0.893
K02821.01,CANDIDATE,1,79.2450351,5.382,1347.3,3.33,404.0,6.33,0.001,14.4,5648.0,4.464,0.917
K02822.01,CONFIRMED,2,4.44589508,2.3816,441.4,1.94,1063.0,302.6,0.704,20.9,5918.0,4.544,0.865
K00291.01,CONFIRMED,2,31.51779463,7.634,357.6,2.72,663.0,45.68,0.561,63.2,5611.0,4.144,1.4
K02823.01,FALSE POSITIVE,0,0.93375241,6.352,518.0,3.18,1594.0,1528.26,0.989,55.5,5402.0,4.581,0.815
K02905.01,FALSE POSITIVE,0,36.0054414,3.262,117.5,3.33,1024.0,259.71,0.745,14.6,7048.0,3.797,2.838
K02906.01,CONFIRMED,2,13.9093544,6.765,86.8,1.33,928.0,175.14,0.132,15.6,6052.0,4.183,1.424
K02906.02,CANDIDATE,1,145.881936,11.342,156.9,1.8,424.0,7.63,0.325,11.2,6052.0,4.183,1.424
K02906.03,CANDIDATE,1,21.9424316,7.447,72.7,1.23,797.0,95.46,0.413,10.7,6052.0,4.183,1.424
K00298.02,CANDIDATE,1,57.3840375,4.336,241.7,1.62,397.0,5.85,0.954,22.9,5250.0,4.541,0.79
K02907.01,FALSE POSITIVE,0,1.146934644,1.7247,256.2,1.39,1554.0,1382.04,0.405,19.7,5423.0,4.502,0.862
K02908.01,FALSE POSITIVE,0,1.245353252,2.152,224.2,1.48,1704.0,1996.55,0.528,20.3,5982.0,4.493,0.96
K03002.01,CONFIRMED,2,11.62904159,2.97,88.0,1.31,854.0,125.89,0.925,13.7,5721.0,4.307,1.131
K03003.01,FALSE POSITIVE,0,13.6550963,4.117,196.3,1.35,780.0,87.46,0.235,14.6,6065.0,4.487,0.962
K03004.01,CONFIRMED,2,20.0708757,6.354,405.7,3.2,826.0,110.19,0.643,12.8,5902.0,4.128,1.513
K03004.02,CANDIDATE,1,7.03965141,3.141,268.7,2.72,1171.0,445.49,0.778,9.8,5902.0,4.128,1.513
K03005.01,FALSE POSITIVE,0,1.312459403,1.459,36.9,1.65,2824.0,15018.33,0.732,13.9,6543.0,3.782,2.507
K03006.01,CANDIDATE,1,0.998212785,2.489,118.8,1.1,1888.0,2998.77,0.436,18.8,6072.0,4.47,0.988
K03007.01,CANDIDATE,1,11.1916199,2.1,166.4,1.47,782.0,88.34,0.895,11.9,5646.0,4.464,0.956
K03093.01,CONFIRMED,2,29.6099055,7.433,120.1,1.74,629.0,37.12,0.984,14.3,5812.0,4.329,1.122
K03094.01,CONFIRMED,2,4.5770016,0.949,710.0,1.33,567.0,24.38,0.327,18.0,3805.0,4.767,0.497
K03095.01,CONFIRMED,2,3.42390809,1.773,153.1,1.25,1212.0,508.75,0.213,13.1,5788.0,4.442,1.015
K03096.01,CONFIRMED,2,14.4540329,7.183,79.7,0.72,676.0,49.51,0.522,17.2,5559.0,4.496,0.79
K03097.01,CONFIRMED,2,11.9216035,5.009,43.2,0.87,851.0,123.89,0.929,15.1,6006.0,4.403,1.082
K03097.02,CONFIRMED,2,6.80257947,4.608,32.7,0.73,1026.0,262.26,0.889,14.7,6006.0,4.403,1.082
K00048.01,FALSE POSITIVE,0,23.836808884,6.02854,29684.7,59.31,919.0,168.28,1.008,2793.4,6095.0,3.894,1.94
K03212.01,FALSE POSITIVE,0,3.0001191,6.61,7.7,0.73,2566.0,10247.93,0.635,7.3,8431.0,3.97,2.485
K03213.01,FALSE POSITIVE,0,14.15849823,46.356,347.3,90.09,1910.0,3145.0,1.204,225.1,8753.0,3.668,3.746
K03214.01,CONFIRMED,2,11.49500229,7.602,51.4,1.53,1105.0,351.79,0.911,22.9,6033.0,3.985,1.788
K03214.02,CANDIDATE,1,25.0901574,8.273,37.7,1.35,852.0,124.33,0.935,12.1,6033.0,3.985,1.788
K03215.01,FALSE POSITIVE,0,1.039046871,1.689,24.4,0.48,1774.0,2348.45,0.096,9.3,5689.0,4.422,0.976
K00005.01,CANDIDATE,1,4.780327581,2.0253,960.8,7.14,1441.0,1020.05,0.952,380.8,5937.0,4.012,1.787
K00049.01,CONFIRMED,2,8.31377304,2.964,837.4,2.74,886.0,145.51,0.002,19.6,5900.0,4.509,0.951
K03313.01,CANDIDATE,1,34.9524256,1.717,677.0,21.74,429.0,8.02,1.225,15.8,4921.0,4.591,0.779
K03314.01,FALSE POSITIVE,0,23.81578356,3.7591,4856.7,8.4,560.0,23.2,0.958,71.0,5561.0,4.572,0.818
K03315.01,CONFIRMED,2,31.1748311,3.79,200.2,1.31,585.0,27.62,0.016,17.0,6086.0,4.511,0.921
K03316.01,CONFIRMED,2,47.0568476,5.2232,1531.2,2.84,411.0,6.72,0.027,38.0,5288.0,4.613,0.74
K03317.01,FALSE POSITIVE,0,15.52861675,2.131,500.0,1.96,685.0,51.98,0.113,17.3,5750.0,4.538,0.882
K00051.01,FALSE POSITIVE,0,10.431146765,3.8853,29375.6,50.44,833.0,114.02,1.225,400.2,5780.0,4.438,1.0
K00328.01,FALSE POSITIVE,0,2.250826647,1.536,534.4,30.03,1489.0,1161.8,1.221,104.3,5779.0,4.308,1.119
K03398.01,CONFIRMED,2,7.31945294,4.881,166.8,5.05,1682.0,1891.07,0.112,16.3,5745.0,3.499,3.955
K03398.02,CONFIRMED,2,35.8007112,8.219,417.4,7.97,991.0,227.68,0.043,25.0,5745.0,3.499,3.955
K03398.03,CANDIDATE,1,4.32710579,3.872,84.1,3.58,2004.0,3805.87,0.025,9.5,5745.0,3.499,3.955
K03399.01,FALSE POSITIVE,0,14.15402615,4.115,21653.0,29.61,495.0,14.25,1.199,23.9,4352.0,4.61,0.661
K03400.01,FALSE POSITIVE,0,33.3239576,37.217,2012.1,2.55,416.0,7.06,0.47,173.7,5192.0,4.707,0.555
K03401.01,CANDIDATE,1,17.9559673,6.237,137.0,1.96,750.0,74.61,0.979,11.9,5641.0,4.258,1.195
K00052.01,FALSE POSITIVE,0,2.98786272,2.5814,42789.0,17.82,1064.0,303.15,0.621,98.0,5231.0,4.544,0.821
K03484.01,CONFIRMED,2,84.704139,10.393,655.7,4.17,537.0,19.59,0.01,17.0,6085.0,4.115,1.634
K03485.01,FALSE POSITIVE,0,12.42592675,29.1701,410.3,2.66,790.0,92.32,0.973,63.7,5952.0,4.489,0.971
K03486.01,CANDIDATE,1,19.0689513,12.462,169.3,1.63,627.0,36.63,0.98,19.1,5418.0,4.436,0.889
K03487.01,FALSE POSITIVE,0,89.7398137,3.26371,81096.0,38.01,363.0,4.1,1.026,296.0,5777.0,4.608,0.747
K03489.01,FALSE POSITIVE,0,90.08255562,19.7301,43252.2,49.2,666.0,46.58,0.099,3571.6,6523.0,3.835,2.343
K00053.01,FALSE POSITIVE,0,3.388887193,2.4475,11267.8,10.72,1212.0,511.3,0.387,162.9,5780.0,4.438,1.0
K00341.02,CONFIRMED,2,4.699652821,2.553,351.4,1.74,1024.0,260.54,0.135,41.6,5497.0,4.437,0.941
K03584.01,FALSE POSITIVE,0,8.268081087,3.47103,71479.3,50.31,863.0,130.83,1.099,1320.5,5749.0,4.502,0.922
K03585.01,FALSE POSITIVE,0,3.564614021,3.44204,94342.0,46.0,1187.0,470.37,0.989,728.8,5891.0,4.45,0.892
K03586.01,FALSE POSITIVE,0,5.877122413,3.7369,15647.1,45.95,1061.0,300.43,1.238,287.6,5778.0,4.325,1.043
K03587.01,FALSE POSITIVE,0,1.036592635,2.40749,124498.0,463.05,4194.0,73013.77,0.898,444.7,4884.0,2.737,8.747
K03588.01,FALSE POSITIVE,0,2.544594443,3.21373,348777.0,109.72,1608.0,1582.68,0.558,608.9,5503.0,4.033,1.616
K03589.01,FALSE POSITIVE,0,56.40651043,18.4332,102294.0,21.93,358.0,3.87,0.625,1597.3,5011.0,4.617,0.647
K03680.01,CONFIRMED,2,141.2415405,6.7645,12990.5,11.49,352.0,3.62,0.12,380.9,5705.0,4.397,1.017
K03681.01,CONFIRMED,2,217.83184293,21.306,9148.7,11.17,343.0,3.29,0.004,1244.4,6259.0,4.385,1.167
K03681.02,CONFIRMED,2,10.51421162,3.877,85.4,1.25,943.0,187.06,0.877,21.6,6259.0,4.385,1.167
K03682.01,FALSE POSITIVE,0,11.344347453,5.9738,258242.0,62.52,810.0,101.92,0.692,437.2,5780.0,4.438,1.0
K03683.01,CONFIRMED,2,214.3120439,16.2938,4523.4,9.17,380.0,4.93,0.016,562.8,6471.0,4.287,1.357
K03684.01,FALSE POSITIVE,0,0.876826336,3.6097,138366.0,37.24,2042.0,4095.0,0.481,1338.1,6344.0,4.481,0.962
K03685.01,FALSE POSITIVE,0,208.86909724,4.5707,21306.7,29.95,316.0,2.34,1.056,413.8,5914.0,4.421,0.987
K03776.01,FALSE POSITIVE,0,3.796488133,11.0659,3007.6,40.83,1233.0,547.94,1.306,193.4,6137.0,4.46,1.018
K03777.01,FALSE POSITIVE,0,17.7476059,5.066,877.0,146.63,1998.0,3768.37,1.25,7.6,8992.0,3.535,4.832
K03778.01,FALSE POSITIVE,0,3.539631353,1.5372,1229.7,39.34,2214.0,5689.3,1.091,163.5,7021.0,3.759,2.629
K03779.01,FALSE POSITIVE,0,6.195861785,2.6078,3509.8,215.89,883.0,143.74,3.38,83.5,5608.0,4.573,0.813
K03780.01,FALSE POSITIVE,0,27.961084,3.8741,6268.2,21.5,796.0,94.86,1.02,106.0,6770.0,4.249,1.361
K03781.01,FALSE POSITIVE,0,2.882424694,25.91,67298.0,399.44,2912.0,17023.71,1.051,416.2,4705.0,2.667,8.058
K03872.01,FALSE POSITIVE,0,2.248063246,5.1297,631.7,30.38,1566.0,1421.38,1.225,87.9,6325.0,4.409,1.112
K03873.01,FALSE POSITIVE,0,63.3278636,47.0744,11515.0,54.17,896.0,152.49,0.003,619.6,4919.0,2.979,5.198
K03874.01,FALSE POSITIVE,0,1.466535757,0.8222,1346.4,4.28,1671.0,1849.31,0.824,86.1,5888.0,4.387,1.02
K03875.01,CANDIDATE,1,8.870415578,1.2864,873.1,39.46,1151.0,414.26,1.206,43.8,6022.0,4.027,1.514
K03876.01,CONFIRMED,2,19.57783279,1.9857,432.6,1.96,621.0,35.14,0.694,37.2,5620.0,4.533,0.884
K03877.01,FALSE POSITIVE,0,3.04476607,9.568,272.6,15.7,1126.0,379.01,1.159,67.0,5627.0,4.568,0.818
K03878.01,CONFIRMED,2,70.9672087,6.9623,784.7,2.84,438.0,8.66,0.545,69.3,5818.0,4.464,0.986
K03967.02,FALSE POSITIVE,0,12.4260002,30.1966,468.6,2.39,706.0,58.88,0.971,47.8,5645.0,4.569,0.817
K03968.01,FALSE POSITIVE,0,1.50650136,3.1126,66.9,0.8,1562.0,1403.44,0.556,41.9,5607.0,4.381,0.948
K03969.01,FALSE POSITIVE,0,0.73619448,1.1148,247.3,1.84,2268.0,6218.56,0.689,27.2,6355.0,4.418,1.09
K03970.01,FALSE POSITIVE,0,10.18670759,7.498,261.2,0.95,477.0,12.29,0.677,35.5,3995.0,4.694,0.555
K03972.01,FALSE POSITIVE,0,0.54028956,3.619,293.5,21.45,2279.0,6356.72,1.181,58.4,5997.0,4.483,0.993
K03973.01,FALSE POSITIVE,0,0.882131829,6.8106,3620.9,8.13,1963.0,3510.31,0.968,70.6,6168.0,4.482,0.911
K03974.01,FALSE POSITIVE,0,0.489682339,1.7495,431674.0,37.47,1251.0,580.4,0.441,628.2,3898.0,4.735,0.53
K04063.01,FALSE POSITIVE,0,0.624677585,2.411,37.3,1.28,4391.0,87591.59,0.522,31.0,9653.0,4.191,1.996
K04064.01,FALSE POSITIVE,0,0.759763198,3.083,202.5,1.2,1752.0,2227.19,0.571,30.8,5520.0,4.572,0.818
K04066.01,CONFIRMED,2,126.55719,8.079,366.4,4.59,524.0,17.85,0.965,24.8,6501.0,4.054,1.854
K04067.01,CONFIRMED,2,9.6887216,2.0,655.5,3.09,1014.0,250.25,0.118,18.1,6457.0,4.358,1.196
K04068.01,CONFIRMED,2,19.597317,4.508,1014.1,3.78,671.0,47.9,0.87,23.7,5569.0,4.368,1.019
K04069.01,CONFIRMED,2,13.06243545,3.244,464.3,1.36,527.0,18.25,0.128,21.4,4522.0,4.615,0.655
K04070.01,FALSE POSITIVE,0,0.793663156,0.8244,186.2,1.14,1614.0,1600.85,0.4,23.7,5077.0,4.533,0.825
K02654.01,CONFIRMED,2,13.5631157,5.438,336.4,1.75,733.0,68.41,0.704,15.4,5853.0,4.529,0.895
K02655.01,CONFIRMED,2,16.2959916,2.116,369.6,1.83,678.0,49.81,0.213,15.7,5495.0,4.442,0.961
K02656.01,CANDIDATE,1,6.77367892,3.579,150.7,1.33,1083.0,324.84,0.228,15.1,6392.0,4.425,1.072
K02657.01,CANDIDATE,1,5.22402436,2.608,48.1,0.58,941.0,185.16,0.12,15.1,5487.0,4.512,0.84
K02658.01,CONFIRMED,2,11.6601667,5.882,181.0,2.08,834.0,114.36,0.983,20.4,5791.0,4.381,1.083
K02659.01,FALSE POSITIVE,0,89.465468,9.88,67.9,2.57,549.0,21.43,0.931,5.7,5192.0,3.773,2.46
K02660.01,CONFIRMED,2,18.0161227,4.016,499.5,2.39,768.0,82.38,0.023,16.7,6245.0,4.406,1.065
K02731.01,FALSE POSITIVE,0,2.007750531,2.0715,352.0,1.64,1319.0,716.79,0.42,21.8,5645.0,4.549,0.865
K02732.01,CONFIRMED,2,7.03146295,5.922,85.4,1.38,1194.0,480.26,0.014,33.8,6170.0,4.192,1.499
K02732.02,CONFIRMED,2,13.61165024,7.617,95.5,1.46,958.0,198.73,0.112,31.6,6170.0,4.192,1.499
K02732.03,CONFIRMED,2,54.2811949,5.517,147.8,2.07,604.0,31.45,0.85,20.0,6170.0,4.192,1.499
K02732.04,CANDIDATE,1,24.5607107,8.679,55.2,1.13,787.0,90.55,0.374,14.9,6170.0,4.192,1.499
K02733.01,CONFIRMED,2,5.62006198,2.751,190.1,1.45,772.0,84.01,0.969,17.4,4868.0,4.6,0.746
K02734.01,CONFIRMED,2,3.8259005,1.8057,857.2,3.45,1005.0,241.25,0.951,20.3,5223.0,4.505,0.885
K02824.01,FALSE POSITIVE,0,1.70336496,1.7045,316.7,1.67,1484.0,1151.45,0.508,19.8,5881.0,4.516,0.915
K02825.01,FALSE POSITIVE,0,0.764174368,2.346,100.2,1.18,2241.0,5972.52,0.626,34.5,6321.0,4.417,1.125
K02826.01,FALSE POSITIVE,0,1.85373924,1.816,348.6,0.23,345.0,3.36,0.551,18.0,2661.0,5.283,0.116
K02827.01,CONFIRMED,2,7.06321927,2.411,207.2,1.21,827.0,110.22,0.56,12.6,5305.0,4.489,0.818
K02828.01,CONFIRMED,2,59.4969009,5.404,1262.1,2.92,369.0,4.36,0.406,23.2,4817.0,4.499,0.833
K02828.02,CANDIDATE,1,505.462916,10.127,1724.0,3.46,181.0,0.25,0.489,17.6,4817.0,4.499,0.833
K02829.01,CONFIRMED,2,10.61345333,0.9829,150.2,1.77,987.0,224.63,0.535,20.0,5865.0,4.163,1.388
K02909.01,FALSE POSITIVE,0,0.77359329,1.7603,80.6,0.82,1890.0,3022.82,0.388,21.7,5747.0,4.508,0.907
K02910.01,CONFIRMED,2,15.3626052,3.736,468.3,1.8,608.0,32.23,0.25,19.7,5011.0,4.484,0.851
K02911.01,FALSE POSITIVE,0,12.4258343,28.1171,449.4,2.75,830.0,111.92,0.967,72.0,6185.0,4.472,0.991
K02912.01,FALSE POSITIVE,0,0.873227249,0.7948,221.8,1.68,2152.0,5053.02,0.14,21.9,6341.0,4.409,1.111
K02913.01,CONFIRMED,2,2.88878583,2.977,40.9,0.84,1423.0,969.05,0.242,17.2,5696.0,4.247,1.331
K02914.01,CANDIDATE,1,21.1181653,9.734,112.7,2.89,1110.0,359.11,0.675,26.3,6461.0,3.779,2.566
K02915.01,CANDIDATE,1,5.06092282,2.586,71.6,0.98,998.0,234.93,0.944,15.7,5637.0,4.492,0.911
K00046.02,CONFIRMED,2,6.02977241,3.961,54.6,1.18,1204.0,496.46,0.379,11.5,5576.0,4.065,1.593
K00307.01,CONFIRMED,2,19.67409703,3.7535,204.9,1.78,711.0,60.37,0.914,39.0,6023.0,4.423,1.031
K03008.01,CONFIRMED,2,2.99792926,4.398,45.4,1.12,1616.0,1611.51,0.403,16.0,5888.0,4.061,1.645
K03009.01,CONFIRMED,2,0.764863517,1.16,150.2,1.04,1733.0,2145.14,0.235,13.6,5231.0,4.476,0.86
K03010.01,CONFIRMED,2,60.8660974,4.397,714.3,1.39,244.0,0.84,0.004,15.4,3808.0,4.734,0.522
K03011.01,FALSE POSITIVE,0,2.11547854,3.665,222.9,1.66,1521.0,1264.56,0.755,21.6,6208.0,4.454,1.024
K03012.01,FALSE POSITIVE,0,1.086486129,0.8383,66.0,1.69,2539.0,9816.28,0.524,20.2,5911.0,3.861,2.0
K00314.03,CONFIRMED,2,10.31282204,2.0138,137.6,0.59,443.0,9.07,0.061,22.0,3846.0,4.738,0.503
K03097.03,CONFIRMED,2,8.70312154,4.807,32.0,0.72,945.0,188.7,0.886,13.0,6006.0,4.403,1.082
K03098.01,FALSE POSITIVE,0,1.332557603,6.043,225.3,19.88,1703.0,1983.27,1.174,28.1,6091.0,4.487,0.967
K03099.01,FALSE POSITIVE,0,14.0498182,2.907,472.0,1.45,480.0,12.56,0.569,14.5,4228.0,4.618,0.652
K03100.01,FALSE POSITIVE,0,0.812587678,1.1144,62.9,1.54,2717.0,12840.3,0.515,21.7,6143.0,4.009,1.877
K03101.01,CONFIRMED,2,14.2563272,4.796,206.1,1.73,797.0,95.22,0.894,14.3,6140.0,4.455,1.027
K03104.01,CANDIDATE,1,1.236866732,1.242,187.2,1.75,1569.0,1439.3,0.982,14.2,5621.0,4.514,0.879
K00321.01,CONFIRMED,2,2.426304127,2.6624,185.4,1.41,1302.0,679.12,0.694,97.0,5678.0,4.484,0.97
K03216.01,FALSE POSITIVE,0,5.660274452,0.9077,414.1,11.02,950.0,192.77,1.092,26.4,5615.0,4.478,0.842
K03217.01,FALSE POSITIVE,0,5.09506,5.73,23.6,2.14,2247.0,6030.14,0.691,7.6,6700.0,3.48,4.146
K03218.01,FALSE POSITIVE,0,1.21374652,3.371,28.9,0.59,1880.0,2945.61,0.57,17.4,6238.0,4.407,1.049
K03219.01,FALSE POSITIVE,0,0.544561598,1.6053,35.2,44.9,11804.0,4601339.96,0.214,31.1,3715.0,0.851,80.529
K03220.01,CONFIRMED,2,81.4160138,14.175,762.3,4.63,522.0,17.53,0.911,54.3,6352.0,4.267,1.401
K03221.01,FALSE POSITIVE,0,53.912783631,44.0504,216.7,4.25,697.0,55.85,0.984,56.4,6085.0,3.917,2.02
K03318.01,CONFIRMED,2,13.8353959,4.961,818.0,3.78,809.0,101.05,0.94,10.3,6020.0,4.403,1.057
K03318.02,CANDIDATE,1,25.6970688,3.739,835.0,3.83,658.0,44.24,0.943,6.4,6020.0,4.403,1.057
K03319.01,CONFIRMED,2,19.5906103,6.745,297.0,2.64,819.0,106.48,0.529,24.9,5794.0,4.118,1.496
K03319.02,CONFIRMED,2,8.23983041,5.619,251.0,2.35,1093.0,338.17,0.012,29.4,5794.0,4.118,1.496
K03319.03,CONFIRMED,2,3.54553077,4.143,119.2,1.62,1448.0,1039.47,0.143,18.1,5794.0,4.118,1.496
K03320.01,FALSE POSITIVE,0,85.0624157,4.6964,41901.0,21.26,355.0,3.74,0.819,495.3,5223.0,4.52,0.875
K03321.01,FALSE POSITIVE,0,10.882416555,5.4674,16629.5,29.69,632.0,37.81,1.199,265.2,4946.0,4.57,0.715
K00335.01,FALSE POSITIVE,0,46.56675437,7.831,801.1,5.25,708.0,59.34,0.87,111.3,6629.0,4.132,1.619
K03402.01,FALSE POSITIVE,0,36.514374043,6.48255,111620.0,33.27,546.0,21.08,0.133,1701.1,5811.0,4.465,1.0
K03403.01,CONFIRMED,2,39.818832,10.757,199.1,2.23,650.0,42.32,0.6,29.4,5710.0,4.073,1.524
K03403.02,CONFIRMED,2,6.15828666,6.329,57.7,1.2,1212.0,510.35,0.595,16.4,5710.0,4.073,1.524
K03404.01,CONFIRMED,2,82.292865,7.048,371.1,1.82,400.0,6.07,0.195,13.0,5626.0,4.467,0.957
K03405.01,FALSE POSITIVE,0,20.9794338,3.762,2388.2,24.76,520.0,17.28,1.284,32.2,5182.0,4.601,0.666
K03407.01,CONFIRMED,2,92.436978,6.432,955.2,2.89,348.0,3.46,0.943,17.8,5595.0,4.606,0.741
K03490.01,FALSE POSITIVE,0,42.2011587,8.479,178.1,37.39,671.0,47.85,1.225,15.9,6200.0,4.135,1.449
K03491.01,FALSE POSITIVE,0,89.3313828,11.919,2177.6,8.02,558.0,22.89,0.899,169.5,6860.0,4.233,1.467
K03492.01,FALSE POSITIVE,0,22.2941485,3.188,100.9,1.5,760.0,78.93,0.709,13.6,5915.0,4.223,1.392
K03493.01,CONFIRMED,2,46.7162336,7.259,345.5,2.03,531.0,18.74,0.266,15.4,5856.0,4.386,1.092
K03494.01,CONFIRMED,2,42.8774169,1.991,1068.8,2.67,451.0,9.8,0.02,14.8,5256.0,4.483,0.832
K03495.01,CANDIDATE,1,17.6062701,6.134,146.2,1.72,753.0,75.96,0.923,10.4,5808.0,4.326,1.159
K03495.02,CANDIDATE,1,6.685438,5.09,89.2,1.25,1040.0,276.02,0.853,9.7,5808.0,4.326,1.159
K03590.01,FALSE POSITIVE,0,7.964400574,4.4761,190903.0,61.54,633.0,38.09,1.121,879.2,4478.0,4.578,0.715
K00061.01,FALSE POSITIVE,0,1.63345402,3.817,359.0,24.87,1750.0,2211.18,1.19,7.4,6283.0,4.372,1.091
K00350.01,CANDIDATE,1,12.99065074,2.3748,392.3,2.02,790.0,92.12,0.068,42.5,5787.0,4.402,1.027
K03591.01,FALSE POSITIVE,0,6.399101307,4.7439,83326.0,51.77,1042.0,279.38,1.039,154.4,6233.0,4.472,0.988
K03592.01,FALSE POSITIVE,0,8.480303653,7.48907,81427.9,22.25,762.0,79.65,0.195,301.4,5385.0,4.565,0.787
K03593.01,FALSE POSITIVE,0,117.6813778,12.7591,45362.0,45.43,575.0,25.76,0.433,2426.9,6429.0,3.899,2.079
K03594.01,FALSE POSITIVE,0,17.72722648,4.1376,147144.0,35.18,692.0,54.32,0.381,922.1,6021.0,4.52,0.895
K03685.02,CONFIRMED,2,7.2593226,6.1394,247.5,1.57,967.0,206.88,0.366,40.1,5914.0,4.421,0.987
K00063.01,CONFIRMED,2,9.43414171,2.8112,3977.0,5.73,791.0,92.39,0.538,40.2,5578.0,4.518,0.886
K00353.01,CANDIDATE,1,152.1060435,7.4517,3688.3,11.58,458.0,10.36,0.878,116.3,6200.0,4.072,1.64
K03686.01,FALSE POSITIVE,0,3.351573993,2.8758,54546.0,24.15,1282.0,638.3,0.011,192.4,5984.0,4.408,1.033
K03687.01,FALSE POSITIVE,0,8.097050622,5.6736,65620.0,24.01,891.0,149.48,0.592,404.9,5753.0,4.423,0.894
K03688.01,FALSE POSITIVE,0,2.119107262,7.5384,124646.0,77.23,1851.0,2775.75,0.933,347.3,6381.0,4.155,1.423
K03689.01,CANDIDATE,1,5.24088367,3.3656,8531.2,12.74,1320.0,716.85,0.65,385.7,6452.0,4.241,1.305
K03782.01,FALSE POSITIVE,0,186.5168116,3.1968,5752.4,37.5,452.0,9.83,0.972,126.9,5018.0,3.639,2.99
K03783.01,CANDIDATE,1,197.1455327,2.1145,5664.0,72.16,498.0,14.53,1.251,56.8,7214.0,4.093,1.935
K00064.01,CANDIDATE,1,1.951082219,1.6975,1151.8,10.35,2005.0,3822.26,0.925,30.1,5302.0,3.768,2.426
K00361.01,CONFIRMED,2,3.247548814,2.5146,209.7,1.41,1181.0,460.67,0.31,51.6,5703.0,4.498,0.975
K03784.01,FALSE POSITIVE,0,23.8706941,3.4812,6386.3,49.6,711.0,60.38,1.293,114.8,6022.0,4.308,1.166
K03785.01,FALSE POSITIVE,0,6.2820426,7.941,1413.0,23.76,2021.0,3938.81,0.989,103.3,6635.0,3.511,3.798
K03878.02,CANDIDATE,1,15.3573445,1.634,117.1,1.42,729.0,66.65,0.966,9.6,5818.0,4.464,0.986
K03879.01,FALSE POSITIVE,0,0.867719291,6.323,2651.8,37.79,2106.0,4662.2,1.27,157.1,6220.0,4.398,1.056
K03880.01,FALSE POSITIVE,0,1.803697292,1.5922,69.7,1.0,1783.0,2385.75,0.405,25.8,6438.0,4.33,1.166
K00066.01,FALSE POSITIVE,0,0.436282594,1.3988,536.4,83.25,5187.0,170399.16,1.269,218.3,8491.0,3.853,2.622
K00370.02,CONFIRMED,2,22.95062278,4.4814,129.8,2.17,873.0,137.23,0.748,32.9,6143.0,4.039,1.763
K03883.01,FALSE POSITIVE,0,1.219324537,4.7501,379055.0,60.62,1569.0,1432.21,0.489,241.0,5455.0,4.458,0.897
K03884.01,FALSE POSITIVE,0,2.112405306,2.5845,489.0,19.01,1225.0,533.2,1.207,42.2,5562.0,4.601,0.756
K03975.01,CONFIRMED,2,364.751562,13.057,1481.5,2.89,166.0,0.18,0.875,25.5,4386.0,4.629,0.63
K03976.01,FALSE POSITIVE,0,2.189098506,5.1498,2533.7,29.7,1288.0,651.22,1.258,194.9,5681.0,4.551,0.859
K03977.01,FALSE POSITIVE,0,0.7088055,3.6789,17575.0,41.08,2035.0,4055.22,1.238,195.6,5989.0,4.5,0.908
K00068.01,FALSE POSITIVE,0,1.000840564,1.3292,2714.4,80.25,3367.0,30248.83,1.165,73.2,6287.0,3.558,3.177
K00379.02,CANDIDATE,1,23.1375919,3.35,114.0,1.83,837.0,115.86,0.429,12.9,6078.0,4.094,1.683
K03978.01,FALSE POSITIVE,0,2.28612573,12.408,301.6,22.63,1433.0,993.96,1.188,45.3,6063.0,4.476,1.012
K03979.01,FALSE POSITIVE,0,1.33254971,4.69,158.3,1.36,1782.0,2377.19,0.741,35.3,6150.0,4.41,1.004
K04071.01,FALSE POSITIVE,0,1.89131005,5.687,155.6,6.4,1590.0,1507.16,1.035,18.7,5706.0,4.255,1.12
K04072.01,CONFIRMED,2,0.692978457,1.1366,61.0,2.24,3186.0,24240.83,0.938,20.9,6105.0,3.805,2.304
K00069.01,CONFIRMED,2,4.72674037,2.9267,273.1,1.56,1028.0,264.08,0.657,287.8,5648.0,4.472,0.894
K00389.01,FALSE POSITIVE,0,3.741231778,2.469,419.0,1.55,951.0,193.55,0.25,66.6,5206.0,4.598,0.767
K04073.01,FALSE POSITIVE,0,87.140633,18.11,449.2,2.47,938.0,183.39,0.583,27.5,5761.0,4.438,0.997
K04075.01,FALSE POSITIVE,0,0.885131111,3.377,93.2,0.9,1818.0,2579.83,0.715,23.4,5904.0,4.543,0.867
K04076.01,CONFIRMED,2,124.827797,6.479,647.5,2.57,350.0,3.56,0.096,17.1,5349.0,4.353,1.032
K02662.01,CONFIRMED,2,2.10433534,1.1168,242.1,0.79,662.0,45.34,0.872,20.7,3605.0,4.837,0.433
K02663.01,CONFIRMED,2,9.88736642,4.23,68.0,0.68,768.0,82.32,0.383,14.6,5693.0,4.57,0.816
K02664.01,CONFIRMED,2,28.8431751,3.171,756.7,2.66,491.0,13.77,0.913,15.0,5151.0,4.528,0.785
K00043.01,FALSE POSITIVE,0,11.32029599,4.5866,4303.5,8.02,811.0,102.12,0.914,85.0,5780.0,4.438,1.0
K00281.01,CONFIRMED,2,19.55662003,8.087,298.9,2.45,797.0,95.35,0.606,111.0,5671.0,4.094,1.36
K02665.01,FALSE POSITIVE,0,1.112207126,1.35,54.7,0.73,1797.0,2467.09,0.402,13.0,6046.0,4.486,0.972
K02666.01,CANDIDATE,1,64.034363,9.174,758.8,3.47,411.0,6.72,0.985,16.9,5691.0,4.561,0.783
K02735.01,CONFIRMED,2,0.558841234,0.7918,280.9,1.33,1787.0,2412.15,0.307,26.3,5151.0,4.592,0.792
K02736.01,CONFIRMED,2,9.33648141,2.5449,885.4,2.39,577.0,26.22,0.901,23.1,4442.0,4.619,0.648
K00044.01,FALSE POSITIVE,0,66.46746217,19.6638,12643.7,11.97,466.0,11.18,0.116,1049.3,5843.0,4.403,1.073
K00285.01,CONFIRMED,2,13.74883059,6.0968,425.9,3.63,975.0,213.84,0.658,167.6,5862.0,4.05,1.67
K02737.01,FALSE POSITIVE,0,0.526615152,1.0582,64.0,1.46,2959.0,18152.32,0.028,40.9,5718.0,3.966,1.832
K02738.01,FALSE POSITIVE,0,0.690405794,1.7407,178.4,1.04,1731.0,2129.33,0.281,43.0,5204.0,4.515,0.786
K02739.01,CONFIRMED,2,10.10773789,3.828,294.9,1.98,879.0,140.75,0.151,25.3,5480.0,4.26,1.174
K02830.01,CONFIRMED,2,40.5289885,10.604,360.7,5.92,933.0,178.81,0.325,35.3,6443.0,3.74,3.086
K02831.01,FALSE POSITIVE,0,0.571940563,0.9031,54.3,1.88,3320.0,28727.59,0.792,22.8,5827.0,3.74,2.286
K00045.01,FALSE POSITIVE,0,6.397185875,5.8638,18887.0,15.02,981.0,218.59,0.755,394.7,5780.0,4.438,1.0
K00291.02,CONFIRMED,2,8.12999858,2.1492,148.0,2.04,1041.0,277.89,0.896,26.1,5611.0,4.144,1.4
K02832.01,CONFIRMED,2,3.57551429,2.364,92.8,0.89,1061.0,299.19,0.462,16.6,5213.0,4.434,0.917
K02833.01,CANDIDATE,1,1.791877025,1.166,46.1,1.48,2223.0,5787.99,0.403,12.5,6002.0,3.841,2.139
K02834.01,CONFIRMED,2,136.205112,5.568,1209.3,2.35,248.0,0.89,0.49,20.0,4648.0,4.631,0.675
K02916.01,FALSE POSITIVE,0,0.306937807,0.5925,119.2,0.82,2142.0,5019.53,0.005,29.3,5088.0,4.58,0.741
K00046.01,CONFIRMED,2,3.487688776,3.83661,1298.8,5.64,1445.0,1033.07,0.026,350.6,5576.0,4.065,1.593
K00299.01,CONFIRMED,2,1.541676547,1.9118,296.5,1.88,1592.0,1517.84,0.362,94.1,5533.0,4.337,1.089
K02917.01,FALSE POSITIVE,0,0.730943372,3.004,134.7,1.37,2190.0,5461.14,0.792,27.0,6143.0,4.418,1.067
K02918.01,FALSE POSITIVE,0,0.515552803,1.7869,1224.1,13.96,1807.0,2508.21,1.128,79.6,5068.0,4.556,0.73
K02919.01,CONFIRMED,2,2.522590567,1.406,210.2,25.82,1205.0,499.07,1.261,18.5,5591.0,4.559,0.86
K02920.01,CONFIRMED,2,6.73968289,4.183,142.0,1.48,1011.0,246.9,0.662,15.4,5511.0,4.261,1.176
K03013.01,CANDIDATE,1,3.76562031,1.288,232.6,19.39,1084.0,326.2,1.193,14.6,5743.0,4.553,0.853
K03014.01,CONFIRMED,2,86.1160885,6.058,875.2,3.11,441.0,8.93,0.016,17.8,6161.0,4.454,1.053
K03015.01,CONFIRMED,2,3.61460332,3.227,43.9,0.9,1397.0,900.38,0.026,15.4,5799.0,4.161,1.375
K03016.01,FALSE POSITIVE,0,0.710894157,1.0183,122.6,1.16,2098.0,4599.89,0.134,18.9,5862.0,4.424,1.049
K03017.01,CANDIDATE,1,2.46288834,1.724,47.4,0.67,1391.0,883.43,0.256,11.9,5893.0,4.395,0.967
K00307.02,CONFIRMED,2,5.21104597,3.3447,102.7,1.18,1107.0,354.82,0.833,36.9,6023.0,4.423,1.031
K03018.01,FALSE POSITIVE,0,45.1178526,3.737,389.2,2.78,517.0,16.87,0.97,17.3,5585.0,4.339,1.038
K03105.01,CANDIDATE,1,4.21223579,7.898,116.4,1.04,887.0,146.4,0.97,12.8,5116.0,4.591,0.7
K03106.01,CONFIRMED,2,0.968980781,1.517,118.5,1.08,1844.0,2730.51,0.065,12.8,5866.0,4.473,1.0
K03107.01,FALSE POSITIVE,0,8.589562,9.885,245.4,15.95,891.0,148.61,1.138,14.0,5766.0,4.404,0.945
K03108.01,CONFIRMED,2,7.36272124,1.3287,429.3,1.86,901.0,155.72,0.253,17.8,5868.0,4.53,0.894
K00315.01,CONFIRMED,2,35.58349688,3.9885,937.6,2.03,408.0,6.54,0.001,90.8,4894.0,4.637,0.684
K03109.01,CONFIRMED,2,10.6761592,4.594,151.0,1.79,1049.0,285.79,0.403,14.1,6460.0,4.267,1.434
K03110.01,CONFIRMED,2,4.48494315,2.752,134.9,1.23,1199.0,488.22,0.3,12.4,6217.0,4.437,1.051
K03223.01,FALSE POSITIVE,0,0.962825082,2.8464,118.1,5.18,3265.0,26811.24,0.088,40.7,4898.0,3.212,4.928
K03224.01,CANDIDATE,1,3.43861067,1.264,46.8,1.01,1348.0,779.48,0.629,9.5,5383.0,4.112,1.401
K03225.01,CANDIDATE,1,4.8754765,1.902,39.6,0.8,1180.0,458.62,0.084,8.8,5513.0,4.179,1.286
K03226.01,CANDIDATE,1,4.29388808,3.618,110.6,1.68,1532.0,1302.16,0.272,17.9,6615.0,4.173,1.574
K00321.02,CONFIRMED,2,4.62334491,3.0189,62.0,0.77,1050.0,287.25,0.388,25.2,5678.0,4.484,0.97
K03226.02,CANDIDATE,1,6.93650854,3.674,88.7,1.51,1305.0,687.21,0.331,11.3,6615.0,4.173,1.574
K03227.01,FALSE POSITIVE,0,2.42649862,2.014,29.2,0.75,1638.0,1705.27,0.673,15.2,6033.0,4.176,1.316
K03322.01,FALSE POSITIVE,0,25.19830439,5.1942,73834.2,46.14,604.0,31.54,1.069,1669.4,5955.0,4.534,0.883
K03323.01,CANDIDATE,1,14.3196417,3.781,215.5,2.06,850.0,123.37,0.533,12.5,5562.0,4.151,1.373
K03324.01,CONFIRMED,2,21.8634638,3.542,871.0,2.37,551.0,21.77,0.502,9.9,5383.0,4.587,0.789
K00329.01,FALSE POSITIVE,0,8.58969597,8.471,245.1,20.8,882.0,143.02,1.197,45.9,6024.0,4.523,0.9
K03325.01,FALSE POSITIVE,0,86.4392931,6.534,1175.1,35.31,442.0,8.99,1.28,20.5,6208.0,4.454,1.024
K03326.01,FALSE POSITIVE,0,14.77820911,5.395,10774.0,44.48,809.0,101.07,1.258,123.1,6258.0,4.442,1.046
K03408.01,CANDIDATE,1,65.427645,9.404,319.0,1.65,453.0,9.94,0.004,15.6,6014.0,4.504,0.926
K03409.01,FALSE POSITIVE,0,11.08260553,6.23,601.2,7.34,1108.0,355.64,0.966,51.3,5125.0,3.674,2.196
K03410.01,CONFIRMED,2,16.5860329,7.043,231.3,2.09,821.0,107.25,0.167,14.6,5626.0,4.149,1.389
K03410.02,CONFIRMED,2,61.569765,9.75,298.3,2.44,530.0,18.66,0.486,10.9,5626.0,4.149,1.389
K00336.01,FALSE POSITIVE,0,19.5148412,3.096,102.7,2.8,1200.0,489.75,0.742,13.1,7004.0,3.854,2.556
K03411.01,FALSE POSITIVE,0,26.83771808,1.6162,8512.0,12.68,658.0,44.22,0.917,101.4,6194.0,4.445,1.069
K03412.01,CONFIRMED,2,16.7525077,3.174,338.3,3.65,801.0,97.43,0.763,18.2,4807.0,3.906,1.802
K03496.01,CONFIRMED,2,23.2385587,8.432,161.2,2.18,903.0,157.09,0.355,15.5,6602.0,4.108,1.685
K03496.02,CANDIDATE,1,8.5433774,6.149,75.1,1.58,1260.0,595.97,0.748,10.3,6602.0,4.108,1.685
K03497.01,CONFIRMED,2,20.35971899,2.1521,345.7,0.8,276.0,1.38,0.925,26.8,3419.0,4.904,0.344
K00343.01,CONFIRMED,2,4.761705895,3.3061,497.1,2.75,1201.0,491.37,0.384,138.5,5794.0,4.263,1.225
K03498.01,FALSE POSITIVE,0,43.798566,6.401,290.4,48.52,721.0,63.8,1.182,26.1,5611.0,3.842,2.227
K03499.01,FALSE POSITIVE,0,12.4281308,6.79,131.4,0.85,715.0,61.78,0.33,9.4,5940.0,4.621,0.729
K03500.01,CONFIRMED,2,73.7502765,13.309,233.1,3.78,677.0,49.76,0.127,33.9,6056.0,3.797,2.481
K03595.01,FALSE POSITIVE,0,100.40132734,9.7436,53781.9,26.0,420.0,7.37,0.436,1331.0,5903.0,4.353,1.1
K03596.01,FALSE POSITIVE,0,11.320287875,4.82219,243413.0,59.23,928.0,175.69,0.526,1539.9,6153.0,4.302,1.127
K03597.01,FALSE POSITIVE,0,1.219034103,2.4494,95697.0,40.46,1977.0,3621.09,0.455,319.1,5914.0,4.217,1.271
K03598.01,FALSE POSITIVE,0,18.79862195,7.4782,380204.0,55.07,575.0,25.91,0.524,551.3,5334.0,4.585,0.796
K03599.01,FALSE POSITIVE,0,6.30828538,2.48633,113526.0,29.34,803.0,98.21,0.69,559.2,5069.0,4.524,0.78
K03600.01,FALSE POSITIVE,0,4.80912667,7.9331,134093.0,44.3,1270.0,615.74,0.471,1033.2,6462.0,4.371,1.166
K00351.01,CONFIRMED,2,331.5972732,14.404,8322.1,10.89,294.0,1.76,0.02,355.0,5970.0,4.317,1.2
K03690.01,FALSE POSITIVE,0,12.893018017,3.30029,16032.8,62.52,1004.0,240.5,1.241,453.0,6387.0,4.178,1.408
K03691.01,FALSE POSITIVE,0,4.532416322,3.2864,34953.0,62.25,1328.0,735.27,1.183,175.6,6306.0,4.283,1.281
K03692.01,CANDIDATE,1,1.160153553,2.16452,12302.5,60.47,2183.0,5363.78,1.258,552.8,6200.0,4.161,1.382
K03693.01,FALSE POSITIVE,0,4.032760214,2.7194,10803.4,378.61,2582.0,10499.43,1.224,150.9,4969.0,2.899,9.433
K03694.01,FALSE POSITIVE,0,3.723552982,3.5632,40143.0,18.83,1176.0,452.71,0.629,145.7,6063.0,4.51,0.89
K03695.01,FALSE POSITIVE,0,2.244600029,1.9204,8611.0,27.47,1190.0,475.37,1.185,42.6,5256.0,4.502,0.802
K03786.01,FALSE POSITIVE,0,0.97430309,2.1088,34976.0,37.62,1643.0,1728.18,1.169,224.0,5688.0,4.583,0.786
K03787.01,FALSE POSITIVE,0,141.73403059,1.5851,7736.4,10.3,329.0,2.77,0.912,157.4,5606.0,4.478,0.918
K03788.01,FALSE POSITIVE,0,5.55260695,4.1178,727.6,2674.69,6436.0,404932.04,1.174,60.7,3306.0,0.273,116.965
K03789.01,FALSE POSITIVE,0,2.347479696,26.25,81996.0,60.5,1502.0,1207.51,1.051,261.1,5891.0,4.305,1.138
K03790.01,FALSE POSITIVE,0,0.890745373,1.9215,120034.0,36.92,1892.0,3015.62,0.599,239.6,5780.0,4.438,1.0
K03791.01,CONFIRMED,2,440.7843755,21.693,2579.0,7.23,308.0,2.14,0.424,181.0,6340.0,4.163,1.393
K03791.02,CONFIRMED,2,220.142913,19.528,1796.4,5.94,389.0,5.4,0.023,121.2,6340.0,4.163,1.393
K03885.01,FALSE POSITIVE,0,1.870990236,1.8432,642.6,26.1,1668.0,1824.38,1.193,37.4,6384.0,4.419,1.086
K03886.01,FALSE POSITIVE,0,5.56648691,10.931,694.9,43.67,2618.0,11089.75,0.935,103.6,4694.0,2.564,12.701
K03887.01,FALSE POSITIVE,0,1.241483276,2.195,141.0,27.25,1847.0,2761.35,1.227,32.0,6140.0,4.394,1.053
K03888.01,FALSE POSITIVE,0,0.955297055,1.7405,846.1,18.16,1550.0,1367.42,1.193,67.3,5319.0,4.548,0.734
K03889.01,FALSE POSITIVE,0,280.476576,32.24,651.2,3.16,268.0,1.22,0.974,38.7,5869.0,4.528,0.892
K03890.01,CANDIDATE,1,152.8255989,22.688,2173.5,34.85,734.0,68.47,0.409,98.9,4991.0,2.933,7.506
K03891.01,CANDIDATE,1,47.1096306,5.741,752.2,78.98,751.0,75.4,1.23,35.1,5258.0,3.597,2.78
K03980.01,CANDIDATE,1,0.469334634,0.8864,340.4,2.4,2432.0,8264.27,0.95,49.1,5888.0,4.394,1.008
K03981.01,FALSE POSITIVE,0,0.849277809,3.137,690.8,20.11,1781.0,2366.84,1.187,17.1,5743.0,4.553,0.853
K03982.01,FALSE POSITIVE,0,2.399081606,4.384,6071.6,40.6,1360.0,810.78,1.276,89.9,5780.0,4.438,1.0
K03983.01,FALSE POSITIVE,0,5.14072621,27.24,145.6,19.28,1076.0,317.19,1.159,44.5,5751.0,4.389,1.035
K03984.01,CONFIRMED,2,1.44445234,0.9753,200.7,2.03,1800.0,2479.44,0.162,20.9,5305.0,4.088,1.449
K03985.01,FALSE POSITIVE,0,3.55653637,8.7,202.5,1.7,1272.0,619.57,0.712,23.1,5950.0,4.395,1.114
K03986.01,FALSE POSITIVE,0,9.60853601,3.672,584.4,31.99,984.0,221.77,1.229,19.3,6377.0,4.398,1.158
K04077.01,FALSE POSITIVE,0,0.786260569,4.556,877.1,15.72,1192.0,477.45,1.226,246.0,4223.0,4.681,0.557
K04078.01,FALSE POSITIVE,0,0.597934463,3.1225,515.0,23.2,2126.0,4834.45,1.224,72.2,6052.0,4.539,0.863
K04080.01,FALSE POSITIVE,0,1.061002863,1.962,142.4,1.06,1679.0,1883.03,0.337,15.7,5767.0,4.538,0.881
K04082.01,FALSE POSITIVE,0,0.924821319,2.594,122.4,1.1,1963.0,3514.31,0.401,24.3,6135.0,4.455,0.974
K04083.01,FALSE POSITIVE,0,4.4697452,5.33,241.5,2.43,1248.0,574.11,0.982,33.8,6102.0,4.316,1.125
K04084.01,CONFIRMED,2,214.881456,9.581,759.2,2.68,286.0,1.59,0.023,16.1,5323.0,4.378,0.995
K04084.03,CANDIDATE,1,8.19619768,2.109,197.4,1.55,851.0,123.81,0.781,9.3,5323.0,4.378,0.995
K02667.01,FALSE POSITIVE,0,1.303576682,1.021,245.5,1.51,1694.0,1940.45,0.08,22.1,6045.0,4.494,0.955
K02668.01,CONFIRMED,2,0.679336747,1.2188,240.7,1.4,1883.0,2982.78,0.209,36.7,5440.0,4.491,0.913
K02669.01,FALSE POSITIVE,0,213.6103207,10.7643,110990.0,46.07,291.0,1.69,0.977,534.5,5931.0,4.554,0.845
K02670.01,FALSE POSITIVE,0,170.8658492,16.9895,29840.8,24.4,387.0,5.33,0.684,897.0,5989.0,4.221,1.324
K02671.01,FALSE POSITIVE,0,21.47642727,5.5498,348130.0,59.5,655.0,43.52,0.006,124.8,5780.0,4.438,1.0
K02672.01,CONFIRMED,2,88.5122014,6.8214,2518.7,4.7,390.0,5.47,0.242,63.1,5593.0,4.45,0.945
K02672.02,CONFIRMED,2,42.9923284,4.726,1120.1,3.32,496.0,14.33,0.643,34.1,5593.0,4.45,0.945
K02739.02,CANDIDATE,1,7.0956395,3.465,108.1,1.2,989.0,225.73,0.06,10.5,5480.0,4.26,1.174
K02740.01,FALSE POSITIVE,0,1.844857057,1.6557,85.6,0.97,1601.0,1548.86,0.594,21.5,6143.0,4.403,1.004
K02741.01,FALSE POSITIVE,0,0.755103143,2.885,43.8,1.49,2927.0,17302.11,0.662,27.3,5996.0,3.87,2.128
K02742.01,CONFIRMED,2,0.789160884,0.9268,215.1,0.91,1244.0,564.46,0.376,23.6,4258.0,4.635,0.622
K02743.01,CONFIRMED,2,11.87457664,1.9797,220.7,1.32,728.0,66.33,0.432,21.4,5523.0,4.506,0.88
K02744.01,CONFIRMED,2,109.6469948,6.568,899.7,4.85,428.0,7.95,0.797,26.7,5332.0,4.083,1.453
K02744.02,CANDIDATE,1,11.615625,2.233,191.2,2.84,905.0,158.69,0.977,8.8,5332.0,4.083,1.453
K02835.01,CONFIRMED,2,6.30922043,1.3251,691.2,1.37,606.0,31.73,0.118,22.5,4380.0,4.71,0.53
K02836.01,CONFIRMED,2,2.94194296,2.056,278.0,1.22,988.0,225.15,0.03,18.2,4901.0,4.544,0.758
K02837.01,CONFIRMED,2,13.32191461,6.213,133.5,2.88,1299.0,672.06,0.784,24.3,6995.0,3.925,2.274
K02838.01,CONFIRMED,2,7.69994466,4.432,70.9,0.92,969.0,208.61,0.018,17.4,5727.0,4.328,1.104
K02838.02,CONFIRMED,2,4.77466043,3.804,54.3,0.81,1137.0,395.06,0.03,15.5,5727.0,4.328,1.104
K02839.01,CONFIRMED,2,2.164570593,1.2862,525.1,1.27,783.0,88.91,0.338,19.8,3941.0,4.713,0.554
K02840.01,CANDIDATE,1,3.67936863,3.47,85.9,0.92,1112.0,361.27,0.885,18.1,5676.0,4.474,0.848
K02921.01,CANDIDATE,1,16.6146221,2.706,361.2,1.49,604.0,31.48,0.017,10.6,5295.0,4.548,0.8
K02922.01,FALSE POSITIVE,0,0.497581917,1.46,140.6,0.76,1801.0,2487.04,0.328,17.1,5271.0,4.634,0.63
K02923.01,CANDIDATE,1,5.83892993,1.1066,237.4,1.19,835.0,114.94,0.319,15.3,5279.0,4.588,0.769
K02924.01,CONFIRMED,2,2.279523364,1.6202,126.8,0.87,1123.0,374.78,0.033,16.7,5017.0,4.516,0.797
K02924.02,CANDIDATE,1,8.85686712,0.606,319.2,1.88,714.0,61.54,0.923,11.9,5017.0,4.516,0.797
K02925.01,CANDIDATE,1,0.716531851,0.655,78.9,1.11,2034.0,4063.57,0.887,17.9,5552.0,4.349,1.03
K00300.01,FALSE POSITIVE,0,2.976020742,3.73,114.9,2.07,1740.0,2169.16,0.721,60.6,5947.0,3.939,1.796
K03019.01,CONFIRMED,2,4.17939037,2.647,172.8,1.52,1194.0,478.98,0.317,16.1,5633.0,4.296,1.162
K03019.02,CANDIDATE,1,2.012094,2.157,74.8,0.99,1523.0,1274.27,0.066,9.1,5633.0,4.296,1.162
K03020.01,CANDIDATE,1,10.9192653,4.572,91.1,1.9,1107.0,355.29,0.434,15.0,5745.0,3.939,1.972
K03021.01,FALSE POSITIVE,0,0.803835923,1.397,52.6,0.78,2129.0,4863.18,0.447,12.4,6242.0,4.442,1.047
K03022.01,CONFIRMED,2,2.76263737,1.821,185.0,1.25,1231.0,544.05,0.46,14.1,5772.0,4.528,0.901
K03022.02,CONFIRMED,2,5.05368985,2.514,171.5,1.21,1007.0,243.06,0.53,11.5,5772.0,4.528,0.901
K03023.01,FALSE POSITIVE,0,4.39049637,3.0112,113.5,2.07,1637.0,1701.16,0.389,31.1,6429.0,3.989,1.908
K03111.01,CANDIDATE,1,10.76800074,3.494,65.1,0.92,885.0,144.85,0.583,14.2,5874.0,4.338,1.096
K03111.02,CANDIDATE,1,4.32848303,2.955,35.5,0.66,1199.0,488.23,0.367,11.4,5874.0,4.338,1.096
K03112.01,CANDIDATE,1,2.118893997,0.822,311.4,1.41,1230.0,541.53,0.019,11.3,5504.0,4.583,0.796
K03113.01,CONFIRMED,2,2.46050095,1.861,276.8,1.03,969.0,208.54,0.052,16.7,4811.0,4.626,0.634
K03114.01,CANDIDATE,1,7.49133777,6.315,34.5,1.01,1291.0,656.15,0.013,14.4,6177.0,3.993,1.71
K03115.01,CONFIRMED,2,5.8660127,3.985,183.0,1.45,1064.0,302.77,0.539,16.8,6020.0,4.427,1.04
K03116.01,CONFIRMED,2,23.9107056,4.996,294.0,1.91,709.0,59.76,0.398,12.9,6338.0,4.418,1.091
K03228.01,FALSE POSITIVE,0,0.98762513,1.127,28.6,1.14,3728.0,45704.5,0.547,14.8,9456.0,4.172,2.022
K03230.01,FALSE POSITIVE,0,8.80854183,34.7564,174.7,2.69,1000.0,236.05,0.993,137.3,6017.0,4.3,1.21
K03230.02,FALSE POSITIVE,0,3.796383639,8.6711,31.1,0.71,1323.0,724.17,0.649,24.5,6017.0,4.3,1.21
K03231.01,FALSE POSITIVE,0,19.7639874,12.319,51.3,1.19,900.0,155.45,0.489,13.5,6195.0,4.072,1.617
K03232.01,CONFIRMED,2,6.05919881,1.365,154.2,1.21,976.0,214.55,0.438,11.7,5734.0,4.462,0.962
K03234.01,CONFIRMED,2,2.41810158,2.144,46.8,0.85,1602.0,1555.96,0.016,13.4,6258.0,4.307,1.239
K03236.01,CANDIDATE,1,7.13044117,2.566,31.9,1.18,1400.0,908.79,0.068,10.5,6312.0,3.964,2.074
K03327.01,FALSE POSITIVE,0,15.60862948,6.6957,34356.0,39.42,648.0,41.71,1.171,186.0,5569.0,4.566,0.829
K03328.01,FALSE POSITIVE,0,63.9005941,8.2789,17097.0,25.91,353.0,3.68,1.194,110.8,5204.0,4.63,0.634
K03329.01,CANDIDATE,1,12.6878176,4.262,293.0,2.16,851.0,123.89,0.921,13.5,6258.0,4.442,1.046
K03330.01,CONFIRMED,2,16.2951259,3.678,197.9,1.15,574.0,25.59,0.494,13.0,4915.0,4.512,0.812
K03331.01,FALSE POSITIVE,0,18.173045009,10.9113,69911.3,24.39,650.0,42.19,0.674,1820.5,5799.0,4.548,0.86
K03332.01,FALSE POSITIVE,0,14.12678065,5.9303,7647.4,31.13,670.0,47.56,1.254,127.1,5656.0,4.583,0.784
K03333.01,FALSE POSITIVE,0,53.501860974,5.25334,456778.0,55.23,409.0,6.63,0.431,1363.9,5436.0,4.587,0.748
K03413.01,FALSE POSITIVE,0,49.612757516,7.07603,130460.0,57.08,536.0,19.46,0.929,2070.3,6241.0,4.45,1.031
K03414.01,FALSE POSITIVE,0,27.009807384,1.96698,67898.0,22.32,330.0,2.82,0.949,541.3,3900.0,4.727,0.534
K03415.01,CONFIRMED,2,15.0219784,5.068,96.9,1.77,874.0,137.91,0.96,7.4,5831.0,4.162,1.382
K03416.01,CANDIDATE,1,11.8237228,8.518,212.7,1.25,703.0,57.62,0.698,14.2,5559.0,4.578,0.803
K03417.01,CONFIRMED,2,91.078624,10.304,738.6,3.26,415.0,7.02,0.901,20.8,5915.0,4.437,1.008
K03418.01,CONFIRMED,2,85.272459,13.31,767.8,3.85,443.0,9.1,0.965,18.9,5922.0,4.349,1.057
K03419.01,FALSE POSITIVE,0,58.5850357,3.5939,75468.0,149.98,707.0,59.16,1.309,656.5,6379.0,3.925,1.994
K03500.02,CANDIDATE,1,4.7482669,4.947,35.6,1.57,1690.0,1927.62,0.673,12.1,6056.0,3.797,2.481
K03501.01,FALSE POSITIVE,0,14.541781166,9.1151,143645.0,2722.92,834.0,114.56,22.28,768.9,5997.0,4.304,1.148
K03502.01,FALSE POSITIVE,0,12.4261177,28.5357,1230.4,3.8,724.0,64.95,0.945,89.9,5713.0,4.554,0.851
K03503.01,CONFIRMED,2,21.1876185,3.69,71.7,0.79,676.0,49.23,0.777,8.5,6355.0,4.547,0.849
K03504.01,FALSE POSITIVE,0,12.42560404,23.9402,458.9,2.52,733.0,68.44,0.96,40.8,5713.0,4.541,0.893
K03505.01,FALSE POSITIVE,0,30.9604688,14.992,460.9,89.18,1064.0,303.13,1.208,27.1,5367.0,3.216,3.558
K03506.01,FALSE POSITIVE,0,12.62530918,3.163,39413.0,87.2,1214.0,514.08,1.151,32.5,6878.0,4.012,1.844
K03601.01,FALSE POSITIVE,0,2.33211505,2.96723,105949.0,140.22,1594.0,1530.05,1.747,997.8,6384.0,4.348,1.094
K03602.01,FALSE POSITIVE,0,249.36211832,8.3559,35830.4,48.69,308.0,2.14,1.17,846.1,5940.0,4.352,1.02
K03603.01,FALSE POSITIVE,0,5.519188936,7.1351,217073.0,43.06,932.0,178.7,0.459,2270.6,5324.0,4.439,0.897
K03604.01,FALSE POSITIVE,0,4.818863794,6.2625,65936.5,51.32,1595.0,1529.01,0.486,2048.7,6313.0,3.936,1.935
K03605.01,FALSE POSITIVE,0,178.26802035,5.86461,45753.9,34.07,256.0,1.02,1.135,961.4,5126.0,4.578,0.696
K03606.01,FALSE POSITIVE,0,2.181555909,4.41739,85406.9,91.3,1730.0,2119.28,1.261,1548.2,6584.0,4.331,1.246
K03607.01,FALSE POSITIVE,0,0.895276162,3.0518,319082.0,172.25,2731.0,13121.22,0.618,932.1,5242.0,3.631,2.55
K00353.02,CONFIRMED,2,30.6528935,4.99,269.7,2.86,780.0,87.69,0.682,17.4,6200.0,4.072,1.64
K03696.01,FALSE POSITIVE,0,181.8521773,5.7725,27559.0,46.38,333.0,2.91,1.189,293.8,6063.0,4.476,1.012
K03697.01,FALSE POSITIVE,0,223.1127475,8.9683,11538.8,46.33,332.0,2.87,1.266,224.5,6211.0,4.389,1.056
K03698.01,FALSE POSITIVE,0,15.64064161,6.4524,273309.0,77.18,921.0,169.73,0.522,206.3,6517.0,4.279,1.374
K03699.01,FALSE POSITIVE,0,3.31577795,4.2349,94567.0,27.77,1104.0,349.78,0.633,124.6,5528.0,4.516,0.849
K03700.01,FALSE POSITIVE,0,2.990252395,7.8462,216437.0,89.85,1264.0,603.02,1.117,541.7,5780.0,4.438,1.0
K03701.01,FALSE POSITIVE,0,2.08043378,7.708,6861.2,510.48,1629.0,1661.27,5.106,289.1,6377.0,4.399,1.119
K03792.01,FALSE POSITIVE,0,2.723858181,1.4313,5497.0,7.13,900.0,154.53,0.913,23.8,4416.0,4.57,0.733
K00362.01,FALSE POSITIVE,0,14.022451457,8.08619,20082.9,14.93,810.0,101.92,0.189,2707.7,6061.0,4.401,1.05
K03793.01,FALSE POSITIVE,0,0.635441862,1.9827,147609.0,56.3,2118.0,4750.98,0.872,317.1,5780.0,4.438,1.0
K03794.01,CONFIRMED,2,0.65355361,1.63,4595.9,22.95,1437.0,1004.07,1.226,217.4,4550.0,4.622,0.66
K03795.01,FALSE POSITIVE,0,1.873380717,10.1083,538716.0,89.79,1669.0,1830.27,0.27,1513.7,5992.0,4.283,1.171
K03796.01,FALSE POSITIVE,0,1.87337894,9.1328,5444.0,51.11,2925.0,17342.01,0.883,223.1,4740.0,2.9,5.721
K03797.01,FALSE POSITIVE,0,7.50023955,2.916,273.2,21.06,901.0,155.6,1.194,29.0,5849.0,4.517,0.919
K03892.01,CONFIRMED,2,2.41660149,1.9699,83.6,0.92,1343.0,770.05,0.035,33.7,5705.0,4.444,1.026
K00371.01,FALSE POSITIVE,0,498.391282,6.135,1590.0,17.14,339.0,3.11,0.959,49.7,5134.0,3.611,3.107
K03893.01,CONFIRMED,2,3.90863457,1.7704,867.2,1.86,787.0,91.01,0.111,36.6,4518.0,4.613,0.653
K03894.01,FALSE POSITIVE,0,1.673662758,2.3135,316.4,23.42,1729.0,2106.67,1.186,33.4,6444.0,4.433,1.053
K03895.01,FALSE POSITIVE,0,5.93717724,5.355,25450.0,594.32,1005.0,241.6,6.282,56.3,5780.0,4.438,1.0
K03896.01,FALSE POSITIVE,0,3.89043062,6.596,195.4,1.24,1106.0,354.22,0.025,14.4,5646.0,4.449,0.896
K03898.01,FALSE POSITIVE,0,1.306723495,6.606,12456.6,27.42,1170.0,443.02,1.229,311.7,4651.0,4.612,0.657
K03987.01,FALSE POSITIVE,0,0.933747751,3.9236,76.6,2.07,3112.0,22250.69,0.741,49.5,6985.0,3.936,2.187
K00380.01,FALSE POSITIVE,0,8.0970583,5.699,680.7,4.83,1203.0,495.31,0.959,76.4,6573.0,4.2,1.455
K03988.01,FALSE POSITIVE,0,12.425484,28.0218,117.2,1.55,773.0,84.37,0.98,43.0,5478.0,4.351,1.017
K03989.01,FALSE POSITIVE,0,1.204529346,1.62,86.9,1.4,1968.0,3561.16,0.383,11.1,5340.0,4.046,1.504
K03990.01,FALSE POSITIVE,0,2.15839583,8.09,352.2,14.28,1103.0,350.53,1.178,38.9,5272.0,4.659,0.662
K03991.01,CANDIDATE,1,1.570592397,0.623,214.4,1.37,1480.0,1135.98,0.031,29.7,5519.0,4.431,0.921
K03992.01,FALSE POSITIVE,0,0.73094701,4.223,227.7,15.83,1870.0,2886.66,1.158,31.2,5767.0,4.559,0.837
K00390.01,FALSE POSITIVE,0,1.168310132,1.31,283.3,1.43,1577.0,1469.16,0.107,64.7,5509.0,4.487,0.857
K04085.01,FALSE POSITIVE,0,0.914468919,2.695,3426.3,36.84,1884.0,2978.16,1.271,189.0,5762.0,4.415,0.989
K04086.01,FALSE POSITIVE,0,1.54039744,1.787,127.6,1.08,1520.0,1267.95,0.723,7.0,5649.0,4.421,0.884
K04087.01,CONFIRMED,2,101.1107014,8.029,878.1,1.61,229.0,0.65,0.046,24.1,4133.0,4.705,0.561
K04088.01,FALSE POSITIVE,0,0.907943645,1.9144,1028.9,49.37,2219.0,5715.61,1.356,53.7,6434.0,4.354,1.166
K04089.01,FALSE POSITIVE,0,0.531106622,3.0293,5133.6,7.54,1781.0,2371.49,0.94,286.2,4978.0,4.539,0.762
K04090.01,FALSE POSITIVE,0,1.332547503,4.521,130.3,1.23,1719.0,2062.92,0.746,25.5,6077.0,4.471,0.999
K02673.01,FALSE POSITIVE,0,4.593595496,2.7468,45034.0,44.14,1022.0,258.12,1.147,92.0,5717.0,4.538,0.884
K00282.01,CONFIRMED,2,27.50871575,5.9291,639.2,2.98,663.0,45.66,0.577,190.3,5903.0,4.304,1.137
K02674.01,CONFIRMED,2,197.5111484,11.106,2575.6,9.52,391.0,5.54,0.814,175.2,5616.0,4.004,1.674
K02674.02,CONFIRMED,2,11.1726723,6.106,76.8,1.5,1019.0,255.06,0.504,17.0,5616.0,4.004,1.674
K02674.03,CONFIRMED,2,2.53573284,3.989,68.0,1.36,1671.0,1842.18,0.054,25.5,5616.0,4.004,1.674
K02675.01,CONFIRMED,2,5.448321078,2.2213,529.4,2.17,978.0,215.95,0.614,55.1,5721.0,4.517,0.905
K02675.02,CONFIRMED,2,1.116127169,1.3235,109.2,1.0,1659.0,1797.63,0.648,19.2,5721.0,4.517,0.905
K00285.02,CONFIRMED,2,26.723169,8.501,195.0,2.31,781.0,88.1,0.035,67.5,5862.0,4.05,1.67
K02745.01,CONFIRMED,2,15.64588656,3.959,572.1,2.18,710.0,60.08,0.033,26.9,5896.0,4.518,0.916
K02746.01,FALSE POSITIVE,0,69.2002312,5.679,2271.5,45.24,585.0,27.66,1.276,30.0,7044.0,4.337,1.267
K02747.01,CONFIRMED,2,6.26404774,2.39,378.7,1.55,809.0,101.27,0.232,20.1,5032.0,4.511,0.817
K02748.01,CONFIRMED,2,23.1985852,9.821,224.7,2.61,793.0,93.34,0.305,28.2,5416.0,3.951,1.756
K02748.02,CONFIRMED,2,5.77721259,2.462,134.3,2.17,1260.0,596.37,0.692,17.7,5416.0,3.951,1.756
K02749.01,FALSE POSITIVE,0,0.905037231,1.4351,37.5,1.1,2627.0,11199.46,0.323,29.0,6223.0,4.01,1.763
K00292.01,CONFIRMED,2,2.586639524,2.253,217.7,1.44,1328.0,735.48,0.349,77.3,5780.0,4.421,0.966
K02840.02,CANDIDATE,1,7.4464635,4.084,78.0,0.77,879.0,141.12,0.531,12.7,5676.0,4.474,0.848
K02841.01,CONFIRMED,2,159.388788,8.432,1033.0,2.73,289.0,1.65,0.109,17.3,5135.0,4.464,0.874
K02842.01,CONFIRMED,2,1.565412613,0.7572,2754.6,1.73,648.0,41.85,0.003,48.6,3464.0,4.923,0.328
K02842.02,CONFIRMED,2,5.14892346,0.9613,2355.0,1.72,436.0,8.54,0.719,25.4,3464.0,4.923,0.328
K02842.03,CONFIRMED,2,3.036208739,0.9324,1820.5,1.4,520.0,17.31,0.111,26.0,3464.0,4.923,0.328
K02844.01,FALSE POSITIVE,0,2.72288246,2.408,152.6,1.06,1162.0,431.75,0.08,15.5,5458.0,4.53,0.872
K02926.01,CONFIRMED,2,12.2854718,2.996,1617.1,2.21,434.0,8.39,0.291,23.8,3891.0,4.718,0.564
K02926.02,CONFIRMED,2,5.53609368,2.2942,1223.3,2.2,566.0,24.23,0.791,22.6,3891.0,4.718,0.564
K02926.03,CONFIRMED,2,20.9569985,3.493,1917.9,2.38,363.0,4.11,0.112,22.7,3891.0,4.718,0.564
K02926.04,CONFIRMED,2,37.6333868,4.49,1661.7,2.25,299.0,1.88,0.338,18.6,3891.0,4.718,0.564
K02926.05,CANDIDATE,1,75.731195,4.859,2496.0,3.47,237.0,0.74,0.9,16.3,3891.0,4.718,0.564
K02927.01,CANDIDATE,1,24.4359956,6.254,496.6,2.31,674.0,48.81,0.019,17.1,6197.0,4.449,1.035
K02928.01,FALSE POSITIVE,0,17.7337356,5.558,217.3,1.24,597.0,29.95,0.514,17.0,5335.0,4.56,0.831
K03025.01,CONFIRMED,2,13.1829329,3.594,518.0,1.84,661.0,45.19,0.016,13.8,5382.0,4.571,0.827
K03026.01,CONFIRMED,2,3.51575492,1.381,237.4,1.35,1033.0,269.57,0.061,15.2,5094.0,4.45,0.901
K00308.01,CONFIRMED,2,35.5969684,6.691,684.5,3.72,646.0,41.06,0.895,52.5,6212.0,4.309,1.209
K03027.01,CONFIRMED,2,6.07032548,1.341,311.6,1.36,789.0,91.45,0.454,11.9,5076.0,4.598,0.763
K03028.01,FALSE POSITIVE,0,1.33256952,2.915,163.5,1.06,1461.0,1076.99,0.463,16.5,5547.0,4.571,0.82
K03029.01,CANDIDATE,1,18.9763286,2.379,329.8,2.24,638.0,39.11,0.922,11.0,5300.0,4.385,0.986
K03029.02,CANDIDATE,1,6.34724702,3.097,159.8,1.35,919.0,168.14,0.739,11.1,5300.0,4.385,0.986
K03117.01,CANDIDATE,1,6.06664931,1.962,65.3,0.87,915.0,165.66,0.902,10.9,5569.0,4.521,0.892
K00316.01,CONFIRMED,2,15.77111067,5.0574,547.1,2.62,752.0,75.61,0.009,123.2,5620.0,4.333,1.143
K03119.01,CANDIDATE,1,2.184437698,1.0422,1546.8,0.94,529.0,18.41,0.035,19.7,3421.0,5.014,0.25
K03120.01,CONFIRMED,2,4.13592927,2.377,156.2,1.43,1226.0,535.42,0.168,15.2,5886.0,4.345,1.152
K03121.01,FALSE POSITIVE,0,1.926888595,1.235,130.0,1.31,1619.0,1622.18,0.589,11.7,6268.0,4.429,1.1
K03122.01,CONFIRMED,2,8.05337912,5.382,38.3,1.28,1320.0,717.7,0.035,14.9,6231.0,3.976,2.062
K03123.01,CANDIDATE,1,15.2311195,3.91,269.1,1.94,800.0,96.84,0.192,13.1,5836.0,4.316,1.186
K03237.01,CONFIRMED,2,33.4203001,5.307,436.6,2.46,581.0,27.02,0.789,8.9,5731.0,4.372,1.066
K00322.01,FALSE POSITIVE,0,5.888835386,3.7988,19466.0,584.67,1008.0,243.87,6.217,208.2,5780.0,4.438,1.0
K03238.01,FALSE POSITIVE,0,58.3437362,22.482,1266.8,93.55,779.0,87.03,1.246,75.0,5896.0,3.65,3.006
K03239.01,FALSE POSITIVE,0,1.070982122,1.255,43.4,0.98,2122.0,4811.39,0.563,9.0,5717.0,4.109,1.433
K03240.01,FALSE POSITIVE,0,1.245331397,2.566,38.1,1.61,2678.0,12115.45,0.649,26.5,6106.0,3.781,2.477
K03241.01,FALSE POSITIVE,0,8.21429932,3.099,70.7,1.66,1312.0,701.11,0.667,19.7,6277.0,3.951,1.869
K03242.01,FALSE POSITIVE,0,1.54945486,6.698,21.8,1.34,3006.0,19304.93,0.228,20.9,7382.0,3.838,2.804
K03334.01,FALSE POSITIVE,0,95.178317934,3.60125,128575.0,28.75,272.0,1.29,0.761,2279.1,4523.0,4.615,0.653
K00330.01,CONFIRMED,2,7.97420583,5.3503,293.1,1.85,974.0,212.75,0.128,55.1,5973.0,4.386,1.081
K03335.01,CONFIRMED,2,31.2543238,5.662,438.0,2.29,635.0,38.54,0.019,14.7,6246.0,4.433,1.092
K03336.01,FALSE POSITIVE,0,61.4911479,9.745,58702.9,22.76,438.0,8.7,0.681,1421.7,5830.0,4.54,0.876
K03337.01,CANDIDATE,1,11.16622885,3.389,353.9,1.56,725.0,65.16,0.176,13.6,5552.0,4.562,0.836
K03337.02,FALSE POSITIVE,0,91.172033,6.676,368.5,1.58,360.0,3.96,0.005,7.3,5552.0,4.562,0.836
K03338.01,FALSE POSITIVE,0,10.99381963,3.7889,1685.8,40.17,978.0,216.57,1.274,102.9,6553.0,4.366,1.157
K03420.01,CANDIDATE,1,5.77451117,3.752,156.3,1.87,1232.0,544.74,0.348,11.2,5821.0,4.127,1.492
K00337.01,CONFIRMED,2,19.7830259,5.4898,373.2,2.1,708.0,59.39,0.015,41.8,5747.0,4.335,1.099
K03420.02,CANDIDATE,1,12.5014905,3.882,220.1,2.24,952.0,194.3,0.43,10.8,5821.0,4.127,1.492
K03421.01,FALSE POSITIVE,0,40.6511021,11.282,136.4,1.7,651.0,42.54,0.682,17.3,6297.0,4.26,1.369
K03422.01,FALSE POSITIVE,0,40.1454757,5.2,310.8,13.01,1640.0,1708.38,0.491,5.2,7852.0,3.159,7.162
K03423.01,CONFIRMED,2,30.2541186,2.134,576.3,2.8,660.0,44.87,0.122,12.3,6277.0,4.402,1.161
K03424.01,FALSE POSITIVE,0,17.081202417,7.20617,134143.0,39.24,585.0,27.61,0.915,1524.8,5431.0,4.623,0.708
K00343.02,CONFIRMED,2,2.024143568,2.5273,239.4,1.94,1597.0,1535.09,0.513,88.4,5794.0,4.263,1.225
K03508.01,CANDIDATE,1,190.800788,8.082,287.6,1.67,321.0,2.51,0.066,13.0,5993.0,4.489,0.986
K03509.01,FALSE POSITIVE,0,2.97601892,5.5,306.1,164.46,2799.0,14524.05,1.176,35.3,5140.0,2.955,7.746
K03510.01,FALSE POSITIVE,0,124.93576738,7.5608,240899.0,49.34,362.0,4.06,0.542,332.8,5887.0,4.477,0.941
K03511.01,FALSE POSITIVE,0,119.67980316,32.1928,299046.0,193.91,847.0,121.45,0.527,5357.7,8275.0,3.726,3.251
K03512.01,FALSE POSITIVE,0,6.399107136,5.21981,376769.0,59.15,1031.0,266.9,0.245,4322.4,6133.0,4.435,0.935
K03513.01,FALSE POSITIVE,0,8.480304281,7.46159,83114.6,65.0,1504.0,1210.22,0.235,5219.5,7059.0,3.946,2.21
K03608.01,FALSE POSITIVE,0,244.83274973,4.37001,40206.0,38.3,307.0,2.09,1.047,733.5,6105.0,4.443,0.993
K03609.01,FALSE POSITIVE,0,2.995357359,6.57901,172404.0,112.12,1791.0,2437.81,0.843,1467.6,5949.0,3.892,1.94
K03610.01,FALSE POSITIVE,0,3.840485025,2.8592,31353.0,39.38,1077.0,318.66,1.189,259.4,5731.0,4.532,0.823
K00351.02,CONFIRMED,2,210.6013843,11.9922,4159.3,7.7,342.0,3.22,0.002,232.4,5970.0,4.317,1.2
K03611.01,FALSE POSITIVE,0,10.443341795,3.94077,145294.0,44.35,892.0,149.21,0.707,842.1,6137.0,4.421,1.005
K03612.01,FALSE POSITIVE,0,19.515013291,4.59379,256442.0,53.03,588.0,28.31,0.692,1018.8,5349.0,4.531,0.851
K03613.01,FALSE POSITIVE,0,3.053578643,3.22884,52879.9,35.35,1035.0,271.46,1.11,661.4,5414.0,4.625,0.714
K03702.01,FALSE POSITIVE,0,4.944046127,4.50334,112503.0,54.29,1069.0,308.53,0.964,537.2,5780.0,4.438,1.0
K03703.01,FALSE POSITIVE,0,4.464565251,4.0221,74112.0,43.21,1024.0,259.97,1.046,286.4,5743.0,4.553,0.853
K03704.01,FALSE POSITIVE,0,1.523298835,5.9083,195071.0,38.95,1404.0,919.42,0.41,174.4,5311.0,4.469,0.866
K03705.01,FALSE POSITIVE,0,2.080431782,7.4997,894203.0,345.7,2719.0,12956.98,0.771,1585.2,8344.0,4.04,2.115
K00353.03,CANDIDATE,1,11.1619384,5.195,124.4,1.97,1093.0,337.23,0.739,13.4,6200.0,4.072,1.64
K03706.01,FALSE POSITIVE,0,1.157804607,4.66082,605713.0,118.11,2255.0,6116.99,0.26,1837.9,6510.0,4.219,1.425
K03707.01,FALSE POSITIVE,0,19.979098,10.5638,38418.0,22.98,739.0,70.59,0.576,449.1,5907.0,4.296,1.126
K03798.01,FALSE POSITIVE,0,2.991885335,7.4319,1356.9,3.94,1209.0,505.77,0.95,160.2,5750.0,4.464,0.839
K03799.01,FALSE POSITIVE,0,1.327471395,5.2334,5673.8,7.08,1395.0,892.4,0.897,218.7,5232.0,4.519,0.777
K03800.01,FALSE POSITIVE,0,1.247156944,2.6779,134761.0,26042.9,4120.0,68223.38,25.224,92.4,4770.0,2.605,9.67
K03801.01,CANDIDATE,1,288.3128666,5.419,11181.0,13.21,300.0,1.93,0.525,96.8,5672.0,4.252,1.22
K03802.01,FALSE POSITIVE,0,2.119100054,8.2163,1651.1,34.34,1571.0,1435.29,1.247,195.7,6292.0,4.426,1.078
K00363.01,FALSE POSITIVE,0,2.442945167,4.0145,677.9,38.29,1587.0,1499.89,1.217,102.8,5657.0,4.121,1.428
K03803.01,FALSE POSITIVE,0,14.5417471,5.6067,1088.6,163.25,1494.0,1176.23,1.214,71.2,5032.0,3.042,5.922
K03899.01,FALSE POSITIVE,0,0.7967202,4.25304,167719.0,56.89,1964.0,3497.4,0.839,716.6,5780.0,4.438,1.0
K03900.01,FALSE POSITIVE,0,359.102042,16.949,1102.9,28.76,290.0,1.67,1.201,26.5,6355.0,4.41,1.108
K03901.01,CONFIRMED,2,160.130899,13.775,1183.0,6.67,450.0,9.68,0.791,32.4,6092.0,4.056,1.759
K03902.01,FALSE POSITIVE,0,2.69634575,3.785,185.2,1.46,1287.0,650.06,0.54,35.4,5418.0,4.335,1.051
K03903.01,FALSE POSITIVE,0,2.553924603,9.835,1680.1,32.67,1352.0,789.69,1.258,100.5,5993.0,4.489,0.986
K00372.01,CONFIRMED,2,125.6291479,9.108,7841.6,10.02,388.0,5.35,0.471,150.4,5819.0,4.334,1.111
K03904.01,FALSE POSITIVE,0,8.56751264,5.449,347.9,23.05,972.0,210.83,1.182,17.9,6212.0,4.42,1.054
K03993.01,FALSE POSITIVE,0,0.686994057,3.5252,2797.1,35.3,2063.0,4267.13,1.261,136.6,5780.0,4.438,1.0
K03994.01,FALSE POSITIVE,0,1.324247867,1.4759,83.3,1.3,2140.0,4951.46,0.295,26.5,6557.0,4.251,1.406
K03995.01,FALSE POSITIVE,0,0.780632043,1.4109,736.5,79.67,2714.0,12837.08,1.306,141.0,5354.0,3.754,2.18
K03996.01,FALSE POSITIVE,0,0.730947169,4.396,248.0,14.43,1777.0,2349.48,1.143,49.1,5514.0,4.569,0.826
K03997.01,FALSE POSITIVE,0,0.552834211,1.2887,145.7,18.09,3107.0,21895.36,1.045,30.0,5132.0,3.675,2.648
K00381.01,FALSE POSITIVE,0,6.337614357,1.742,1807.4,9.57,1351.0,787.89,0.972,132.7,6581.0,4.138,1.536
K03998.01,FALSE POSITIVE,0,0.758354475,4.56811,581782.0,149.44,3123.0,22401.95,0.279,1560.5,7131.0,4.084,1.83
K04091.01,CONFIRMED,2,225.585245,11.166,754.9,3.71,348.0,3.48,0.066,18.6,5929.0,4.243,1.363
K04092.01,CONFIRMED,2,24.4972683,5.43,449.1,2.74,722.0,64.25,0.817,19.5,6392.0,4.399,1.162
K04093.01,FALSE POSITIVE,0,0.535578808,1.7973,193.6,33.97,2870.0,16161.27,1.225,38.3,6610.0,4.264,1.313
K04094.01,FALSE POSITIVE,0,3.57017774,4.473,79.6,57.36,6119.0,331478.01,0.094,8.9,3812.0,0.93,69.001
K00391.01,FALSE POSITIVE,0,25.9525478,21.328,478.4,74.69,865.0,132.4,1.228,57.0,5211.0,3.715,2.721
K04095.01,FALSE POSITIVE,0,1.10601182,2.577,52.9,0.77,1903.0,3093.39,0.532,15.5,6241.0,4.45,1.031
K04096.01,FALSE POSITIVE,0,6.873655305,3.5415,181.3,1.21,906.0,159.51,0.08,3.4,5668.0,4.492,0.912
K02676.01,FALSE POSITIVE,0,195.613824,23.777,1651.9,10.65,467.0,11.24,0.891,102.7,5970.0,3.835,2.229
K02677.01,CANDIDATE,1,237.787237,10.509,1627.7,9.91,354.0,3.73,0.947,92.3,5185.0,3.936,1.853
K02678.01,CONFIRMED,2,3.833087643,1.51,461.4,2.25,1012.0,247.8,0.932,40.2,5397.0,4.543,0.831
K02678.02,CANDIDATE,1,2.2165905,1.0,28.7,0.48,1215.0,515.27,0.703,2.8,5397.0,4.543,0.831
K02679.01,CANDIDATE,1,110.7556272,6.819,8067.0,29.64,651.0,42.53,0.917,48.5,6525.0,3.772,2.668
K00282.02,CONFIRMED,2,8.45744892,3.2893,77.4,1.02,982.0,220.05,0.494,31.0,5903.0,4.304,1.137
K02680.01,FALSE POSITIVE,0,14.4079035,2.524,3058.0,23.4,624.0,35.81,1.226,7.7,5440.0,4.617,0.728
K02750.01,CANDIDATE,1,174.636181,15.679,2500.9,11.12,481.0,12.65,0.04,37.1,5974.0,3.859,2.232
K02751.01,CONFIRMED,2,24.4004378,2.987,860.5,2.47,437.0,8.64,0.909,20.2,4583.0,4.606,0.674
K02752.01,FALSE POSITIVE,0,1.287622419,0.821,36.5,0.87,1957.0,3450.59,0.819,16.9,6170.0,4.308,1.274
K02753.01,CONFIRMED,2,0.935115863,1.6172,64.8,1.05,2124.0,4811.82,0.243,21.6,5874.0,4.252,1.297
K00285.03,CONFIRMED,2,49.3567907,10.954,130.2,1.91,637.0,38.86,0.277,35.0,5862.0,4.05,1.67
K02754.01,CONFIRMED,2,1.34155642,1.6462,58.2,0.74,1642.0,1715.26,0.259,23.7,5779.0,4.44,0.97
K02755.01,CONFIRMED,2,8.48299282,2.505,69.1,0.8,879.0,141.04,0.564,21.3,5827.0,4.471,0.933
K02845.01,CONFIRMED,2,1.574090323,1.5796,224.9,0.93,998.0,234.92,0.071,17.7,4313.0,4.662,0.65
K02846.01,FALSE POSITIVE,0,0.947738312,1.206,202.2,0.88,1229.0,537.85,0.022,13.9,4464.0,4.643,0.638
K02847.01,FALSE POSITIVE,0,1.099291188,1.765,282.6,1.37,1414.0,947.02,0.077,19.8,4878.0,4.5,0.843
K02848.01,CONFIRMED,2,13.7872627,5.747,75.1,1.55,894.0,150.64,0.921,23.9,5691.0,4.139,1.458
K00293.01,FALSE POSITIVE,0,4.63958598,2.768,83.4,1.52,1587.0,1496.31,0.014,28.1,6591.0,4.024,1.646
K02849.01,CONFIRMED,2,5.95958637,2.899,133.1,1.02,897.0,153.48,0.26,16.1,5452.0,4.535,0.9
K02850.01,FALSE POSITIVE,0,1.11431205,2.112,160.4,1.07,1635.0,1691.99,0.141,15.5,5776.0,4.554,0.849
K02929.01,FALSE POSITIVE,0,10.06478627,2.86,285.7,1.49,729.0,66.74,0.729,18.6,5438.0,4.574,0.82
K02930.01,FALSE POSITIVE,0,1.12976597,3.096,133.7,0.83,1429.0,987.44,0.338,14.3,5366.0,4.625,0.715
K02931.01,CONFIRMED,2,99.2532336,7.208,538.0,2.17,300.0,1.93,0.947,20.5,5010.0,4.623,0.715
K00301.01,CONFIRMED,2,6.002548291,4.1628,202.0,2.33,1209.0,504.79,0.914,71.6,6204.0,4.269,1.36
K02932.01,FALSE POSITIVE,0,3.84933401,2.299,503.9,2.12,1147.0,408.84,0.591,13.6,5984.0,4.521,0.906
K02933.01,FALSE POSITIVE,0,119.0833042,2.558,2951.0,22.19,240.0,0.78,1.257,18.9,4412.0,4.662,0.623
K02934.01,FALSE POSITIVE,0,0.637487312,1.9626,211.3,1.75,2334.0,7053.67,0.81,25.0,6173.0,4.39,1.083
K03030.01,FALSE POSITIVE,0,7.19552624,4.095,214.6,1.67,1037.0,273.05,0.593,15.6,6242.0,4.432,1.093
K03031.01,CANDIDATE,1,7.64809462,2.216,195.9,1.19,840.0,117.65,0.265,12.2,5641.0,4.554,0.85
K03032.01,CONFIRMED,2,0.636424848,0.947,217.9,1.31,1846.0,2754.93,0.319,18.1,5343.0,4.538,0.885
K03033.01,FALSE POSITIVE,0,8.55935323,4.303,148.8,1.21,921.0,169.77,0.744,20.4,6115.0,4.462,0.919
K03034.01,CANDIDATE,1,31.0209175,2.012,859.5,1.66,291.0,1.7,0.881,15.1,3720.0,4.764,0.48
K03035.01,FALSE POSITIVE,0,21.3419702,10.73,449.2,2.47,938.0,183.39,0.583,27.5,5761.0,4.438,0.997
K00309.01,FALSE POSITIVE,0,1.633107509,1.491,60.8,0.53,1083.0,324.97,0.35,21.7,4579.0,4.596,0.684
K03124.01,FALSE POSITIVE,0,4.8807805,9.4,79.0,0.48,706.0,58.98,0.581,15.9,4763.0,4.738,0.516
K03125.01,CONFIRMED,2,4.45342418,3.654,46.6,0.9,1331.0,740.51,0.569,16.3,6256.0,4.269,1.269
K03126.01,FALSE POSITIVE,0,2.21396685,4.374,81.6,0.84,1418.0,952.61,0.017,19.1,5986.0,4.461,0.93
K03127.01,CONFIRMED,2,9.705693,7.702,140.8,2.07,1001.0,237.46,0.941,14.2,5808.0,4.178,1.385
K03128.01,CANDIDATE,1,21.2360024,4.019,104.4,2.62,1048.0,285.21,0.205,15.7,6035.0,3.745,2.559
K00316.02,CONFIRMED,2,157.0659976,8.1289,551.4,2.63,350.0,3.53,0.004,50.9,5620.0,4.333,1.143
K03129.01,FALSE POSITIVE,0,25.503628,3.913,204.4,1.61,586.0,27.85,0.953,13.3,5815.0,4.54,0.877
K03243.01,FALSE POSITIVE,0,8.42943991,2.441,89.1,1.19,1029.0,265.39,0.82,19.7,6353.0,4.375,1.132
K03244.01,FALSE POSITIVE,0,214.715417,34.146,5211.2,71.79,602.0,31.0,0.981,161.3,5022.0,3.06,5.826
K03245.01,CONFIRMED,2,10.60052083,4.509,60.9,1.09,987.0,224.28,0.729,17.4,6035.0,4.212,1.303
K03246.01,CONFIRMED,2,0.689967868,1.1688,122.9,0.78,1539.0,1336.82,0.119,28.7,4872.0,4.615,0.726
K03247.01,FALSE POSITIVE,0,1.89132292,5.607,16.0,0.9,2799.0,14532.55,0.709,14.8,8482.0,4.089,2.106
K00323.01,CONFIRMED,2,5.83599485,2.062,553.3,1.92,884.0,144.5,0.129,11.2,5423.0,4.542,0.828
K03248.01,CANDIDATE,1,6.91261536,2.359,34.4,0.64,981.0,218.66,0.656,12.0,5761.0,4.383,1.044
K03338.02,FALSE POSITIVE,0,10.9938087,5.0403,1456.9,5.33,978.0,216.57,0.924,100.4,6553.0,4.366,1.157
K03339.01,CANDIDATE,1,23.1334494,3.602,456.3,2.55,638.0,39.2,0.954,21.6,5712.0,4.382,0.932
K03340.01,CANDIDATE,1,8.9539656,4.898,70.4,0.84,923.0,171.51,0.656,12.2,6168.0,4.452,0.947
K03340.02,CANDIDATE,1,13.7281373,5.304,106.6,1.06,800.0,97.06,0.748,15.4,6168.0,4.452,0.947
K03341.01,CANDIDATE,1,27.0965146,8.42,208.4,2.13,700.0,56.79,0.769,16.4,5775.0,4.193,1.352
K00330.02,CONFIRMED,2,1.88899036,3.486,59.0,0.83,1574.0,1449.92,0.011,18.2,5973.0,4.386,1.081
K03341.02,CANDIDATE,1,11.5474983,6.684,115.5,1.48,930.0,176.97,0.495,12.3,5775.0,4.193,1.352
K03425.01,CONFIRMED,2,20.034708,6.49,124.4,2.24,967.0,207.16,0.193,22.9,6120.0,3.934,2.0
K03425.02,CONFIRMED,2,3.15722086,3.762,49.7,1.41,1791.0,2436.47,0.001,17.4,6120.0,3.934,2.0
K03425.03,CANDIDATE,1,7.64370363,2.738,70.9,1.85,1334.0,748.7,0.785,13.2,6120.0,3.934,2.0
K03426.01,FALSE POSITIVE,0,58.7701045,6.995,224.4,1.57,508.0,15.78,0.551,13.2,6158.0,4.397,1.013
K03427.01,FALSE POSITIVE,0,39.206808648,6.24701,186978.0,50.2,516.0,16.82,0.81,1274.3,5945.0,4.545,0.861
K00338.01,CONFIRMED,2,7.0106324,3.0688,327.3,1.5,738.0,70.32,0.683,48.7,4908.0,4.567,0.782
K03428.01,CONFIRMED,2,64.6589166,7.71,235.4,2.12,535.0,19.39,0.083,13.9,5821.0,4.172,1.395
K03514.01,FALSE POSITIVE,0,428.32173928,40.5992,316995.0,49.76,220.0,0.56,0.531,4594.8,5662.0,4.532,0.806
K03515.01,FALSE POSITIVE,0,82.137609997,6.11904,210772.0,197.85,640.0,39.55,1.221,3583.1,6395.0,3.904,2.012
K03516.01,FALSE POSITIVE,0,24.0612744,19.9438,440146.0,83.77,749.0,74.37,0.461,1161.1,6461.0,4.338,1.138
K03517.01,FALSE POSITIVE,0,66.36099916,20.0614,416737.0,61.42,420.0,7.33,0.486,1866.7,5583.0,4.463,0.857
K00343.03,CONFIRMED,2,41.8085031,7.797,190.4,1.67,582.0,27.15,0.011,27.3,5794.0,4.263,1.225
K03518.01,FALSE POSITIVE,0,8.939461148,6.19136,357832.0,153.32,1407.0,926.24,0.558,2427.5,6461.0,3.846,2.225
K03520.01,CANDIDATE,1,135.58607679,5.54241,363134.0,89.83,429.0,7.99,0.549,6788.8,6401.0,4.324,1.301
K03614.01,FALSE POSITIVE,0,2.992662857,2.5258,113705.0,60.35,1476.0,1123.54,0.001,296.8,4927.0,3.883,1.837
K03615.01,FALSE POSITIVE,0,4.664188563,3.773,11360.5,52.09,1221.0,525.46,1.254,272.6,5699.0,4.192,1.215
K03616.01,FALSE POSITIVE,0,0.56493412,2.57621,252639.0,33.4,1458.0,1071.88,0.691,1361.5,4748.0,4.729,0.534
K03617.01,FALSE POSITIVE,0,1.674984844,4.92134,234579.0,150.48,3055.0,20561.29,0.731,858.8,8285.0,3.971,2.451
K03618.01,FALSE POSITIVE,0,10.636305846,5.17212,216063.0,64.91,1110.0,358.62,0.398,1419.0,6781.0,4.221,1.345
K03619.01,FALSE POSITIVE,0,2.1032389,6.4774,24852.5,36.63,1238.0,555.0,1.209,625.1,5546.0,4.587,0.786
K03620.01,FALSE POSITIVE,0,46.698200933,3.57049,54592.5,38.79,468.0,11.31,1.131,879.0,5772.0,4.518,0.756
K03708.01,FALSE POSITIVE,0,1.433262401,6.2205,428557.0,136.47,2691.0,12427.14,0.382,599.8,7311.0,4.013,1.959
K03709.01,FALSE POSITIVE,0,205.5833309,6.0353,24872.0,42.69,323.0,2.58,1.215,216.1,6328.0,4.516,0.915
K03710.01,FALSE POSITIVE,0,4.309067482,2.21,23647.0,101.41,882.0,142.6,1.993,82.0,4897.0,4.526,0.789
K03711.01,FALSE POSITIVE,0,111.0396205,25.751,9356.2,8.6,335.0,2.97,0.851,201.9,5470.0,4.509,0.777
K03712.01,FALSE POSITIVE,0,3.187087241,7.2897,129093.0,928.96,4037.0,62743.06,0.665,197.0,4599.0,2.137,23.673
K03713.01,FALSE POSITIVE,0,1.023470248,2.3804,129526.0,100.39,1807.0,2522.39,1.409,262.2,5780.0,4.438,1.0
K03714.01,FALSE POSITIVE,0,0.875267982,1.6038,11701.0,39.19,1910.0,3157.34,1.258,44.9,5821.0,4.402,0.898
K03804.01,FALSE POSITIVE,0,2.81753381,2.1551,3836.0,52.91,1494.0,1180.61,1.373,39.3,6313.0,4.325,1.098
K03805.01,FALSE POSITIVE,0,56.6993107,7.0706,5824.7,539.16,1261.0,598.36,1.264,76.3,4727.0,2.497,13.547
K03806.01,FALSE POSITIVE,0,161.252247,23.467,2185.9,4.49,303.0,2.0,0.892,84.1,5555.0,4.502,0.811
K03807.01,FALSE POSITIVE,0,1.801863222,7.2492,262582.0,145.36,2721.0,12930.1,0.681,463.4,7479.0,3.919,2.324
K03808.01,FALSE POSITIVE,0,54.77145968,37.1871,7224.8,34.32,777.0,86.12,0.637,751.1,5145.0,3.466,3.866
K03809.01,FALSE POSITIVE,0,1.674690886,2.0179,527.4,29.78,1813.0,2558.96,1.212,118.6,6397.0,4.331,1.157
K03810.01,FALSE POSITIVE,0,1.013774136,1.2774,33878.0,18.59,827.0,110.51,1.161,166.8,3644.0,4.871,0.389
K03905.01,FALSE POSITIVE,0,1.061934313,3.194,607.0,15.14,1104.0,352.77,1.218,70.0,4304.0,4.675,0.566
K03906.01,FALSE POSITIVE,0,2.406574511,3.4382,738.0,26.22,1481.0,1140.2,1.187,63.9,6167.0,4.428,1.107
K03907.01,CANDIDATE,1,28.64338839,1.2246,624.3,5.82,871.0,136.32,0.968,23.1,6507.0,4.002,1.767
K03908.01,CONFIRMED,2,59.3627946,13.972,233.6,2.23,566.0,24.33,0.001,51.5,5786.0,4.106,1.471
K03909.01,CANDIDATE,1,247.891041,18.363,956.6,4.74,367.0,4.27,0.002,34.6,6121.0,4.163,1.536
K03910.01,FALSE POSITIVE,0,2.199076661,6.11,777.4,21.72,1179.0,457.33,1.22,56.2,5310.0,4.565,0.791
K03911.01,CONFIRMED,2,1.79110997,2.0917,167.5,1.29,1549.0,1356.76,0.028,24.3,6040.0,4.469,0.999
K03999.01,FALSE POSITIVE,0,3.43525124,4.509,152.2,25.43,1579.0,1468.73,1.121,6.3,5854.0,4.014,1.742
K04000.01,FALSE POSITIVE,0,0.962828092,4.411,63.0,40.82,3553.0,37544.87,1.101,22.7,6552.0,3.594,3.44
K04001.01,FALSE POSITIVE,0,1.081935491,5.136,202.9,0.99,1364.0,819.14,0.0,33.9,4938.0,4.569,0.718
K04002.01,CONFIRMED,2,0.524175803,0.7648,236.8,1.27,1891.0,3049.23,0.318,22.4,5278.0,4.576,0.815
K04003.01,FALSE POSITIVE,0,1.89129881,5.294,82.0,0.86,1414.0,944.68,0.699,29.8,5806.0,4.507,0.893
K04004.01,CONFIRMED,2,4.94330596,2.9334,126.2,1.41,1058.0,296.74,0.928,27.7,5661.0,4.415,1.008
K04005.01,CONFIRMED,2,178.139072,9.654,678.8,2.25,291.0,1.7,0.042,20.3,5431.0,4.496,0.879
K04097.01,CONFIRMED,2,2.790643481,0.6871,202.0,0.99,816.0,104.74,0.787,20.2,4353.0,4.681,0.603
K04097.02,FALSE POSITIVE,0,4.44902309,1.373,88.9,0.55,699.0,56.19,0.034,10.4,4353.0,4.681,0.603
K04098.01,CANDIDATE,1,1.121733366,1.032,84.3,2.39,2384.0,7641.15,0.464,13.6,5023.0,3.682,2.571
K04099.01,CONFIRMED,2,4.95060632,1.719,309.5,1.28,885.0,145.23,0.458,17.4,5431.0,4.623,0.717
K04100.01,FALSE POSITIVE,0,379.08202,33.87,1609.1,23.99,253.0,0.97,1.181,23.2,5982.0,4.493,0.96
K04102.01,FALSE POSITIVE,0,1.89124187,4.415,105.8,0.93,1312.0,698.9,0.198,20.8,5285.0,4.474,0.927
K04103.01,CONFIRMED,2,184.77271,9.568,951.4,2.41,268.0,1.21,0.04,21.0,5273.0,4.566,0.801
K02681.01,CONFIRMED,2,135.4978256,6.769,5038.1,6.01,295.0,1.8,0.804,73.2,5307.0,4.572,0.757
K02681.02,CONFIRMED,2,22.2508509,1.745,618.7,2.07,539.0,20.01,0.771,11.4,5307.0,4.572,0.757
K02682.01,FALSE POSITIVE,0,8.53161917,2.9596,65744.0,54.6,891.0,148.92,1.118,86.1,5780.0,4.438,1.0
K02683.01,CANDIDATE,1,126.4451275,16.7151,3252.5,4.49,321.0,2.51,0.046,110.9,5613.0,4.581,0.795
K02684.01,FALSE POSITIVE,0,2.8736467,1.682,215.7,6.47,2866.0,15977.28,0.985,21.2,8173.0,3.744,3.169
K02685.01,FALSE POSITIVE,0,2.846517614,4.228,2154.4,1.88,528.0,18.32,0.931,58.0,3468.0,4.931,0.32
K02686.01,CONFIRMED,2,211.032819,7.119,1953.4,3.43,215.0,0.5,0.808,69.3,4658.0,4.632,0.686
K02756.01,CONFIRMED,2,0.665025941,1.7542,104.7,1.11,2174.0,5246.66,0.448,26.5,5884.0,4.408,1.07
K02757.01,CONFIRMED,2,234.635652,6.965,868.5,2.56,267.0,1.2,0.025,26.7,5422.0,4.481,0.885
K02758.01,CANDIDATE,1,253.374581,22.889,1104.0,19.25,555.0,22.41,0.028,99.9,5177.0,3.216,5.949
K02759.01,CANDIDATE,1,1.07808492,0.8551,155.6,1.01,1417.0,951.61,0.287,22.9,4906.0,4.511,0.814
K02760.01,CONFIRMED,2,56.5732318,4.188,688.5,2.69,356.0,3.79,0.942,21.6,4701.0,4.54,0.775
K02761.01,FALSE POSITIVE,0,1.846861455,1.6605,648.6,2.23,1337.0,753.4,0.48,35.9,5591.0,4.559,0.86
K02762.01,CONFIRMED,2,132.9955503,7.436,1275.4,2.51,241.0,0.8,0.703,29.3,4523.0,4.636,0.659
K02851.01,CONFIRMED,2,3.42064689,1.767,356.8,2.27,1129.0,382.68,0.92,13.9,5370.0,4.411,0.966
K02851.02,CANDIDATE,1,1.23935745,1.683,150.9,1.5,1583.0,1488.51,0.932,9.7,5370.0,4.411,0.966
K02852.01,CONFIRMED,2,0.675650404,1.8261,200.7,1.36,2085.0,4473.06,0.03,22.4,5966.0,4.493,0.961
K02853.01,CANDIDATE,1,1.407020118,1.3766,181.9,1.12,1350.0,782.45,0.167,18.9,5022.0,4.485,0.849
K02854.01,FALSE POSITIVE,0,0.755111225,3.164,168.0,1.38,1999.0,3759.62,0.694,76.4,5780.0,4.438,1.0
K02855.01,CANDIDATE,1,1.400755743,1.0562,144.4,1.3,1628.0,1659.74,0.413,19.8,5487.0,4.333,1.072
K02856.01,CONFIRMED,2,25.8730914,5.085,694.4,2.88,667.0,46.82,0.196,20.1,6036.0,4.382,1.093
K02935.01,CANDIDATE,1,27.8813154,6.346,209.2,1.54,681.0,50.86,0.168,15.5,6434.0,4.414,1.055
K02936.01,CONFIRMED,2,6.4802138,3.27,142.0,1.26,934.0,180.05,0.725,13.7,5496.0,4.417,0.983
K02937.01,FALSE POSITIVE,0,20.733748565,6.28773,417340.0,69.8,661.0,45.06,0.479,2236.7,5620.0,4.363,0.974
K02938.01,FALSE POSITIVE,0,24.238241803,4.16665,461962.0,102.31,793.0,93.68,0.426,1126.4,6457.0,4.259,1.365
K02939.01,FALSE POSITIVE,0,11.258825027,8.9592,196280.0,87.18,1080.0,322.25,0.805,6395.7,6217.0,4.052,1.464
K02941.01,FALSE POSITIVE,0,4.30908594,1.52,160.8,1.62,1172.0,445.13,0.871,17.0,5754.0,4.348,1.097
K02942.01,CANDIDATE,1,13.84301228,4.077,567.8,1.98,699.0,56.45,0.052,17.5,5745.0,4.559,0.837
K03036.01,FALSE POSITIVE,0,161.239891,24.472,1075.4,3.48,294.0,1.77,0.946,23.0,5514.0,4.569,0.826
K03037.01,CANDIDATE,1,5.4654174,3.209,219.5,1.23,927.0,174.08,0.301,14.2,5612.0,4.566,0.829
K03038.01,CONFIRMED,2,1.4951513,3.43,52.0,1.44,1870.0,2880.38,0.974,14.2,5635.0,4.117,1.452
K03039.01,CONFIRMED,2,20.3504704,7.225,101.8,1.01,695.0,55.07,0.192,16.6,5952.0,4.41,1.002
K03040.01,CANDIDATE,1,4.8099878,1.97,288.2,1.59,1077.0,317.8,0.2,13.6,5988.0,4.507,0.934
K03041.01,CANDIDATE,1,5.08288076,2.515,108.0,1.15,1183.0,462.96,0.389,12.5,6217.0,4.375,1.083
K03042.01,CANDIDATE,1,31.0259489,5.692,385.4,1.91,595.0,29.67,0.153,12.7,6075.0,4.486,0.969
K03130.01,CONFIRMED,2,14.8638496,2.705,220.6,2.9,620.0,35.04,1.006,12.3,5159.0,4.508,0.8
K03130.02,CONFIRMED,2,5.65245733,2.062,121.0,1.05,856.0,127.1,0.889,11.7,5159.0,4.508,0.8
K03131.01,CONFIRMED,2,10.9294815,5.893,196.9,1.21,770.0,83.14,0.197,14.3,5792.0,4.547,0.864
K03132.01,FALSE POSITIVE,0,0.536650319,2.383,41.9,1.35,3195.0,24688.55,0.61,31.0,6020.0,3.922,2.0
K03134.01,FALSE POSITIVE,0,0.865759153,0.8408,191.6,1.53,2100.0,4616.69,0.38,18.7,6249.0,4.428,1.076
K03135.01,FALSE POSITIVE,0,1.332562831,6.24,297.9,24.29,1532.0,1301.29,1.241,37.3,5718.0,4.549,0.863
K03136.01,CONFIRMED,2,2.39161966,1.906,189.2,0.93,1031.0,266.01,0.299,13.6,4935.0,4.589,0.685
K03249.01,FALSE POSITIVE,0,0.918420801,3.533,56.7,1.14,2374.0,7502.5,0.656,40.3,6210.0,4.166,1.434
K03250.01,FALSE POSITIVE,0,0.573709256,1.4932,131.2,7.05,4415.0,90258.45,0.69,37.5,5261.0,3.13,5.769
K03253.01,FALSE POSITIVE,0,1.89127438,4.491,32.3,2.03,3342.0,29488.85,0.514,24.6,7919.0,3.663,3.46
K03254.01,FALSE POSITIVE,0,1.33256944,3.89,20.6,0.46,1624.0,1636.72,0.456,18.8,5655.0,4.431,0.998
K03255.01,CONFIRMED,2,66.6504521,5.744,536.9,1.56,308.0,2.14,0.433,27.1,4550.0,4.627,0.679
K03257.01,FALSE POSITIVE,0,45.4333769,6.351,905.8,2.23,315.0,2.34,0.959,18.1,4371.0,4.712,0.559
K03258.01,CANDIDATE,1,40.3511707,3.97,533.5,1.88,479.0,12.46,0.079,11.3,5665.0,4.568,0.82
K03342.01,FALSE POSITIVE,0,42.39930429,18.3609,205992.0,44.7,542.0,20.46,0.336,2261.9,6153.0,4.487,0.962
K03343.01,CANDIDATE,1,83.2664103,2.813,620.0,2.89,439.0,8.78,0.029,10.9,5538.0,4.266,1.18
K03344.01,CONFIRMED,2,11.6044881,3.409,267.6,1.88,841.0,118.5,0.118,14.5,5533.0,4.275,1.166
K03344.02,CONFIRMED,2,3.63898953,2.252,209.6,1.68,1238.0,555.71,0.32,16.0,5533.0,4.275,1.166
K03344.03,CANDIDATE,1,208.54335,9.851,614.6,2.84,321.0,2.52,0.001,10.4,5533.0,4.275,1.166
K03345.01,CONFIRMED,2,38.1303324,6.53,180.4,1.54,613.0,33.43,0.562,11.6,6370.0,4.41,1.106
K03346.01,CONFIRMED,2,14.42735088,4.857,117.0,1.53,783.0,88.9,0.977,21.5,5929.0,4.403,1.04
K03429.01,CANDIDATE,1,15.8283833,3.643,227.5,1.8,758.0,78.2,0.623,9.8,5596.0,4.298,1.145
K03429.02,CONFIRMED,2,8.74192361,4.235,295.7,1.94,924.0,172.38,0.025,18.5,5596.0,4.298,1.145
K03429.04,CANDIDATE,1,44.433726,6.118,239.6,1.85,538.0,19.73,0.624,8.0,5596.0,4.298,1.145
K03430.01,CANDIDATE,1,13.9248005,5.016,195.2,0.9,588.0,28.27,0.021,11.2,5271.0,4.669,0.648
K03431.01,FALSE POSITIVE,0,19.6001405,8.613,282.0,2.08,676.0,49.23,0.971,19.7,6003.0,4.507,0.932
K03432.01,CONFIRMED,2,48.0506878,7.999,274.5,2.36,564.0,23.9,0.186,15.1,5332.0,4.083,1.453
K03433.01,CANDIDATE,1,34.08429351,1.3521,3746.0,36.05,506.0,15.46,1.28,28.7,5252.0,4.428,0.922
K03521.01,FALSE POSITIVE,0,131.97827736,7.14981,345935.0,147.83,457.0,10.32,0.58,3766.3,4916.0,3.717,2.182
K03522.01,CANDIDATE,1,241.07074582,9.88863,70291.7,76.53,699.0,56.58,0.418,4257.4,9414.0,3.883,2.777
K03523.01,FALSE POSITIVE,0,106.17593813,10.4168,164738.0,54.91,441.0,8.94,0.718,7056.8,6038.0,4.254,1.141
K03524.01,FALSE POSITIVE,0,184.6467208,18.9869,410274.0,72.8,320.0,2.49,0.492,1113.2,5713.0,4.414,1.023
K03525.01,FALSE POSITIVE,0,6.282033445,8.3777,181787.0,144.85,1029.0,264.78,1.777,1178.0,6074.0,4.45,0.976
K03526.01,FALSE POSITIVE,0,143.1188694,16.8109,255714.0,53.3,321.0,2.5,0.703,1638.0,5713.0,4.554,0.851
K03527.01,FALSE POSITIVE,0,76.81985465,5.16249,229165.0,46.61,379.0,4.88,0.728,2314.5,5654.0,4.59,0.774
K00351.03,CONFIRMED,2,59.7371443,8.0006,566.4,2.84,520.0,17.26,0.005,43.5,5970.0,4.317,1.2
K03621.01,FALSE POSITIVE,0,4.39451798,2.9527,223616.0,65.76,554.0,22.27,1.566,249.5,3695.0,4.773,0.483
K03622.01,FALSE POSITIVE,0,3.125821128,2.2163,5025.4,110.58,2087.0,4481.76,1.269,245.2,6137.0,3.705,2.852
K03623.01,FALSE POSITIVE,0,1.032068851,2.1344,121993.0,44.35,1221.0,523.01,1.014,140.0,4387.0,4.587,0.711
K03624.01,FALSE POSITIVE,0,1.450205839,3.6373,25883.7,92.78,2675.0,12063.44,1.236,419.0,7564.0,4.093,1.893
K03625.01,FALSE POSITIVE,0,3.224486463,4.61686,403734.0,79.08,1456.0,1060.42,0.421,1905.1,6389.0,4.331,1.16
K03715.01,FALSE POSITIVE,0,9.84883968,5.7425,22012.0,63.42,1134.0,390.19,1.25,236.6,6938.0,4.281,1.31
K00354.01,CONFIRMED,2,15.95995611,4.3149,523.2,2.27,721.0,63.95,0.526,70.9,5936.0,4.501,0.965
K03716.01,FALSE POSITIVE,0,10.23335969,7.55,449.2,2.47,938.0,183.39,0.583,27.5,5761.0,4.438,0.997
K03716.02,FALSE POSITIVE,0,10.23273611,1.55,449.2,2.47,938.0,183.39,0.583,27.5,5761.0,4.438,0.997
K03717.01,FALSE POSITIVE,0,227.6625222,5.5072,13894.8,44.24,319.0,2.46,1.25,227.5,6124.0,4.414,1.007
K03718.01,FALSE POSITIVE,0,1.06100873,2.6715,6367.1,9.14,1568.0,1434.99,0.882,174.9,5080.0,4.417,0.947
K03719.01,FALSE POSITIVE,0,0.623393802,1.40392,30192.2,28.21,1379.0,849.08,1.137,867.8,4330.0,4.628,0.639
K03811.01,CANDIDATE,1,290.1401717,2.1583,4836.0,11.58,304.0,2.02,0.935,69.1,5631.0,4.212,1.263
K03812.01,FALSE POSITIVE,0,1.78526527,6.2233,1733.1,41.19,1815.0,2563.99,1.262,123.1,6505.0,4.342,1.228
K00365.01,CONFIRMED,2,81.737872,6.6923,628.8,2.16,385.0,5.2,0.02,135.4,5559.0,4.502,0.873
K03813.01,CANDIDATE,1,4.8591441,3.8588,2183.6,6.9,1303.0,681.41,0.932,81.6,6586.0,4.361,1.207
K03814.01,FALSE POSITIVE,0,5.95077813,5.6,761.8,32.26,2366.0,7394.55,0.881,71.9,5122.0,2.886,9.828
K03815.01,CANDIDATE,1,4.7425521,1.11,3583.0,7.27,1159.0,426.49,0.851,10.9,6161.0,4.454,1.053
K03912.01,FALSE POSITIVE,0,7.77241144,5.272,286.9,1.69,938.0,183.58,0.317,18.9,6014.0,4.486,0.993
K03913.01,CANDIDATE,1,0.582895412,1.0528,587.5,5.87,2347.0,7152.6,1.011,87.0,6263.0,4.46,1.009
K00373.01,CONFIRMED,2,135.1879934,8.8191,663.4,2.32,345.0,3.33,0.023,85.8,5731.0,4.451,0.906
K03914.01,FALSE POSITIVE,0,12.42618005,28.1949,1522.8,3.48,551.0,21.8,0.935,113.1,4624.0,4.619,0.684
K03915.01,FALSE POSITIVE,0,2.189090653,5.2094,1027.1,23.25,1185.0,466.32,1.238,78.3,5401.0,4.593,0.777
K03916.01,CONFIRMED,2,5.33905606,1.6415,755.5,1.9,817.0,105.25,0.02,28.9,5057.0,4.573,0.704
K03917.01,FALSE POSITIVE,0,0.695954898,1.469,318.1,2.58,2740.0,13264.33,0.103,8.5,6737.0,4.243,1.425
K04006.01,FALSE POSITIVE,0,12.4247333,16.828,40.5,1.47,1284.0,642.95,0.656,19.3,6632.0,3.86,2.193
K04007.01,CANDIDATE,1,11.4927112,7.764,291.5,25.01,858.0,127.97,1.212,18.7,6198.0,4.464,1.005
K00382.01,FALSE POSITIVE,0,3.900140077,3.77,543.1,23.78,1253.0,582.32,1.205,53.6,6407.0,4.48,0.955
K04008.01,FALSE POSITIVE,0,70.7511986,6.198,858.1,27.74,441.0,8.97,1.24,24.1,5771.0,4.4,0.936
K04009.01,CONFIRMED,2,175.13892,10.767,634.5,3.06,346.0,3.39,0.07,17.9,5497.0,4.243,1.241
K04009.02,CANDIDATE,1,77.792718,6.08,287.9,2.17,453.0,10.0,0.576,9.1,5497.0,4.243,1.241
K04010.01,FALSE POSITIVE,0,1.72853003,3.819,99.1,2.43,2492.0,9100.75,0.776,24.0,6701.0,3.882,2.237
K04103.02,CANDIDATE,1,14.2378417,4.86,193.0,1.1,629.0,37.02,0.314,10.5,5273.0,4.566,0.801
K00392.01,CONFIRMED,2,33.4160553,8.605,275.8,2.98,689.0,53.18,0.947,29.3,6007.0,4.178,1.42
K04106.01,FALSE POSITIVE,0,0.708563091,6.347,414.5,15.38,1587.0,1501.41,1.196,90.8,5271.0,4.669,0.648
K04108.01,FALSE POSITIVE,0,1.33256418,4.701,162.3,0.81,1262.0,602.26,0.559,20.7,5157.0,4.641,0.62
K04109.01,CANDIDATE,1,0.655939788,1.318,73.0,1.48,2411.0,7986.43,0.301,18.7,4968.0,3.924,1.755
K04110.01,FALSE POSITIVE,0,12.4258833,24.83,93.6,2.19,1006.0,242.04,0.982,34.4,5611.0,3.933,1.632
K04111.01,FALSE POSITIVE,0,1.8913182,4.374,202.3,0.9,983.0,221.36,0.439,17.6,4476.0,4.627,0.633
K02687.01,CONFIRMED,2,1.716828304,2.068,59.5,0.74,1455.0,1056.84,0.7,14.2,5808.0,4.522,0.902
K02687.02,CONFIRMED,2,8.16733851,3.337,104.9,1.03,865.0,132.43,0.801,14.8,5808.0,4.522,0.902
K00282.03,CONFIRMED,2,87.5177787,2.55,136.5,1.85,451.0,9.76,0.983,12.2,5903.0,4.304,1.137
K02688.01,CONFIRMED,2,5.424749327,1.139,7680.0,5.15,625.0,36.05,0.016,78.0,4137.0,4.658,0.591
K02689.01,CANDIDATE,1,165.3447044,3.09,4899.0,6.98,301.0,1.93,0.917,48.0,5594.0,4.52,0.812
K02690.01,CONFIRMED,2,3.606940379,1.0418,432.3,2.04,1046.0,283.23,0.857,20.8,5508.0,4.569,0.84
K02691.01,CANDIDATE,1,97.4463194,6.765,2141.1,3.05,283.0,1.52,0.063,62.8,4735.0,4.627,0.686
K02763.01,FALSE POSITIVE,0,0.498434645,0.955,239.2,1.08,1676.0,1873.28,0.288,26.8,4784.0,4.618,0.708
K00286.01,FALSE POSITIVE,0,23.6272223,7.9,154.6,3.84,1358.0,804.44,0.711,65.8,8308.0,3.861,2.879
K02764.01,CANDIDATE,1,2.252976718,1.7131,467.9,1.19,795.0,94.26,0.157,21.7,4039.0,4.708,0.559
K02765.01,FALSE POSITIVE,0,2.75505467,3.426,85.5,1.74,1783.0,2387.41,0.738,27.8,6257.0,4.063,1.748
K02766.01,FALSE POSITIVE,0,1.572181216,7.219,219.5,77.12,3384.0,30903.98,1.149,48.2,6622.0,3.421,4.315
K02767.01,FALSE POSITIVE,0,1.28805834,3.419,92.6,1.08,1736.0,2142.23,0.214,28.1,5631.0,4.33,1.132
K02768.03,CANDIDATE,1,11.83271013,6.152,176.3,1.17,728.0,66.51,0.548,12.7,5639.0,4.551,0.859
K02857.01,CONFIRMED,2,20.2642023,4.664,185.3,2.12,770.0,82.92,0.914,19.9,5937.0,4.251,1.291
K00294.01,CONFIRMED,2,34.4359387,5.82,424.5,2.78,652.0,42.68,0.017,52.6,5929.0,4.243,1.363
K02857.02,CONFIRMED,2,7.44136102,4.554,79.7,1.33,1075.0,315.02,0.862,14.2,5937.0,4.251,1.291
K02858.01,FALSE POSITIVE,0,0.47462889,1.0194,331.3,1.43,1840.0,2691.55,0.377,31.2,4904.0,4.527,0.786
K02859.01,CONFIRMED,2,3.4462125,2.101,83.5,0.7,1015.0,251.24,0.704,15.6,5374.0,4.555,0.721
K02859.02,CONFIRMED,2,2.005414293,1.934,59.5,0.65,1216.0,516.85,0.874,13.9,5374.0,4.555,0.721
K02859.03,CANDIDATE,1,4.28886792,2.599,59.3,0.57,944.0,187.43,0.534,11.1,5374.0,4.555,0.721
K00301.02,CONFIRMED,2,11.44865823,4.953,75.2,1.32,975.0,213.39,0.824,21.9,6204.0,4.269,1.36
K02942.02,CONFIRMED,2,24.2758992,4.59,702.2,2.25,580.0,26.68,0.441,17.0,5745.0,4.559,0.837
K02943.01,CONFIRMED,2,54.4099612,9.314,193.0,1.56,513.0,16.35,0.157,20.8,5746.0,4.309,1.133
K02944.01,FALSE POSITIVE,0,9.12209336,4.347,906.8,28.17,863.0,131.35,1.236,22.2,5899.0,4.499,0.96
K02945.01,CONFIRMED,2,19.94752741,1.756,861.3,2.52,625.0,36.14,0.094,16.0,5749.0,4.547,0.864
K02946.01,CONFIRMED,2,15.1408916,4.359,476.8,1.93,714.0,61.42,0.136,20.1,5926.0,4.532,0.887
K02948.01,CONFIRMED,2,11.39169531,5.0,51.0,1.02,886.0,145.67,0.849,19.0,5557.0,4.198,1.249
K03043.01,CANDIDATE,1,3.08942807,3.214,85.3,1.07,1361.0,808.76,0.65,13.2,6137.0,4.418,1.103
K03044.01,FALSE POSITIVE,0,0.373684977,0.9621,456.8,2.25,2490.0,9009.0,0.86,53.8,5970.0,4.521,0.908
K03045.01,CONFIRMED,2,44.8702042,4.199,636.1,2.56,536.0,19.5,0.436,16.4,6122.0,4.471,0.996
K00312.01,CONFIRMED,2,11.57890926,2.7207,243.4,2.06,951.0,193.48,0.359,54.8,6156.0,4.284,1.303
K03047.01,FALSE POSITIVE,0,0.605223042,0.8986,232.3,1.14,1728.0,2099.47,0.109,20.7,5089.0,4.559,0.757
K03048.01,CONFIRMED,2,4.73292061,1.746,151.6,0.97,957.0,198.57,0.121,15.5,5595.0,4.581,0.796
K03049.01,CONFIRMED,2,22.4765952,3.437,481.4,1.21,419.0,7.27,0.176,13.3,4563.0,4.704,0.567
K03137.01,CANDIDATE,1,1.332035996,1.391,136.8,0.85,1365.0,823.09,0.137,12.6,5376.0,4.616,0.73
K03138.01,CONFIRMED,2,8.68910764,1.1627,1679.0,0.49,211.0,0.47,0.049,9.6,2703.0,5.274,0.118
K00316.03,CONFIRMED,2,7.305706326,1.4228,264.9,2.11,972.0,210.72,0.826,43.6,5620.0,4.333,1.143
K03138.02,CONFIRMED,2,19.5352551,1.013,1732.0,0.53,161.0,0.16,0.702,5.9,2703.0,5.274,0.118
K03140.01,CONFIRMED,2,5.68879083,2.55,241.5,0.99,645.0,40.88,0.39,13.8,4234.0,4.63,0.639
K03141.01,CONFIRMED,2,2.31941571,1.591,96.4,1.24,1490.0,1164.84,0.429,11.7,5624.0,4.256,1.248
K03142.01,CANDIDATE,1,27.9430245,6.125,308.6,2.21,718.0,62.74,0.052,12.3,6468.0,4.363,1.25
K03259.01,CANDIDATE,1,72.9332762,3.829,770.4,2.45,389.0,5.44,0.106,11.3,5316.0,4.47,0.902
K03260.01,CONFIRMED,2,56.6746666,5.516,883.1,4.01,522.0,17.59,0.626,22.7,5541.0,4.189,1.295
K00324.01,FALSE POSITIVE,0,1.089077863,2.4676,133.6,1.96,2359.0,7312.11,0.778,104.8,6280.0,4.098,1.551
K03261.01,CONFIRMED,2,12.27057043,3.002,295.5,1.67,811.0,102.25,0.026,18.7,6075.0,4.486,0.969
K03262.01,CONFIRMED,2,13.2274753,6.356,229.8,1.94,867.0,133.34,0.803,16.4,6269.0,4.405,1.155
K03263.01,CANDIDATE,1,76.87935893,2.3819,21272.0,7.71,202.0,0.4,0.864,131.0,3638.0,4.828,0.436
K03264.01,CANDIDATE,1,13.0151826,3.613,331.6,1.36,556.0,22.6,0.852,11.9,4794.0,4.622,0.643
K03347.01,CONFIRMED,2,12.90235874,2.446,354.4,1.49,675.0,48.99,0.382,15.7,5530.0,4.586,0.788
K03348.01,CONFIRMED,2,36.4337867,4.388,406.8,2.2,561.0,23.35,0.25,16.2,5566.0,4.329,1.099
K00331.01,CONFIRMED,2,18.68405716,6.9329,381.5,3.64,832.0,113.34,0.858,54.2,5548.0,4.038,1.614
K03348.02,CANDIDATE,1,17.7189786,4.102,176.8,1.44,713.0,61.01,0.05,9.7,5566.0,4.329,1.099
K03349.01,CONFIRMED,2,82.175197,8.664,546.4,2.24,441.0,8.92,0.015,20.8,6247.0,4.489,0.954
K03350.01,FALSE POSITIVE,0,29.015852933,7.19844,71432.1,1183.06,592.0,29.11,12.223,1268.8,5783.0,4.415,0.941
K03351.01,FALSE POSITIVE,0,77.36241476,12.1317,96585.8,41.66,362.0,4.08,0.995,1246.3,5359.0,4.57,0.79
K03434.01,CANDIDATE,1,10.2856373,3.043,134.9,1.24,864.0,131.91,0.378,10.4,5841.0,4.409,1.06
K03435.01,FALSE POSITIVE,0,24.2157996,4.359,322.2,1.58,596.0,29.84,0.207,13.6,5659.0,4.473,0.885
K00338.02,CONFIRMED,2,3.10762684,2.361,77.2,0.73,968.0,207.72,0.7,15.6,4908.0,4.567,0.782
K03436.01,CONFIRMED,2,44.2018402,4.949,235.6,1.14,409.0,6.59,0.348,18.6,5002.0,4.543,0.753
K03437.01,CONFIRMED,2,15.0330623,6.326,132.2,2.18,928.0,175.74,0.896,14.9,5849.0,4.076,1.601
K03437.02,CANDIDATE,1,34.7496038,4.548,227.1,3.51,702.0,57.44,0.984,11.4,5849.0,4.076,1.601
K03438.01,CONFIRMED,2,14.5565618,4.554,103.8,1.08,787.0,90.4,0.031,17.1,6065.0,4.452,1.061
K03528.01,FALSE POSITIVE,0,165.40574995,13.6363,66402.0,112.86,514.0,16.56,1.091,4958.6,6061.0,3.759,2.185
K00344.01,CONFIRMED,2,39.30944096,5.77,1132.1,2.87,488.0,13.46,0.028,122.9,5607.0,4.536,0.863
K03529.01,FALSE POSITIVE,0,71.661915163,6.33708,323613.0,55.04,365.0,4.18,0.612,1804.1,5075.0,4.497,0.824
K03530.01,FALSE POSITIVE,0,9.44942685,6.40303,488997.0,68.38,813.0,103.29,0.395,1246.3,5754.0,4.534,0.905
K03531.01,FALSE POSITIVE,0,70.58284717,8.81169,150931.0,50.88,435.0,8.45,0.882,2424.0,5973.0,4.516,0.904
K03532.01,FALSE POSITIVE,0,286.1755875,16.1025,328544.0,63.23,276.0,1.38,0.598,765.3,5904.0,4.471,0.946
K03626.01,FALSE POSITIVE,0,44.14579777,4.088,224228.0,62.24,504.0,15.25,0.864,434.9,5876.0,4.492,0.896
K03627.01,FALSE POSITIVE,0,4.218512654,3.62939,23416.8,16.67,1189.0,472.03,0.767,699.9,6185.0,4.472,0.991
K03627.02,FALSE POSITIVE,0,8.529991199,3.9954,20083.7,44.86,940.0,184.92,1.225,389.8,6185.0,4.472,0.991
K03628.01,FALSE POSITIVE,0,3.47140045,1.55,449.2,2.47,938.0,183.39,0.583,27.5,5761.0,4.438,0.997
K03629.01,FALSE POSITIVE,0,1.922862476,3.4594,101272.0,70.65,1827.0,2631.95,1.001,362.1,6408.0,4.246,1.303
K00351.04,CONFIRMED,2,91.9401253,9.195,482.9,2.62,450.0,9.71,0.025,34.4,5970.0,4.317,1.2
K03630.01,FALSE POSITIVE,0,7.061149921,3.33515,131257.0,43.71,842.0,118.87,0.912,631.5,5585.0,4.564,0.798
K03720.01,FALSE POSITIVE,0,213.3990406,6.5043,13929.5,35.2,468.0,11.32,0.981,370.9,6960.0,4.069,1.83
K03721.01,FALSE POSITIVE,0,6.40802979,2.9288,7784.1,51.44,1157.0,424.01,1.287,108.2,6261.0,4.293,1.194
K03722.01,FALSE POSITIVE,0,2.38920105,3.15,449.2,2.47,938.0,183.39,0.583,27.5,5761.0,4.438,0.997
K03723.01,FALSE POSITIVE,0,0.962835804,4.9844,14328.4,458.02,7100.0,602806.92,0.836,209.2,3982.0,1.464,32.244
K03724.01,FALSE POSITIVE,0,4.639602084,3.4636,25079.0,19.96,1285.0,643.95,0.634,131.0,6078.0,4.223,1.194
K00354.02,CONFIRMED,2,7.37867551,3.349,125.1,1.11,933.0,178.68,0.513,22.3,5936.0,4.501,0.965
K03725.01,FALSE POSITIVE,0,1.570518376,3.2035,2213.2,450.76,4106.0,67267.85,1.295,76.7,5314.0,2.782,11.82
K03816.01,FALSE POSITIVE,0,9.44942628,6.3064,1211.9,75.22,1192.0,476.13,1.217,81.1,5092.0,3.689,2.664
K03817.01,FALSE POSITIVE,0,0.933489066,1.41864,14259.0,48.01,1979.0,3648.49,1.243,374.5,5758.0,4.307,1.084
K03818.01,FALSE POSITIVE,0,1.908525084,4.169,218.9,3.74,3191.0,24558.81,0.015,26.9,9174.0,4.013,2.471
K03819.01,FALSE POSITIVE,0,0.867721348,4.8783,97653.0,67.0,2089.0,4487.7,0.987,587.9,5510.0,4.186,1.276
K03820.01,FALSE POSITIVE,0,161.252567,23.626,2911.5,5.04,318.0,2.41,0.869,94.7,5985.0,4.574,0.811
K03821.01,FALSE POSITIVE,0,0.569115097,3.5028,585597.0,156.15,3357.0,29827.37,0.444,229.6,7174.0,4.13,1.705
K03822.01,FALSE POSITIVE,0,2.529073751,1.8827,1572.9,25.8,1137.0,395.83,1.263,73.4,5465.0,4.598,0.766
K03918.01,FALSE POSITIVE,0,0.948951607,4.3809,458463.0,115.31,1853.0,2796.38,0.959,437.1,5780.0,4.438,1.0
K03919.01,FALSE POSITIVE,0,19.37070781,2.2466,653.2,108.54,1180.0,458.92,1.2,38.4,5321.0,3.416,4.335
K03920.01,FALSE POSITIVE,0,14.46993942,7.455,1235.3,85.84,1713.0,2033.61,1.027,41.9,4735.0,2.715,9.043
K03921.01,FALSE POSITIVE,0,1.278555003,1.4247,1478.0,5.19,1515.0,1241.92,0.979,93.8,5636.0,4.557,0.827
K03922.01,FALSE POSITIVE,0,66.1539783,5.896,6951.0,9.69,468.0,11.3,0.873,57.7,6077.0,4.471,0.999
K03923.01,FALSE POSITIVE,0,158.3226379,2.1881,4863.0,25.41,211.0,0.47,1.323,34.5,4340.0,4.67,0.572
K00374.01,CONFIRMED,2,172.7046083,11.347,659.1,2.85,355.0,3.77,0.004,92.9,5851.0,4.302,1.116
K04011.01,CANDIDATE,1,2.19068738,4.41,66.3,1.68,2017.0,3913.33,0.594,44.1,6208.0,3.973,1.975
K04013.01,FALSE POSITIVE,0,0.947730124,1.1171,152.5,2.82,3914.0,55681.21,0.473,18.0,9464.0,4.116,2.184
K04014.01,CONFIRMED,2,234.240739,12.925,464.1,3.41,329.0,2.77,0.944,27.7,5814.0,4.269,1.248
K04015.01,CONFIRMED,2,133.303247,7.342,1017.5,2.67,301.0,1.94,0.063,20.6,5064.0,4.474,0.864
K04016.01,CONFIRMED,2,125.4132302,2.3241,1345.0,3.14,266.0,1.18,0.822,22.6,4641.0,4.557,0.747
K04017.01,FALSE POSITIVE,0,21.5702917,40.4,148.7,29.53,888.0,146.81,1.155,41.0,6070.0,3.983,1.628
K00384.01,CONFIRMED,2,5.0800579,5.207,222.8,3.95,1673.0,1851.94,0.636,56.7,6049.0,3.769,2.52
K04112.01,FALSE POSITIVE,0,2.43585046,2.088,60.5,2.6,2544.0,9880.82,0.471,14.9,6501.0,3.613,3.247
K04113.01,FALSE POSITIVE,0,1.33255441,3.828,106.7,1.12,1743.0,2180.2,0.649,15.1,6099.0,4.456,1.028
K04114.01,FALSE POSITIVE,0,359.1015,11.461,496.5,2.37,285.0,1.56,0.317,12.9,6373.0,4.438,1.047
K04115.01,FALSE POSITIVE,0,0.941840589,5.06,388.3,27.05,2200.0,5547.35,1.198,23.0,6419.0,4.33,1.142
K04117.01,CONFIRMED,2,4.24263096,2.582,187.6,1.1,926.0,174.24,0.201,15.9,5072.0,4.521,0.825
K00392.02,CONFIRMED,2,12.6119685,6.372,76.5,1.33,953.0,194.9,0.709,12.2,6007.0,4.178,1.42
K04118.01,FALSE POSITIVE,0,1.231363214,5.8101,4774.7,10.75,1699.0,1973.12,0.969,112.7,5780.0,4.438,1.0
K02692.01,FALSE POSITIVE,0,1.257689465,0.8399,945.6,2.45,1513.0,1244.66,0.197,45.6,5676.0,4.571,0.787
K02693.01,CONFIRMED,2,4.081411554,2.3239,171.9,1.0,755.0,77.0,0.876,36.9,4498.0,4.661,0.635
K02693.02,CONFIRMED,2,11.41941928,3.3075,150.5,0.99,536.0,19.47,0.918,22.9,4498.0,4.661,0.635
K02693.03,CONFIRMED,2,6.83440674,2.2726,177.1,1.01,636.0,38.68,0.871,29.1,4498.0,4.661,0.635
K02694.01,CONFIRMED,2,0.843379985,1.4474,343.3,1.7,1541.0,1329.99,0.696,53.6,4818.0,4.481,0.856
K02694.02,CONFIRMED,2,6.56606941,1.8455,402.4,1.83,777.0,86.27,0.687,25.8,4818.0,4.481,0.856
K00283.01,CONFIRMED,2,16.09196369,2.8943,415.8,2.13,718.0,62.74,0.546,84.9,5680.0,4.414,1.016
K02769.01,FALSE POSITIVE,0,1.480323978,1.833,166.2,1.46,1743.0,2180.25,0.617,43.4,5996.0,4.342,1.081
K02770.01,CANDIDATE,1,205.385912,8.681,1248.7,2.11,200.0,0.38,0.008,24.3,4400.0,4.659,0.624
K02771.01,FALSE POSITIVE,0,0.814280672,2.326,134.9,1.91,2563.0,10224.99,0.701,12.3,6366.0,4.167,1.543
K02772.01,FALSE POSITIVE,0,0.643468999,1.1108,108.0,0.88,2001.0,3772.66,0.266,19.6,5670.0,4.452,0.843
K02773.01,FALSE POSITIVE,0,0.878855771,1.1014,269.7,1.57,1864.0,2857.19,0.41,25.3,5727.0,4.438,0.937
K00287.01,FALSE POSITIVE,0,14.170972781,3.7316,13496.5,20.88,1288.0,650.07,0.579,308.1,8347.0,4.231,1.715
K02774.01,FALSE POSITIVE,0,2.49432176,2.3269,8043.0,8.91,1342.0,766.49,0.069,43.2,5780.0,4.438,1.0
K02859.04,CANDIDATE,1,2.90512019,2.293,61.2,0.57,1075.0,314.96,0.417,13.2,5374.0,4.555,0.721
K02859.05,CANDIDATE,1,5.43103616,2.469,66.8,0.66,873.0,137.1,0.816,10.8,5374.0,4.555,0.721
K02860.01,CONFIRMED,2,103.4269873,5.03,950.1,3.16,416.0,7.08,0.013,17.8,6208.0,4.454,1.024
K02861.01,FALSE POSITIVE,0,1.868564038,1.192,176.7,1.4,1565.0,1417.56,0.456,17.2,6065.0,4.427,1.023
K02862.01,CANDIDATE,1,24.5752524,2.258,1003.4,1.64,316.0,2.35,0.489,12.1,3678.0,4.755,0.512
K00295.01,CONFIRMED,2,5.317440164,2.9331,292.5,1.94,1105.0,351.52,0.72,80.9,5923.0,4.377,1.054
K02863.01,FALSE POSITIVE,0,1.703359172,1.914,57.6,0.69,1525.0,1284.58,0.152,13.9,6026.0,4.503,0.904
K02949.01,CANDIDATE,1,10.1747037,5.179,52.4,1.04,985.0,222.53,0.726,11.8,5866.0,4.191,1.339
K02949.02,CANDIDATE,1,3.75030469,3.246,35.5,0.87,1374.0,842.07,0.77,10.3,5866.0,4.191,1.339
K02950.01,FALSE POSITIVE,0,0.422015793,1.23416,1291.9,6.69,2136.0,4962.18,1.017,304.4,5614.0,4.587,0.777
K02951.01,CONFIRMED,2,2.44358543,1.852,59.1,0.67,1249.0,574.37,0.258,11.9,5561.0,4.486,0.873
K00302.01,CONFIRMED,2,24.85466504,9.182,776.2,7.61,1095.0,339.33,0.746,88.0,6967.0,3.864,2.527
K02952.01,FALSE POSITIVE,0,1.7592691,2.381,140.4,1.21,1519.0,1254.94,0.564,13.5,5784.0,4.416,0.984
K02953.01,FALSE POSITIVE,0,0.945825494,1.8496,104.7,1.14,1989.0,3715.61,0.522,22.1,6116.0,4.44,1.084
K03050.01,CANDIDATE,1,1.242639742,1.763,159.3,1.02,1487.0,1159.26,0.152,16.1,5520.0,4.572,0.818
K03051.02,FALSE POSITIVE,0,1.33258772,5.187,70.8,1.13,1825.0,2625.26,0.634,16.0,5576.0,4.201,1.289
K03052.01,CANDIDATE,1,10.12956201,3.044,81.3,0.78,736.0,69.43,0.544,12.2,5383.0,4.528,0.842
K03052.02,CONFIRMED,2,15.6112238,3.873,113.5,0.91,637.0,38.99,0.468,15.7,5383.0,4.528,0.842
K03053.01,CONFIRMED,2,42.5217006,5.723,685.6,2.45,510.0,15.97,0.495,14.7,5911.0,4.519,0.914
K03053.02,CANDIDATE,1,9.4767057,3.893,230.5,1.38,841.0,118.13,0.003,8.6,5911.0,4.519,0.914
K03054.01,FALSE POSITIVE,0,0.544962596,1.085,247.9,1.03,1719.0,2074.18,0.459,18.3,5257.0,4.675,0.639
K03144.01,CONFIRMED,2,8.07394097,2.455,1056.0,1.59,420.0,7.33,0.928,16.0,3675.0,4.869,0.398
K03145.01,CONFIRMED,2,4.53702121,1.813,504.4,1.66,798.0,95.61,0.706,15.7,4805.0,4.633,0.688
K03145.02,CANDIDATE,1,0.977311489,1.403,250.7,1.06,1331.0,737.36,0.01,14.8,4805.0,4.633,0.688
K03146.01,CONFIRMED,2,39.859505,7.987,155.5,1.62,597.0,29.97,0.398,13.9,5675.0,4.209,1.292
K03147.01,CONFIRMED,2,39.4420781,7.029,172.4,2.51,682.0,51.14,0.42,15.2,5430.0,3.923,1.902
K03148.01,FALSE POSITIVE,0,11.50528603,2.098,260.2,1.83,912.0,163.79,0.461,11.4,6355.0,4.41,1.108
K00317.01,CONFIRMED,2,22.20809549,7.3327,463.2,3.02,803.0,98.36,0.017,92.7,6336.0,4.266,1.403
K03265.01,FALSE POSITIVE,0,29.47316279,6.4327,12568.5,48.98,565.0,24.07,1.362,179.3,5838.0,4.529,0.897
K03266.01,CONFIRMED,2,54.5091549,5.125,622.2,1.94,308.0,2.13,0.94,17.0,4406.0,4.67,0.603
K03267.01,CONFIRMED,2,14.1959621,3.605,196.2,1.66,818.0,105.7,0.786,14.1,6214.0,4.442,1.076
K03268.01,CANDIDATE,1,11.52482874,1.724,577.6,22.56,756.0,77.15,1.205,16.2,5592.0,4.472,0.892
K03269.01,FALSE POSITIVE,0,46.84008579,3.8198,6287.9,428.62,552.0,22.0,4.652,147.9,6006.0,4.33,1.055
K03270.01,FALSE POSITIVE,0,21.993112,8.616,1015.7,23.21,523.0,17.75,1.249,37.3,5205.0,4.604,0.747
K00325.01,FALSE POSITIVE,0,7.86335883,3.4303,467.3,7.84,1195.0,482.18,0.995,74.3,5731.0,4.005,1.913
K03352.01,CONFIRMED,2,10.35857039,2.577,273.7,1.68,860.0,129.28,0.074,15.1,5893.0,4.423,1.02
K03353.01,CONFIRMED,2,11.55532445,3.499,250.0,1.7,674.0,48.88,0.96,16.1,5149.0,4.506,0.803
K03354.01,CANDIDATE,1,11.5706005,3.073,211.9,1.33,771.0,83.39,0.416,9.6,5718.0,4.479,0.9
K03355.01,CANDIDATE,1,16.2953228,4.882,229.1,1.6,773.0,84.23,0.587,12.9,6187.0,4.432,1.013
K03356.01,CONFIRMED,2,26.0841212,6.141,259.7,1.35,598.0,30.24,0.092,13.8,6083.0,4.563,0.835
K03357.01,FALSE POSITIVE,0,52.802767576,5.6184,52110.3,75.82,472.0,11.73,1.473,1238.8,5835.0,4.492,0.901
K00331.02,CANDIDATE,1,10.52286678,1.911,130.2,23.26,1008.0,243.72,1.12,10.1,5548.0,4.038,1.614
K03439.01,CONFIRMED,2,41.7084063,8.567,330.0,2.19,608.0,32.24,0.671,24.3,6434.0,4.394,1.138
K03440.01,CONFIRMED,2,33.0257179,6.032,507.1,2.21,564.0,23.95,0.044,12.2,5819.0,4.468,0.99
K03440.02,FALSE POSITIVE,0,58.940569,4.769,570.3,2.48,465.0,11.06,0.643,9.2,5819.0,4.468,0.99
K03441.01,FALSE POSITIVE,0,25.366990665,5.9556,150581.0,56.02,665.0,46.09,0.86,2206.5,6208.0,4.454,1.024
K03442.01,FALSE POSITIVE,0,20.73376301,5.8043,104599.0,54.58,663.0,45.6,0.993,97.3,5780.0,4.438,1.0
K03443.01,CONFIRMED,2,96.169569,7.496,894.5,2.07,321.0,2.52,0.049,20.0,5340.0,4.633,0.702
K00339.01,CONFIRMED,2,1.980356674,2.4743,271.9,2.1,1662.0,1808.41,0.713,71.9,6078.0,4.29,1.189
K03533.01,FALSE POSITIVE,0,152.15144795,26.8612,151815.0,53.89,362.0,4.04,0.857,2163.4,6217.0,4.472,0.989
K03534.01,FALSE POSITIVE,0,29.911334059,7.26916,354377.0,47.83,471.0,11.68,0.559,1349.8,5303.0,4.632,0.704
K03535.01,FALSE POSITIVE,0,5.877122485,4.71655,362900.0,125.68,1402.0,913.57,0.547,1210.8,5702.0,3.807,1.821
K03536.01,FALSE POSITIVE,0,156.51657398,12.2259,113337.0,61.44,367.0,4.31,0.995,2016.1,6002.0,4.354,1.084
K03537.01,FALSE POSITIVE,0,1.366946478,3.37701,158643.0,43.45,1403.0,910.99,0.869,796.5,5353.0,4.527,0.757
K03538.01,FALSE POSITIVE,0,313.09275066,14.3447,445612.0,47.52,207.0,0.44,0.395,1952.3,5067.0,4.596,0.673
K00345.01,CONFIRMED,2,29.88487723,4.5612,1275.7,2.81,453.0,9.95,0.658,128.3,4883.0,4.549,0.749
K03631.01,FALSE POSITIVE,0,2.682767439,4.58143,394412.0,70.67,1310.0,695.41,0.509,508.4,5780.0,4.438,1.0
K03632.01,FALSE POSITIVE,0,3.711012492,3.3394,7559.8,46.24,1310.0,695.05,1.272,257.4,6141.0,4.365,1.117
K03633.01,FALSE POSITIVE,0,1.780982447,3.4297,357695.0,60.45,1502.0,1204.3,0.002,324.0,5780.0,4.438,1.0
K03634.01,FALSE POSITIVE,0,1.815632406,3.35773,61573.6,108.78,3429.0,32652.55,1.04,1413.9,9954.0,4.07,2.408
K03635.01,FALSE POSITIVE,0,2.115511511,8.5116,25805.0,36.16,897.0,152.34,1.278,153.3,4188.0,4.615,0.661
K03636.01,FALSE POSITIVE,0,2.446736567,5.0201,415859.0,71.52,1351.0,788.17,0.477,1037.3,5780.0,4.438,1.0
K03637.01,FALSE POSITIVE,0,21.3779536,24.872,255244.0,173.18,1062.0,300.32,0.0,101.9,4905.0,3.3,3.484
K03726.01,FALSE POSITIVE,0,115.9943364,2.4136,37571.0,13.66,265.0,1.16,0.028,102.4,4530.0,4.566,0.735
K03728.01,CONFIRMED,2,5.546083089,2.717,2211.0,22.27,2336.0,7027.09,0.902,56.4,7358.0,3.538,4.037
K03729.01,FALSE POSITIVE,0,6.87366398,7.0845,9766.9,12.01,859.0,128.52,0.958,143.2,5662.0,4.575,0.805
K03729.02,FALSE POSITIVE,0,6.87366412,4.85,449.2,2.47,938.0,183.39,0.583,27.5,5761.0,4.438,0.997
K03730.01,FALSE POSITIVE,0,0.668483494,2.4129,722770.0,138.76,2082.0,4439.53,0.773,334.3,5780.0,4.438,1.0
K03731.01,FALSE POSITIVE,0,1.070272827,4.2844,9886.5,28.73,1224.0,528.52,1.269,284.0,4628.0,4.651,0.653
K03732.01,FALSE POSITIVE,0,1.135930136,4.5036,27247.4,52.05,1836.0,2683.57,1.282,551.7,6247.0,4.489,0.954
K00366.01,CANDIDATE,1,75.1122132,4.9458,3751.5,23.23,777.0,86.18,0.838,384.0,6201.0,3.616,3.354
K03823.01,CANDIDATE,1,202.1168173,4.683,2701.2,5.8,286.0,1.59,0.906,56.3,5536.0,4.498,0.917
K03824.01,FALSE POSITIVE,0,0.916326699,3.1427,96384.0,50.7,1917.0,3196.67,0.988,251.6,6046.0,4.486,0.972
K03825.01,FALSE POSITIVE,0,2.845746618,13.0719,557741.0,135.99,1667.0,1822.75,0.126,829.1,5641.0,3.948,1.776
K03826.01,FALSE POSITIVE,0,2.30120705,25.08,1688.1,28.64,1254.0,583.42,1.262,132.5,5641.0,4.554,0.85
K03828.01,FALSE POSITIVE,0,8.58965725,8.9793,1161.5,27.86,828.0,111.01,1.249,107.8,5697.0,4.539,0.892
K03829.01,FALSE POSITIVE,0,3.886730304,16.1723,372425.0,61.58,1158.0,424.65,0.0,280.6,5780.0,4.438,1.0
K03924.01,FALSE POSITIVE,0,1.592634161,8.9488,155156.0,100.2,2255.0,6128.09,0.877,1207.6,6574.0,4.061,1.768
K03925.01,CONFIRMED,2,9.2075634,3.365,1243.1,5.5,972.0,211.08,0.898,43.4,5678.0,4.215,1.303
K03925.02,CONFIRMED,2,2.5903958,2.088,330.9,2.55,1484.0,1147.44,0.725,18.3,5678.0,4.215,1.303
K03925.03,CONFIRMED,2,5.3235335,2.714,342.4,2.69,1167.0,438.71,0.804,14.6,5678.0,4.215,1.303
K03926.01,FALSE POSITIVE,0,0.831741499,2.297,1231.1,41.62,2198.0,5501.14,1.298,110.9,6343.0,4.408,1.14
K03927.01,FALSE POSITIVE,0,4.44737112,19.45,224.4,2.06,1068.0,307.65,0.978,93.0,5472.0,4.382,0.981
K03928.01,CONFIRMED,2,1.138548215,2.1482,66.2,1.45,2537.0,9805.45,0.545,31.5,6520.0,4.01,1.713
K04018.01,FALSE POSITIVE,0,0.868723418,1.4617,197.1,1.87,1998.0,3776.5,0.947,23.8,5761.0,4.331,1.046
K04020.01,FALSE POSITIVE,0,0.566803149,1.643,246.0,1.93,2380.0,7612.11,0.822,52.6,6147.0,4.435,1.096
K04021.01,CANDIDATE,1,7.23531329,3.338,112.2,1.53,1207.0,501.36,0.326,14.0,6422.0,4.219,1.421
K04021.02,CANDIDATE,1,4.93211932,3.144,50.5,1.02,1372.0,837.01,0.034,7.5,6422.0,4.219,1.421
K04022.01,CANDIDATE,1,4.85819429,5.356,76.3,2.04,1685.0,1904.91,0.086,25.2,6109.0,3.78,2.326
K04023.01,FALSE POSITIVE,0,119.0192648,8.1,1977.0,4.44,350.0,3.53,0.79,31.1,5754.0,4.534,0.905
K04024.01,CONFIRMED,2,8.40693068,1.866,167.1,1.95,1048.0,285.67,0.015,6.8,5365.0,4.02,1.533
K04119.01,FALSE POSITIVE,0,0.755101928,3.044,119.8,0.91,1763.0,2287.46,0.464,18.1,5465.0,4.535,0.819
K04120.01,CANDIDATE,1,110.461746,12.46,331.2,1.93,420.0,7.34,0.036,15.8,6321.0,4.434,1.058
K04121.01,CONFIRMED,2,198.088873,7.955,1027.7,3.24,288.0,1.63,0.633,18.0,5275.0,4.397,0.969
K04122.01,FALSE POSITIVE,0,1.08193721,4.788,115.3,0.77,1385.0,870.17,0.168,14.4,4965.0,4.555,0.736
K04123.01,CANDIDATE,1,44.6226725,12.974,131.9,1.73,613.0,33.39,0.931,20.6,6198.0,4.252,1.239
K04125.01,FALSE POSITIVE,0,1.111362442,6.24,133.9,2.86,2820.0,14894.75,0.715,36.8,6486.0,3.872,2.308
K04126.01,CONFIRMED,2,8.10503551,4.459,209.9,1.45,959.0,199.74,0.353,16.5,6201.0,4.472,0.989
K02695.01,CANDIDATE,1,2.50343279,1.534,1156.0,20.23,1147.0,408.12,1.178,13.2,5174.0,4.483,0.84
K02696.01,CANDIDATE,1,96.4562198,11.195,950.5,9.1,727.0,65.96,0.775,54.6,7029.0,3.806,2.704
K02696.02,CANDIDATE,1,44.5643831,7.874,360.5,5.8,940.0,184.67,0.851,27.0,7029.0,3.806,2.704
K02697.01,FALSE POSITIVE,0,7.37453336,3.745,304.4,87.08,1654.0,1770.84,1.139,33.1,5028.0,3.289,4.991
K02698.01,CONFIRMED,2,87.9724227,14.638,866.7,3.39,446.0,9.37,0.015,64.6,5837.0,4.305,1.159
K02699.01,CONFIRMED,2,0.568874717,1.2177,378.4,1.49,1796.0,2473.19,0.05,50.4,5223.0,4.593,0.78
K02700.01,CANDIDATE,1,0.910020582,1.7956,358.1,1.12,1127.0,380.16,0.79,29.9,4297.0,4.725,0.533
K02775.01,CANDIDATE,1,17.57704569,2.022,670.0,27.21,673.0,48.33,1.25,19.1,5653.0,4.442,0.901
K02776.01,FALSE POSITIVE,0,1.00652785,1.3175,125.9,1.03,1815.0,2556.97,0.467,17.9,6089.0,4.527,0.889
K02777.01,FALSE POSITIVE,0,1.99566293,4.514,197.0,1.11,1182.0,462.26,0.564,21.9,5235.0,4.595,0.771
K02778.01,CONFIRMED,2,2.21571296,1.8211,285.1,1.7,1283.0,638.56,0.796,22.1,5417.0,4.447,0.901
K02779.01,CONFIRMED,2,34.4585495,7.434,431.0,1.88,559.0,23.05,0.626,23.7,6161.0,4.545,0.862
K02780.01,CONFIRMED,2,3.35184041,1.9855,345.3,1.88,1294.0,661.69,0.091,20.0,6198.0,4.464,1.005
K02781.01,FALSE POSITIVE,0,1.615758517,1.734,41.7,1.31,2158.0,5140.67,0.234,18.0,5622.0,3.813,2.017
K02864.01,FALSE POSITIVE,0,3.77881664,5.819,47.1,3.99,2580.0,10473.57,0.628,22.2,6115.0,3.267,5.544
K02865.01,CONFIRMED,2,1.311558909,1.919,141.3,1.15,1655.0,1776.99,0.218,17.2,5926.0,4.501,0.963
K02866.01,CONFIRMED,2,1.291233083,1.855,66.0,0.89,1887.0,2993.7,0.2,15.9,6384.0,4.419,1.086
K02867.01,FALSE POSITIVE,0,1.332560553,3.315,31.7,0.4,1249.0,574.99,0.37,26.1,4947.0,4.621,0.714
K02867.02,FALSE POSITIVE,0,18.936061,22.27,24.3,0.34,516.0,16.7,0.285,14.0,4947.0,4.621,0.714
K02868.01,CONFIRMED,2,10.65275054,2.684,740.7,2.2,737.0,69.81,0.051,17.5,5602.0,4.571,0.817
K02869.01,CONFIRMED,2,3.30040818,4.462,98.8,1.43,1543.0,1341.9,0.008,19.3,6333.0,4.229,1.438
K02954.01,FALSE POSITIVE,0,0.676715927,0.63,264.5,1.29,1735.0,2135.8,0.652,14.5,5334.0,4.56,0.733
K02955.01,FALSE POSITIVE,0,0.591280187,1.1656,135.0,1.3,2385.0,7620.01,0.395,21.6,6246.0,4.433,1.092
K02956.01,CONFIRMED,2,3.93766786,4.655,24.3,1.36,1947.0,3388.82,0.226,16.8,6277.0,3.728,2.741
K02957.01,CANDIDATE,1,4.64490141,2.456,106.4,0.76,832.0,113.62,0.058,11.7,4786.0,4.54,0.77
K02958.01,CANDIDATE,1,31.6084371,3.675,331.6,1.89,634.0,38.1,0.022,16.2,6341.0,4.446,1.033
K02959.01,CANDIDATE,1,16.1558656,3.798,731.3,2.04,455.0,10.1,0.973,17.5,4504.0,4.713,0.53
K02960.01,FALSE POSITIVE,0,1.465943491,1.513,52.3,1.6,2472.0,8804.6,0.211,15.8,6230.0,3.847,2.19
K00312.02,CONFIRMED,2,16.39926461,3.4108,220.8,1.94,847.0,121.53,0.115,46.4,6156.0,4.284,1.303
K03055.01,FALSE POSITIVE,0,0.566805887,5.2317,1.7,0.08,1554.0,1368.32,0.762,0.8,5000.0,4.708,0.549
K03056.01,CONFIRMED,2,6.69958851,2.831,253.7,1.24,806.0,99.83,0.0,13.6,5296.0,4.586,0.799
K03057.01,CONFIRMED,2,29.72722,3.45,1010.2,3.02,557.0,22.7,0.744,19.4,5815.0,4.54,0.877
K03057.02,CONFIRMED,2,10.61368712,3.498,559.8,2.06,785.0,89.65,0.024,18.9,5815.0,4.54,0.877
K03058.01,FALSE POSITIVE,0,7.53887442,3.147,342.1,1.33,751.0,75.14,0.727,13.6,5318.0,4.601,0.667
K03059.01,FALSE POSITIVE,0,0.53633519,1.0547,444.1,1.81,1974.0,3603.58,0.489,29.9,5508.0,4.569,0.84
K03152.01,FALSE POSITIVE,0,28.162612575,3.19576,37749.6,23.52,470.0,11.52,0.952,912.7,4936.0,4.54,0.761
K03153.01,FALSE POSITIVE,0,75.378956896,7.70352,539175.0,58.76,365.0,4.17,0.273,1886.6,5420.0,4.596,0.771
K03155.01,FALSE POSITIVE,0,161.2529031,24.3711,94008.0,59.07,652.0,42.81,0.227,576.6,9341.0,4.222,1.87
K03156.01,CANDIDATE,1,0.761119678,1.43,1112.0,27.81,2977.0,18660.94,1.129,9.7,6911.0,4.038,1.501
K03156.02,FALSE POSITIVE,0,1.434200327,5.968,3097.3,44.76,2410.0,7985.65,1.208,39.1,6911.0,4.038,1.501
K03156.03,FALSE POSITIVE,0,8.653098686,3.9071,60715.0,77.15,1324.0,725.95,1.11,262.6,6911.0,4.038,1.501
K03156.04,FALSE POSITIVE,0,94.212787,14.48,55654.0,35.89,597.0,30.09,0.001,112.3,6911.0,4.038,1.501
K03271.01,CONFIRMED,2,19.5489666,1.78,523.8,1.89,579.0,26.62,0.83,12.6,5549.0,4.6,0.732
K03271.02,CANDIDATE,1,7.41834569,2.462,234.0,1.12,800.0,96.9,0.049,11.2,5549.0,4.6,0.732
K03272.01,FALSE POSITIVE,0,23.0295222,7.96,548.2,20.81,645.0,40.87,1.173,27.7,5877.0,4.445,0.959
K03273.01,FALSE POSITIVE,0,27.6853358,4.661,1660.7,3.11,461.0,10.67,0.897,49.3,5216.0,4.673,0.639
K03274.01,CONFIRMED,2,35.6225528,4.845,651.1,2.24,523.0,17.67,0.261,9.6,5799.0,4.539,0.878
K03275.01,FALSE POSITIVE,0,37.32483952,6.9676,4989.2,30.32,461.0,10.67,1.263,155.6,5306.0,4.55,0.79
K03276.01,FALSE POSITIVE,0,25.951984,20.585,2340.2,36.8,626.0,36.39,1.266,131.4,5889.0,4.46,1.046
K03358.01,CANDIDATE,1,10.10404351,1.0022,1322.4,4.05,752.0,75.32,0.951,39.5,5530.0,4.541,0.831
K03359.01,FALSE POSITIVE,0,10.692230094,5.46939,376651.0,65.42,836.0,115.48,0.528,2402.0,6022.0,4.49,0.941
K03360.01,FALSE POSITIVE,0,91.4999978,19.5818,65496.0,21.86,335.0,2.98,0.736,1018.4,5263.0,4.572,0.774
K03361.01,CONFIRMED,2,65.9407869,7.776,580.4,2.33,454.0,10.04,0.332,19.8,5982.0,4.493,0.96
K03362.01,FALSE POSITIVE,0,30.47639859,17.9728,130569.0,43.01,542.0,20.39,0.92,236.2,5913.0,4.585,0.787
K03363.01,CONFIRMED,2,14.53260546,2.4212,328.9,1.69,746.0,73.37,0.112,29.0,6003.0,4.507,0.932
K03364.01,FALSE POSITIVE,0,15.7397651,3.297,287.7,1.18,536.0,19.54,0.077,11.2,4733.0,4.569,0.723
K03444.01,CANDIDATE,1,12.67143692,2.498,215.8,0.76,404.0,6.31,0.047,13.7,3705.0,4.721,0.529
K03444.02,FALSE POSITIVE,0,60.32668824,1.6864,3146.7,4.98,240.0,0.79,0.974,57.0,3705.0,4.721,0.529
K03444.03,CANDIDATE,1,2.63595435,1.309,93.7,0.5,682.0,51.07,0.005,9.2,3705.0,4.721,0.529
K03444.04,FALSE POSITIVE,0,14.1502311,1.503,208.1,0.74,390.0,5.44,0.013,9.3,3705.0,4.721,0.529
K03445.01,CONFIRMED,2,82.303914,15.404,737.0,4.47,485.0,13.05,0.859,22.3,5602.0,4.13,1.425
K03446.01,FALSE POSITIVE,0,11.9615433,3.129,424.5,2.24,847.0,121.71,0.576,12.4,6142.0,4.456,1.046
K03448.01,CANDIDATE,1,32.510844,3.254,361.9,2.62,680.0,50.56,0.421,12.6,6074.0,4.244,1.358
K03539.01,FALSE POSITIVE,0,157.32263943,21.9232,153932.0,56.66,351.0,3.61,0.888,1386.8,6109.0,4.472,0.989
K03541.01,CANDIDATE,1,421.42848194,8.60447,96654.3,54.16,335.0,2.97,0.356,3162.0,6235.0,4.034,1.708
K03542.01,FALSE POSITIVE,0,3.012476415,3.31903,198402.0,58.77,1388.0,879.89,0.708,2060.3,6015.0,4.329,1.088
K03543.01,FALSE POSITIVE,0,204.74104758,20.5357,333804.0,97.39,404.0,6.3,0.596,2000.2,6517.0,4.211,1.44
K03544.01,FALSE POSITIVE,0,4.664186517,4.0639,555376.0,278.81,1683.0,1896.44,0.29,445.7,5062.0,3.515,3.579
K03545.01,FALSE POSITIVE,0,1.092066399,2.97608,401890.0,40.74,1164.0,432.44,0.488,1160.6,4556.0,4.67,0.576
K03546.01,FALSE POSITIVE,0,4.286103033,2.6422,173359.0,25.8,686.0,52.42,0.544,397.1,4206.0,4.663,0.591
K03638.01,FALSE POSITIVE,0,4.350460215,2.5276,50424.0,533.08,1472.0,1107.34,4.203,247.2,6585.0,4.208,1.416
K03639.01,FALSE POSITIVE,0,22.77194512,10.1995,30246.0,251.93,1254.0,584.54,1.263,208.6,5073.0,3.02,4.61
K00351.05,CONFIRMED,2,8.71980135,3.7454,160.4,1.53,987.0,224.47,0.343,22.7,5970.0,4.317,1.2
K03640.01,FALSE POSITIVE,0,245.4382021,14.502,11311.6,19.17,289.0,1.66,1.001,844.7,5637.0,4.383,0.99
K03641.01,FALSE POSITIVE,0,178.4129899,2.9298,37510.0,33.24,361.0,4.0,0.936,535.1,6078.0,4.346,1.148
K03641.02,FALSE POSITIVE,0,178.44973004,12.86,449.2,2.47,938.0,183.39,0.583,27.5,5761.0,4.438,0.997
K03642.01,FALSE POSITIVE,0,2.192004364,3.075,99583.0,37.56,1118.0,369.54,1.003,298.7,5306.0,4.642,0.687
K03733.01,FALSE POSITIVE,0,31.43284649,5.3541,178874.0,57.21,577.0,26.19,0.815,154.0,5780.0,4.438,1.0
K03734.01,FALSE POSITIVE,0,9.72675447,19.6214,6641.6,995.22,1363.0,815.99,4.676,366.4,6327.0,3.84,2.433
K00355.01,CONFIRMED,2,4.903321801,2.8887,334.5,2.37,1247.0,570.65,0.016,84.5,6045.0,4.276,1.298
K03735.01,FALSE POSITIVE,0,8.096939227,2.8833,142891.0,68.48,1194.0,481.48,0.786,177.9,6572.0,4.208,1.418
K03736.01,FALSE POSITIVE,0,0.64234865,2.1184,39597.0,25.76,1829.0,2653.37,0.966,231.7,5441.0,4.553,0.791
K03737.01,FALSE POSITIVE,0,130.4194187,4.165,2290.9,57.51,473.0,11.79,1.258,90.4,5770.0,3.946,1.685
K03738.01,FALSE POSITIVE,0,15.85231085,4.8707,437862.0,679.44,725.0,65.17,6.286,252.4,5780.0,4.438,1.0
K03830.01,FALSE POSITIVE,0,1.031100362,2.9759,129157.0,27.35,1584.0,1491.65,0.293,178.5,5666.0,4.601,0.752
K03831.01,FALSE POSITIVE,0,0.597933142,3.47133,284383.0,63.46,2161.0,5169.99,0.634,1490.3,5780.0,4.438,1.0
K03832.01,FALSE POSITIVE,0,5.36652724,8.367,3122.5,7.97,982.0,219.72,0.985,50.7,5858.0,4.553,0.849
K03833.01,FALSE POSITIVE,0,49.5740154,63.196,8772.9,5.01,280.0,1.46,0.472,200.6,4040.0,4.714,0.527
K00367.01,CONFIRMED,2,31.578651216,2.12791,2125.4,4.52,570.0,24.94,0.04,324.3,5733.0,4.442,0.99
K03834.01,FALSE POSITIVE,0,1.540392098,3.7271,1022.0,17.63,1210.0,506.98,1.184,87.2,4911.0,4.564,0.724
K03835.01,CONFIRMED,2,47.1484324,3.1347,1113.8,2.58,391.0,5.5,0.668,54.5,4975.0,4.579,0.734
K03929.01,FALSE POSITIVE,0,121.0598037,3.112,1563.0,1680.99,1792.0,2437.81,1.2,16.6,3942.0,1.101,60.688
K03930.01,FALSE POSITIVE,0,3.28274272,8.9,292.8,1.85,1136.0,392.7,0.967,68.2,5741.0,4.533,0.82
K03931.01,FALSE POSITIVE,0,1.231361934,5.433,471.0,2.93,1839.0,2707.51,0.972,94.7,6095.0,4.378,1.016
K00376.01,FALSE POSITIVE,0,44.14599042,3.4015,4467.8,121.48,624.0,35.87,1.902,99.6,6692.0,4.383,1.152
K03932.01,FALSE POSITIVE,0,356.535835,5.467,3113.0,28.27,220.0,0.55,1.281,25.7,5385.0,4.532,0.75
K03933.01,CONFIRMED,2,3.490785878,1.4513,336.8,1.32,1010.0,245.65,0.116,32.7,5496.0,4.618,0.725
K03934.01,FALSE POSITIVE,0,1.92149487,1.891,1006.0,79.14,2382.0,7634.18,1.29,11.6,6831.0,3.959,2.247
K04025.01,FALSE POSITIVE,0,0.974479091,1.866,221.2,1.19,1513.0,1239.32,0.224,25.3,5043.0,4.502,0.819
K04026.01,FALSE POSITIVE,0,0.735146413,5.053,275.4,168.34,5366.0,195250.9,1.192,78.0,6611.0,3.112,7.435
K04027.01,FALSE POSITIVE,0,0.827351796,2.1885,44.7,0.9,2208.0,5583.73,0.544,30.6,5609.0,4.141,1.31
K00385.01,CONFIRMED,2,13.14496741,3.6399,300.8,1.59,698.0,56.15,0.591,44.1,5411.0,4.477,0.888
K04028.01,FALSE POSITIVE,0,0.618952198,2.8244,8324.1,4.96,497.0,14.29,1.282,259.3,2661.0,5.283,0.116
K04029.01,FALSE POSITIVE,0,1.31723412,7.284,422.7,125.56,5471.0,211468.1,1.07,78.4,6740.0,2.816,12.08
K04030.01,FALSE POSITIVE,0,7.7553808,22.321,839.6,22.2,822.0,107.76,1.235,55.9,5607.0,4.539,0.766
K04127.01,CONFIRMED,2,8.82715783,2.019,368.6,1.67,797.0,95.25,0.249,11.1,5550.0,4.539,0.878
K04128.01,FALSE POSITIVE,0,143.196381,10.424,618.1,6.64,380.0,4.95,1.017,17.4,6007.0,4.333,1.06
K00393.01,CONFIRMED,2,21.41624083,7.081,314.5,2.09,748.0,74.2,0.081,42.7,6156.0,4.331,1.18
K04129.01,CANDIDATE,1,2.31482311,2.127,58.6,0.69,1237.0,554.4,0.067,14.2,5240.0,4.428,0.923
K04130.01,FALSE POSITIVE,0,0.952374508,3.006,204.8,1.13,1435.0,1006.13,0.013,33.0,4754.0,4.508,0.821
K04131.01,FALSE POSITIVE,0,0.936751792,5.658,26.4,2.07,3814.0,50168.18,0.991,23.0,7843.0,3.829,2.909
K04133.01,FALSE POSITIVE,0,0.621361411,1.0628,45.0,1.12,2913.0,17004.65,0.017,24.6,6234.0,4.046,1.66
K02701.01,FALSE POSITIVE,0,22.023514,1.932,1670.0,4.79,639.0,39.45,0.934,10.2,5860.0,4.489,0.936
K02702.01,FALSE POSITIVE,0,75.378004,6.744,447.8,3.82,455.0,10.13,0.989,20.5,5876.0,4.374,1.077
K02703.01,CONFIRMED,2,213.258526,7.768,1992.3,2.72,202.0,0.39,0.037,36.1,4477.0,4.649,0.637
K00283.02,CONFIRMED,2,25.5172744,4.735,66.8,0.83,615.0,33.91,0.322,13.5,5680.0,4.414,1.016
K02704.01,CONFIRMED,2,4.871223664,1.5916,6462.0,1.56,341.0,3.18,0.706,50.5,3157.0,5.112,0.18
K02704.02,CONFIRMED,2,2.984157711,1.2637,2598.0,0.92,401.0,6.12,0.45,24.3,3157.0,5.112,0.18
K02705.01,CONFIRMED,2,2.8867624,0.9879,631.8,1.24,557.0,22.75,0.92,37.1,3483.0,4.875,0.389
K02782.01,FALSE POSITIVE,0,112.645961,7.037,1957.9,35.36,377.0,4.76,1.277,23.3,5895.0,4.489,0.991
K02783.01,CANDIDATE,1,0.526887517,0.8971,119.9,0.58,1238.0,550.37,0.292,20.6,3945.0,4.721,0.519
K00288.01,CONFIRMED,2,10.27532513,6.3093,209.7,3.04,1211.0,508.21,0.315,99.5,6150.0,3.96,2.086
K02784.01,FALSE POSITIVE,0,4.14244748,2.203,69.9,1.82,1907.0,3128.33,0.386,12.3,6785.0,3.83,2.124
K02785.01,CONFIRMED,2,4.76831033,3.2363,251.8,1.78,1219.0,522.81,0.191,35.4,6237.0,4.374,1.116
K02786.01,CONFIRMED,2,44.616751,7.831,239.7,2.31,693.0,54.56,0.618,28.4,6763.0,4.22,1.424
K02870.01,FALSE POSITIVE,0,5.62950902,6.542,297.5,2.11,979.0,216.41,0.974,14.3,5822.0,4.529,0.898
K02871.01,CONFIRMED,2,12.0999065,3.558,165.5,1.39,807.0,100.37,0.14,15.1,5553.0,4.33,1.098
K00295.02,CONFIRMED,2,10.10575764,2.0138,116.8,1.28,892.0,149.4,0.828,19.9,5923.0,4.377,1.054
K02871.02,CONFIRMED,2,5.36375016,2.94,114.3,1.15,1059.0,296.73,0.008,14.4,5553.0,4.33,1.098
K02871.04,CANDIDATE,1,7.9788198,2.874,83.8,0.99,927.0,174.85,0.05,8.3,5553.0,4.33,1.098
K02872.01,FALSE POSITIVE,0,3.17319407,2.512,135.8,0.91,1077.0,318.23,0.211,16.2,5369.0,4.508,0.784
K02873.01,FALSE POSITIVE,0,5.24368302,10.873,225.4,0.91,654.0,43.13,0.006,36.9,4194.0,4.633,0.629
K02961.01,CONFIRMED,2,3.7847507,2.924,33.5,0.7,1311.0,699.15,0.021,12.2,6017.0,4.326,1.206
K00303.01,CONFIRMED,2,60.92818866,6.3336,755.6,2.78,467.0,11.28,0.009,120.1,5638.0,4.359,1.023
K02962.01,CANDIDATE,1,2.17291055,2.139,76.4,0.93,1507.0,1220.49,0.362,13.6,6164.0,4.446,1.045
K02963.01,CONFIRMED,2,18.2206024,5.109,201.8,1.78,786.0,90.43,0.125,19.7,5951.0,4.283,1.262
K02963.02,CANDIDATE,1,7.35101287,2.757,115.9,1.42,1064.0,303.08,0.608,12.8,5951.0,4.283,1.262
K02964.01,CONFIRMED,2,47.4497134,10.675,206.4,1.61,551.0,21.82,0.016,16.9,6007.0,4.353,1.126
K02964.02,FALSE POSITIVE,0,35.080928,6.92,100.7,1.21,610.0,32.63,0.712,7.6,6007.0,4.353,1.126
K03060.01,CONFIRMED,2,6.9131732,4.73,39.1,0.91,1209.0,505.0,0.264,12.5,6296.0,4.21,1.444
K03061.01,CONFIRMED,2,7.32851947,1.211,277.8,2.33,807.0,100.13,0.983,14.0,5135.0,4.464,0.874
K03061.02,FALSE POSITIVE,0,77.915425,8.274,178.8,1.17,367.0,4.28,0.448,9.2,5135.0,4.464,0.874
K03062.01,FALSE POSITIVE,0,0.769127296,0.998,114.6,0.9,1917.0,3179.14,0.067,17.0,6024.0,4.561,0.831
K00313.01,CONFIRMED,2,18.73577127,3.0356,567.2,2.1,568.0,24.66,0.785,81.8,5188.0,4.547,0.795
K03063.01,CONFIRMED,2,18.6052046,6.829,242.5,1.94,833.0,113.88,0.093,13.1,6572.0,4.365,1.238
K03064.01,FALSE POSITIVE,0,1.332562787,6.28,1111.9,29.1,1703.0,1983.27,1.24,125.2,6091.0,4.487,0.967
K03157.01,FALSE POSITIVE,0,0.683082998,4.409,143.3,9.92,6757.0,492690.35,0.694,26.1,8247.0,3.17,7.762
K03158.01,CONFIRMED,2,3.60011712,2.396,50.2,0.5,938.0,182.81,0.025,21.6,5051.0,4.562,0.721
K03158.02,CONFIRMED,2,4.54586982,1.756,76.5,0.65,868.0,134.21,0.563,24.4,5051.0,4.562,0.721
K00317.02,CANDIDATE,1,11.505879,5.583,49.8,0.99,1000.0,236.35,0.029,12.5,6336.0,4.266,1.403
K03158.03,CONFIRMED,2,6.18943952,2.3316,83.2,0.65,783.0,88.79,0.334,26.8,5051.0,4.562,0.721
K03158.04,CONFIRMED,2,7.74347801,2.7878,77.8,0.62,727.0,65.88,0.018,24.4,5051.0,4.562,0.721
K03158.05,CONFIRMED,2,9.74048508,1.6993,121.4,0.95,673.0,48.52,0.89,25.8,5051.0,4.562,0.721
K03277.01,CONFIRMED,2,42.9136635,5.227,160.6,3.19,810.0,101.56,0.403,18.2,6049.0,3.8,2.483
K03278.01,FALSE POSITIVE,0,88.1804682,5.033,1138.6,2.78,359.0,3.94,0.026,17.5,5497.0,4.57,0.839
K03279.01,CONFIRMED,2,30.8278245,4.214,641.3,2.42,585.0,27.66,0.023,13.9,5982.0,4.493,0.96
K00326.01,CANDIDATE,1,8.97349999,3.1408,935.1,36.0,2262.0,6178.9,0.56,44.1,4751.0,2.52,11.536
K03280.01,CONFIRMED,2,47.1607932,4.003,723.2,2.58,503.0,15.07,0.028,13.6,5936.0,4.501,0.965
K03281.01,CONFIRMED,2,47.0320478,5.892,367.8,1.98,492.0,13.83,0.161,13.7,5370.0,4.337,1.055
K03282.01,CONFIRMED,2,49.2768448,3.787,1132.9,1.75,271.0,1.28,0.022,17.8,3899.0,4.713,0.529
K03365.01,CONFIRMED,2,22.1270885,4.472,418.2,3.94,721.0,63.98,0.956,12.6,5312.0,4.103,1.445
K03366.01,FALSE POSITIVE,0,10.6784787,2.307,201.0,1.12,712.0,60.7,0.271,9.4,5459.0,4.583,0.797
K03367.01,CANDIDATE,1,25.3736543,2.619,372.9,1.88,653.0,42.92,0.265,10.6,6195.0,4.47,0.966
K00332.01,CONFIRMED,2,5.45849914,4.0448,255.9,1.91,1099.0,344.32,0.65,72.0,5914.0,4.396,1.135
K03368.01,CANDIDATE,1,10.08535311,1.75,222.5,1.45,843.0,119.67,0.532,10.7,5947.0,4.487,0.945
K03369.01,FALSE POSITIVE,0,42.559265547,3.36626,207990.0,51.86,487.0,13.28,0.775,950.0,5764.0,4.548,0.863
K03449.01,FALSE POSITIVE,0,62.127677128,5.25005,37430.2,38.61,402.0,6.15,1.158,990.3,5344.0,4.494,0.807
K03450.01,FALSE POSITIVE,0,31.9730649,8.872,158.6,1.09,530.0,18.59,0.716,15.6,5811.0,4.571,0.811
K03451.01,CANDIDATE,1,10.90752977,2.764,186.0,1.58,955.0,196.51,0.147,11.8,6414.0,4.377,1.147
K00339.02,CONFIRMED,2,12.8344771,3.846,281.0,2.55,891.0,149.42,0.956,35.0,6078.0,4.29,1.189
K03452.01,FALSE POSITIVE,0,18.64532882,3.63893,433815.0,61.81,656.0,43.71,0.454,1256.8,5931.0,4.554,0.845
K03453.01,FALSE POSITIVE,0,18.1118457,6.309,328.7,31.25,803.0,98.09,1.235,10.8,6434.0,4.394,1.138
K03454.01,FALSE POSITIVE,0,20.882125422,8.03365,233450.0,66.27,737.0,69.67,0.743,3506.5,6335.0,4.427,1.072
K03547.01,FALSE POSITIVE,0,290.7778719,12.0525,225767.0,45.27,222.0,0.58,0.761,1836.8,5207.0,4.585,0.734
K03548.01,FALSE POSITIVE,0,5.017239915,4.36126,144642.0,41.75,1229.0,538.77,0.191,970.9,6519.0,4.41,1.079
K03549.01,FALSE POSITIVE,0,204.0329342,17.5623,411374.0,57.35,272.0,1.29,0.49,884.9,5553.0,4.577,0.806
K00346.01,CONFIRMED,2,12.92489803,2.6811,959.0,2.62,620.0,34.95,0.768,49.5,5103.0,4.584,0.768
K03550.01,FALSE POSITIVE,0,2.148219541,2.94091,457844.0,49.6,1009.0,244.99,0.424,619.8,4694.0,4.6,0.672
K03551.01,FALSE POSITIVE,0,58.621578824,8.52961,142951.0,40.43,385.0,5.19,0.896,1887.7,5232.0,4.554,0.725
K03552.01,FALSE POSITIVE,0,15.873380595,8.0429,208362.0,630.53,962.0,202.23,3.454,978.2,5622.0,3.907,1.895
K03643.01,FALSE POSITIVE,0,3.900109346,3.9037,126194.0,40.37,1160.0,427.83,0.733,448.0,5791.0,4.424,0.969
K03644.01,FALSE POSITIVE,0,1.471060209,4.3708,148439.0,165.15,3693.0,43941.18,0.895,563.0,8749.0,3.806,2.911
K03645.01,FALSE POSITIVE,0,4.45543346,5.116,245681.0,51.69,1106.0,354.27,0.469,508.6,5780.0,4.438,1.0
K03646.01,FALSE POSITIVE,0,14.323889947,4.83729,69071.6,45.93,720.0,63.62,1.073,834.3,5853.0,4.529,0.895
K03646.02,FALSE POSITIVE,0,0.512869432,4.015,2313.0,31.12,2185.0,5384.53,1.263,133.9,5853.0,4.529,0.895
K03647.01,FALSE POSITIVE,0,20.427232317,3.46429,121813.0,601.32,749.0,74.27,5.499,526.6,6167.0,4.354,1.121
K00351.06,CONFIRMED,2,7.00821787,3.812,116.4,1.29,1062.0,300.58,0.156,19.2,5970.0,4.317,1.2
K03739.01,FALSE POSITIVE,0,2.415925551,9.7769,560970.0,300.82,3329.0,29070.1,0.511,1598.3,8796.0,3.711,3.278
K03740.01,FALSE POSITIVE,0,0.656201038,4.17901,174860.0,112.77,2157.0,5094.25,1.439,2065.8,6025.0,4.472,0.999
K03741.01,FALSE POSITIVE,0,2.617280959,9.661,3089.9,395.94,1689.0,1918.98,3.651,262.4,6432.0,4.207,1.345
K03741.02,FALSE POSITIVE,0,18.577903,20.11,99.8,1.36,879.0,140.97,0.105,6.6,6432.0,4.207,1.345
K03741.03,CONFIRMED,2,5.1117547,3.281,267.8,2.81,1351.0,788.0,0.962,12.1,6432.0,4.207,1.345
K03741.04,CONFIRMED,2,9.6310258,5.255,297.2,2.9,1094.0,338.33,0.951,12.7,6432.0,4.207,1.345
K00356.01,CONFIRMED,2,1.82708193,1.96401,1164.7,5.95,1877.0,2925.17,0.033,273.7,5311.0,3.864,1.769
K03836.01,FALSE POSITIVE,0,3.46724809,11.01,1317.3,2.52,841.0,118.15,0.953,107.0,4969.0,4.713,0.543
K03837.01,FALSE POSITIVE,0,7.4413445,2.8754,2234.0,43.5,1136.0,393.59,1.286,66.4,6540.0,4.321,1.183
K03838.01,FALSE POSITIVE,0,4.618309224,3.6752,1191.0,25.43,947.0,190.56,1.247,68.5,5452.0,4.572,0.815
K03839.01,FALSE POSITIVE,0,0.677761275,3.7085,877.9,22.15,1906.0,3136.01,1.205,120.8,5699.0,4.553,0.853
K03840.01,FALSE POSITIVE,0,2.845739012,11.9327,24391.8,44.7,1294.0,663.42,1.213,488.6,5982.0,4.493,0.96
K03841.01,FALSE POSITIVE,0,1.527491117,7.9136,33546.0,27.85,988.0,224.31,1.164,298.6,4273.0,4.652,0.595
K03842.01,FALSE POSITIVE,0,0.61496383,1.93053,358049.0,44.79,1460.0,1074.84,0.506,806.5,4509.0,4.612,0.663
K03935.01,CONFIRMED,2,1.093665854,1.4399,218.4,1.29,1681.0,1880.33,0.174,33.5,5845.0,4.541,0.874
K03936.01,FALSE POSITIVE,0,141.608555,7.685,1263.1,2.98,290.0,1.68,0.399,43.3,5083.0,4.512,0.844
K03936.02,CONFIRMED,2,13.0267964,0.785,356.6,2.08,643.0,40.51,0.93,11.4,5083.0,4.512,0.844
K03937.01,FALSE POSITIVE,0,4.93129874,1.8626,676.1,21.42,944.0,187.36,1.224,31.7,5457.0,4.508,0.779
K03938.01,FALSE POSITIVE,0,5.59187448,1.6782,236.4,104.18,4793.0,124810.93,0.82,31.9,3915.0,1.173,58.325
K03939.01,CANDIDATE,1,1.88665445,1.343,2098.0,43.81,1794.0,2453.86,1.269,15.8,6296.0,4.247,1.249
K03940.01,FALSE POSITIVE,0,14.53682228,3.195,1032.3,73.15,1596.0,1534.06,1.068,40.8,4946.0,2.819,5.855
K04031.01,FALSE POSITIVE,0,0.730949487,2.367,87.3,1.27,2311.0,6730.38,0.86,15.8,6238.0,4.365,1.191
K04032.01,CONFIRMED,2,3.95116635,2.566,60.9,0.83,1160.0,427.07,0.374,20.4,5574.0,4.354,1.065
K04032.02,CONFIRMED,2,2.89223998,2.521,44.3,0.7,1287.0,647.55,0.017,17.3,5574.0,4.354,1.065
K04032.03,CONFIRMED,2,5.99273265,2.6502,69.8,0.91,1010.0,245.32,0.505,19.2,5574.0,4.354,1.065
K04032.04,CONFIRMED,2,5.10110666,2.657,65.1,0.85,1065.0,304.8,0.083,19.5,5574.0,4.354,1.065
K04032.05,CANDIDATE,1,7.23524221,2.685,60.0,0.82,948.0,191.14,0.182,15.2,5574.0,4.354,1.065
K04033.01,FALSE POSITIVE,0,0.991552822,1.135,607.2,37.93,2558.0,10148.8,1.158,17.3,5908.0,3.888,1.862
K04135.01,FALSE POSITIVE,0,12.435190544,3.8305,71.9,0.52,545.0,20.93,0.321,4.8,4756.0,4.676,0.62
K04136.01,CANDIDATE,1,2.41750021,4.33,58.2,1.19,1507.0,1221.36,0.895,15.2,5575.0,4.189,1.308
K04136.02,CANDIDATE,1,4.03357434,5.886,66.2,1.23,1270.0,616.04,0.855,15.5,5575.0,4.189,1.308
K04137.01,FALSE POSITIVE,0,0.504426087,1.6276,614.5,33.96,2339.0,7077.76,1.321,81.7,6043.0,4.452,0.901
K04138.01,FALSE POSITIVE,0,2.81401302,5.801,55.7,1.51,1723.0,2081.51,0.567,33.8,5541.0,3.869,1.967
K04139.01,CONFIRMED,2,3.74031708,2.394,165.6,1.38,1287.0,646.81,0.277,15.6,6260.0,4.433,1.063
K00394.01,FALSE POSITIVE,0,12.28351275,3.634,597.8,74.76,1342.0,765.56,1.224,23.4,6171.0,3.668,2.759
K02706.01,CANDIDATE,1,3.09756897,4.588,83.3,1.75,1782.0,2380.18,0.408,14.6,6329.0,4.026,1.885
K02707.01,CONFIRMED,2,58.0337426,5.584,807.1,3.21,486.0,13.17,0.021,34.9,5467.0,4.271,1.152
K02707.02,CONFIRMED,2,14.4252635,3.754,221.2,1.68,773.0,84.28,0.013,15.2,5467.0,4.271,1.152
K02707.03,CONFIRMED,2,26.6757818,2.696,474.8,2.69,630.0,37.15,0.713,20.0,5467.0,4.271,1.152
K02708.01,CONFIRMED,2,0.868386354,1.066,488.5,1.52,1389.0,880.33,0.135,27.3,4792.0,4.627,0.704
K02709.01,FALSE POSITIVE,0,15.4126766,3.402,599.8,2.82,618.0,34.56,0.958,7.5,5240.0,4.555,0.856
K02710.01,FALSE POSITIVE,0,1.110599919,1.3493,157.6,1.07,1539.0,1320.65,0.214,38.7,5227.0,4.463,0.867
K02787.01,FALSE POSITIVE,0,1.714410345,3.336,50.4,1.84,2551.0,10025.53,0.56,22.9,6340.0,3.731,2.498
K02788.01,FALSE POSITIVE,0,0.777663575,1.1741,134.3,0.95,1816.0,2553.18,0.204,28.1,5769.0,4.57,0.812
K02789.01,CONFIRMED,2,3.40165617,1.9617,155.9,1.34,1236.0,552.42,0.906,19.9,6177.0,4.516,0.906
K02790.01,CONFIRMED,2,14.00948631,3.399,169.9,0.98,617.0,34.32,0.268,22.6,5153.0,4.551,0.767
K02791.01,CONFIRMED,2,27.5722144,5.256,296.3,1.94,636.0,38.62,0.562,20.0,5912.0,4.397,1.09
K02792.01,CONFIRMED,2,2.12821621,3.146,25.9,0.7,1668.0,1831.55,0.098,22.1,5952.0,4.227,1.377
K02793.01,CONFIRMED,2,4.49686066,1.7306,1932.5,1.93,535.0,19.34,0.018,37.0,3698.0,4.81,0.444
K02874.01,CANDIDATE,1,0.352515897,1.0525,168.2,1.0,2194.0,5534.14,0.26,38.0,5465.0,4.598,0.766
K02875.01,FALSE POSITIVE,0,0.299697755,0.8473,346.9,2.03,2246.0,6005.79,0.964,53.6,5180.0,4.547,0.782
K02876.01,FALSE POSITIVE,0,5.1952021,2.1552,320.8,1.37,836.0,115.35,0.604,17.7,5044.0,4.551,0.738
K02876.02,FALSE POSITIVE,0,0.535224793,3.3402,228.7,1.09,1783.0,2385.75,0.017,48.8,5044.0,4.551,0.738
K02877.01,CONFIRMED,2,5.30873978,3.018,127.5,1.08,1042.0,279.21,0.173,16.7,5914.0,4.483,0.955
K02878.01,CONFIRMED,2,3.89524296,1.689,189.0,1.13,956.0,197.66,0.224,16.2,5018.0,4.492,0.838
K00296.01,CONFIRMED,2,28.86236571,5.4033,449.2,2.53,623.0,35.56,0.778,64.4,5725.0,4.326,1.088
K02965.01,FALSE POSITIVE,0,1.352564873,3.469,56.7,1.45,2447.0,8505.97,0.669,34.9,6463.0,3.959,1.823
K02966.01,FALSE POSITIVE,0,7.72768833,2.06,404.8,1.89,899.0,154.46,0.203,14.6,5765.0,4.468,0.94
K02967.01,CONFIRMED,2,37.3033197,7.793,551.7,2.31,493.0,14.0,0.908,19.5,5646.0,4.55,0.817
K02968.01,CANDIDATE,1,10.16435076,6.017,37.7,1.99,1389.0,879.94,0.915,18.4,6133.0,3.718,2.71
K02969.01,FALSE POSITIVE,0,31.9729501,9.41,156.3,2.41,757.0,77.49,0.773,38.3,6007.0,4.064,1.759
K00304.01,CONFIRMED,2,8.512037736,2.1861,597.8,2.14,839.0,117.11,0.005,102.2,5767.0,4.538,0.881
K02970.01,CONFIRMED,2,4.82051088,3.588,40.9,1.08,1328.0,735.25,0.922,14.8,6046.0,4.158,1.396
K04573.01,FALSE POSITIVE,0,1.50178705,2.936,86.7,0.93,1617.0,1619.24,0.359,13.4,5964.0,4.471,0.987
K04574.01,FALSE POSITIVE,0,17.4453935,6.39,501.7,32.01,770.0,83.11,1.254,16.4,6260.0,4.433,1.063
K04575.01,CANDIDATE,1,201.325036,14.4,125.4,1.98,410.0,6.71,0.597,14.2,6120.0,4.093,1.699
K04577.01,CANDIDATE,1,105.997107,3.751,430.8,1.83,373.0,4.59,0.667,10.9,6068.0,4.565,0.831
K04577.02,CANDIDATE,1,3.07365139,2.102,90.5,0.79,1215.0,515.92,0.034,9.6,6068.0,4.565,0.831
K04578.01,FALSE POSITIVE,0,2.48882685,3.487,80.2,1.05,1477.0,1124.85,0.711,14.2,6246.0,4.433,1.092
K04580.01,CANDIDATE,1,6.30432354,2.508,40.0,1.23,1510.0,1229.72,0.665,10.7,6728.0,3.987,1.836
K04692.02,CANDIDATE,1,7.6720844,3.451,75.1,0.72,875.0,138.74,0.523,8.4,5972.0,4.57,0.807
K04693.01,CONFIRMED,2,23.6223571,6.852,57.0,1.07,797.0,95.35,0.369,11.4,6144.0,4.149,1.393
K04694.01,CANDIDATE,1,19.2527652,4.862,138.5,1.24,740.0,71.04,0.028,10.8,6258.0,4.442,1.046
K04695.01,FALSE POSITIVE,0,3.28931936,1.921,166.0,50.51,1364.0,818.01,1.422,11.1,6335.0,4.427,1.072
K04696.01,FALSE POSITIVE,0,1.08195208,4.807,33.6,0.47,1526.0,1275.68,0.257,12.4,5233.0,4.489,0.824
K04697.01,FALSE POSITIVE,0,0.512583041,1.498,114.3,1.07,2363.0,7320.09,0.116,17.1,6077.0,4.471,0.999
K04698.01,CANDIDATE,1,8.5275894,2.959,112.5,1.28,1049.0,286.1,0.311,10.4,6469.0,4.385,1.193
K04817.01,FALSE POSITIVE,0,0.630539713,1.7407,239.6,21.07,1936.0,3333.18,1.2,27.7,5458.0,4.482,0.894
K04818.01,CANDIDATE,1,3.79892774,4.112,47.0,1.46,1869.0,2888.6,0.13,8.3,6831.0,3.971,2.106
K04819.01,FALSE POSITIVE,0,0.416995408,0.8928,112.6,0.84,2433.0,8299.79,0.089,19.9,6150.0,4.498,0.781
K04820.01,CANDIDATE,1,14.7401061,5.637,238.0,1.48,750.0,74.65,0.116,10.3,5999.0,4.494,0.959
K04823.01,CANDIDATE,1,4.96504981,2.212,50.7,1.51,1403.0,917.99,0.655,8.7,5339.0,3.823,2.011
K04825.01,FALSE POSITIVE,0,1.29019586,3.741,86.5,0.78,1530.0,1293.44,0.044,11.1,5693.0,4.558,0.842
K04826.01,CANDIDATE,1,1.141148847,1.629,73.1,1.67,2248.0,6008.73,0.062,12.7,5438.0,3.916,1.989
K04953.01,FALSE POSITIVE,0,2.858879267,2.3753,644.5,515.07,3638.0,41379.77,1.262,37.1,4893.0,2.501,16.274
K04956.01,FALSE POSITIVE,0,25.2218929,14.84,449.2,2.47,938.0,183.39,0.583,27.5,5761.0,4.438,0.997
K04957.02,CANDIDATE,1,4.98792404,1.618,346.2,0.73,485.0,13.07,0.069,9.7,3606.0,4.859,0.395
K04959.01,FALSE POSITIVE,0,420.92920358,17.3985,86013.1,62.76,293.0,1.74,1.033,1740.2,6461.0,4.319,1.197
K04963.01,CANDIDATE,1,59.4037839,10.041,123.5,1.65,570.0,24.93,0.94,17.0,6373.0,4.256,1.209
K04965.01,FALSE POSITIVE,0,20.5311708,5.67,284.6,1.39,568.0,24.52,0.547,9.8,5398.0,4.58,0.805
K04966.01,FALSE POSITIVE,0,2.31164074,2.317,488.7,39.73,4074.0,65140.27,0.252,24.6,4883.0,2.439,18.427
K05220.01,CANDIDATE,1,1.534679933,1.7237,456.6,18.39,3570.0,38505.56,0.108,64.6,4965.0,2.863,8.834
K05224.01,CANDIDATE,1,171.028691,11.784,394.2,2.49,376.0,4.72,0.26,13.1,6123.0,4.332,1.252
K05233.01,FALSE POSITIVE,0,0.56493398,2.4385,2067.0,30.51,2206.0,5609.14,1.26,166.0,5808.0,4.402,0.898
K05236.01,FALSE POSITIVE,0,550.86514,14.548,346.5,2.06,238.0,0.76,0.027,20.8,5912.0,4.367,1.115
K05241.01,FALSE POSITIVE,0,273.6857427,8.3881,15350.5,37.15,367.0,4.27,1.006,202.3,6033.0,4.071,1.65
K05243.01,FALSE POSITIVE,0,17.745456135,4.0678,80258.0,116.14,1106.0,353.47,1.049,272.2,6337.0,3.826,2.216
K05481.01,FALSE POSITIVE,0,0.718643659,2.51246,124930.0,50.85,2002.0,3813.75,0.922,575.0,5853.0,4.483,0.934
K00456.02,CONFIRMED,2,4.309381978,2.8977,310.7,1.89,1134.0,390.76,0.034,42.3,5541.0,4.332,1.089
K05482.01,CANDIDATE,1,31.707574649,7.6771,787.3,2.96,547.0,21.1,0.923,5.5,5861.0,4.546,0.865
K05483.01,FALSE POSITIVE,0,17.946328114,8.15905,102994.0,66.65,845.0,120.63,0.774,3497.6,5228.0,3.906,1.722
K05485.01,CANDIDATE,1,9.3589254,3.169,1527.0,17.37,1528.0,1288.85,0.184,8.9,5188.0,3.327,4.521
K05486.01,CANDIDATE,1,4.15472242,1.791,2243.0,23.47,2292.0,6522.18,0.971,19.7,6996.0,3.627,3.359
K05488.01,FALSE POSITIVE,0,280.1604956,2.8637,12946.0,19.25,237.0,0.74,1.04,54.5,5387.0,4.581,0.799
K05754.01,FALSE POSITIVE,0,2.645596805,2.9095,1272.7,167.05,2452.0,8539.63,1.239,166.8,4980.0,3.167,5.443
K05757.01,FALSE POSITIVE,0,44.637111,5.868,282.5,1.28,432.0,8.22,0.029,9.4,5222.0,4.518,0.78
K05761.01,CANDIDATE,1,6.13292733,1.561,58.7,1.56,1379.0,854.43,0.225,10.0,5877.0,3.941,2.034
K05762.01,CANDIDATE,1,12.63063129,2.212,300.8,1.37,689.0,53.17,0.017,9.5,5579.0,4.58,0.798
K00464.01,CONFIRMED,2,58.36205791,6.3363,5374.7,7.02,446.0,9.33,0.402,286.6,5592.0,4.467,0.953
K05768.01,FALSE POSITIVE,0,15.4032765,3.246,253.0,1.32,626.0,36.41,0.623,9.2,5272.0,4.508,0.799
K05769.01,CANDIDATE,1,7.58062893,3.484,86.1,0.97,937.0,182.01,0.382,10.9,5753.0,4.417,1.041
K06013.01,FALSE POSITIVE,0,12.4244306,26.15,214.1,1.59,714.0,61.31,0.98,15.5,5761.0,4.581,0.791
K06014.01,FALSE POSITIVE,0,6.71738328,3.60057,164979.0,37.65,883.0,143.87,0.159,1208.2,5301.0,4.416,0.936
K06015.01,FALSE POSITIVE,0,41.86539723,6.663,4309.3,31.14,500.0,14.79,1.286,103.4,6063.0,4.584,0.788
K06016.01,CANDIDATE,1,4.553370029,3.2209,23692.1,25.84,1264.0,603.58,0.951,570.6,6306.0,4.346,1.109
K06017.01,FALSE POSITIVE,0,5.262652179,2.85554,22650.6,35.99,1499.0,1191.71,0.96,2246.9,7049.0,4.212,1.549
K00473.01,CONFIRMED,2,12.70636123,2.395,871.7,2.75,697.0,55.86,0.793,54.0,5573.0,4.562,0.839
K06103.01,CONFIRMED,2,453.54212,17.026,861.0,9.23,390.0,5.45,0.633,48.8,5874.0,3.664,3.006
K06103.02,CANDIDATE,1,122.8054416,2.663,313.0,118.62,602.0,31.11,1.346,10.6,5874.0,3.664,3.006
K06104.01,CANDIDATE,1,16.2480865,8.232,438.7,2.38,704.0,58.1,0.928,21.1,5729.0,4.436,0.923
K00478.01,CONFIRMED,2,11.023474798,1.4814,1795.5,2.46,429.0,8.04,0.724,77.2,3744.0,4.718,0.537
K06107.01,FALSE POSITIVE,0,2.873657901,2.1054,43895.0,110.29,1830.0,2645.12,1.13,65.6,5692.0,3.829,2.287
K06109.01,FALSE POSITIVE,0,22.913446297,4.11699,251835.0,81.61,811.0,102.27,0.709,6512.7,6621.0,4.294,1.297
K06110.01,FALSE POSITIVE,0,8.65315602,2.627,417.5,1.37,643.0,40.5,0.049,13.6,4746.0,4.605,0.696
K06230.01,CANDIDATE,1,1.927177921,2.7742,136135.0,28.94,1219.0,523.16,0.399,204.7,5193.0,4.525,0.774
K06232.01,FALSE POSITIVE,0,6.256352128,2.3512,3289.3,30.76,918.0,167.92,1.269,120.4,5772.0,4.549,0.836
K06233.01,CONFIRMED,2,16.17803,5.18,449.0,2.25,754.0,76.54,0.081,6.0,5929.0,4.413,1.069
K06234.01,FALSE POSITIVE,0,2.37795507,2.4329,4391.1,92.61,2965.0,18261.57,1.298,257.5,9565.0,4.088,2.286
K06235.01,FALSE POSITIVE,0,2.053866175,4.8045,5021.3,158.25,2528.0,9631.57,1.265,380.5,5051.0,3.22,4.089
K00486.01,CONFIRMED,2,22.18332255,5.1364,748.1,2.78,646.0,41.24,0.024,70.3,5565.0,4.361,1.03
K06236.01,FALSE POSITIVE,0,4.478116695,3.357,117981.0,38.85,1218.0,521.12,0.622,3665.4,6304.0,4.435,1.058
K06340.01,FALSE POSITIVE,0,6.3762199,2.24,449.2,2.47,938.0,183.39,0.583,27.5,5761.0,4.438,0.997
K06342.01,CANDIDATE,1,8.1770751,4.608,44.3,0.83,1115.0,365.09,0.456,10.6,6501.0,4.281,1.209
K06343.01,FALSE POSITIVE,0,569.45051,9.63,425.4,1.96,225.0,0.61,0.001,8.2,6117.0,4.496,0.947
K06344.01,FALSE POSITIVE,0,0.823014905,3.5426,850.5,22.17,1482.0,1136.75,1.247,130.5,4975.0,4.614,0.724
K06345.01,FALSE POSITIVE,0,1.353414369,13.416,610.2,216.31,3617.0,40561.5,1.202,100.8,4850.0,2.865,8.586
K06347.01,FALSE POSITIVE,0,1.806631432,1.102,217.5,1.05,1059.0,297.98,0.536,10.4,4606.0,4.591,0.699
K06348.01,FALSE POSITIVE,0,15.066491533,6.2852,106051.0,88.56,932.0,177.96,0.988,893.0,5751.0,4.028,1.626
K00500.03,CONFIRMED,2,3.072146607,1.8732,539.0,1.3,722.0,64.09,0.032,44.9,4041.0,4.697,0.567
K06460.01,FALSE POSITIVE,0,2.470283788,7.8391,193828.0,157.82,2657.0,11792.22,0.804,967.7,7823.0,3.885,2.675
K06461.01,FALSE POSITIVE,0,1.23516416,4.713,64.6,0.92,1866.0,2861.14,0.678,13.0,6249.0,4.428,1.076
K06462.01,FALSE POSITIVE,0,1.23513471,5.44,42.8,0.7,1743.0,2172.96,0.716,12.0,5930.0,4.436,0.997
K06463.01,FALSE POSITIVE,0,0.8903331,2.643,134.1,20.96,5714.0,251387.46,0.322,10.8,4981.0,2.437,18.374
K06464.01,FALSE POSITIVE,0,20.000242814,5.0042,13137.9,21.57,746.0,73.09,1.004,796.5,6373.0,4.438,1.047
K06464.03,FALSE POSITIVE,0,541.742985,10.47,1038.6,3.39,248.0,0.9,0.041,25.9,6373.0,4.438,1.047
K06589.01,FALSE POSITIVE,0,1.795273026,7.3232,125416.0,55.26,1642.0,1714.88,0.935,877.8,6363.0,4.456,1.012
K00505.04,CONFIRMED,2,8.34819209,2.835,288.9,1.45,702.0,57.48,0.799,22.1,5001.0,4.582,0.76
K06591.01,FALSE POSITIVE,0,0.755101141,3.371,76.7,0.19,680.0,50.92,0.523,13.4,3256.0,5.071,0.207
K06592.01,FALSE POSITIVE,0,1.51945182,2.95,13.7,0.5,1901.0,3080.82,0.599,9.6,6168.0,4.25,1.307
K06593.01,FALSE POSITIVE,0,0.759755409,2.734,70.0,0.91,2121.0,4773.08,0.455,15.9,6090.0,4.447,1.071
K06594.01,FALSE POSITIVE,0,5.082523739,5.04732,276277.0,61.88,1266.0,606.33,0.269,5286.2,6507.0,4.343,1.145
K06595.01,FALSE POSITIVE,0,1.02547271,1.996,27.0,0.94,2657.0,11800.82,0.651,10.9,6862.0,4.114,1.712
K04246.02,CANDIDATE,1,8.75630628,2.852,81.9,1.12,982.0,219.87,0.371,9.8,5839.0,4.279,1.227
K04248.01,FALSE POSITIVE,0,0.562563871,1.591,34.6,0.69,2626.0,11201.45,0.36,16.4,6577.0,4.381,1.145
K04249.01,FALSE POSITIVE,0,397.73699,11.76,1131.5,3.05,211.0,0.47,0.883,15.3,5313.0,4.521,0.768
K04250.01,FALSE POSITIVE,0,2.17818699,2.686,115.8,1.03,1347.0,776.45,0.553,15.4,5584.0,4.428,0.932
K04251.01,CANDIDATE,1,6.23968392,0.668,155.9,1.55,1060.0,299.03,0.679,9.0,5751.0,4.303,1.143
K04252.01,CONFIRMED,2,15.5714121,2.294,173.5,0.72,399.0,5.98,0.312,13.0,3872.0,4.714,0.557
K04254.01,FALSE POSITIVE,0,0.530967987,1.812,26.9,1.08,4196.0,73103.16,0.093,24.1,8473.0,4.123,2.052
K04361.01,CANDIDATE,1,75.8781344,1.383,1054.0,3.39,417.0,7.18,0.705,11.9,5579.0,4.413,0.972
K04363.01,CANDIDATE,1,18.22211768,2.044,2318.0,7.45,620.0,34.99,0.973,15.2,5162.0,4.411,0.958
K04364.01,CONFIRMED,2,4.56383697,2.271,201.8,1.22,980.0,218.18,0.365,9.9,5408.0,4.496,0.861
K04366.01,CANDIDATE,1,0.762950224,1.133,187.3,1.0,1651.0,1763.73,0.197,15.8,5385.0,4.61,0.731
K04367.01,CANDIDATE,1,170.995748,3.88,477.1,4.9,463.0,10.86,0.839,15.5,6127.0,3.991,1.983
K04368.01,FALSE POSITIVE,0,12.4252735,20.756,84.7,2.37,1299.0,673.53,0.171,36.6,6156.0,3.703,2.557
K04370.01,FALSE POSITIVE,0,1.181165291,1.013,370.4,1.52,1398.0,905.88,0.632,14.1,5203.0,4.582,0.747
K04472.01,FALSE POSITIVE,0,0.566796775,5.471,144.1,0.61,931.0,176.94,0.974,32.2,3453.0,4.892,0.358
K04473.01,CONFIRMED,2,13.6471211,8.331,75.0,1.25,913.0,164.06,0.617,14.7,5771.0,4.106,1.382
K04474.01,CONFIRMED,2,16.473474,4.201,470.5,1.63,612.0,33.22,0.014,13.0,5364.0,4.529,0.754
K00414.02,FALSE POSITIVE,0,5.92240377,3.691,413.4,2.77,1087.0,329.86,0.949,44.4,6081.0,4.404,1.077
K04475.01,FALSE POSITIVE,0,3.74788322,3.45,242.6,1.32,1031.0,266.76,0.544,16.3,5514.0,4.569,0.826
K04476.01,FALSE POSITIVE,0,1.540379557,2.026,76.9,0.81,1581.0,1481.09,0.329,14.6,5812.0,4.408,0.914
K04477.01,CANDIDATE,1,5.30179786,2.24,197.2,1.22,973.0,211.8,0.357,11.5,5749.0,4.547,0.864
K04581.01,CANDIDATE,1,6.0059966,3.096,39.2,0.73,1130.0,385.87,0.135,7.8,6103.0,4.331,1.16
K04582.01,CANDIDATE,1,4.22426989,4.22,13.6,0.35,1069.0,309.32,0.716,11.0,5735.0,4.501,0.883
K04585.01,CONFIRMED,2,6.76289308,6.204,50.9,1.21,1337.0,754.37,0.553,14.6,6547.0,4.122,1.63
K00422.01,FALSE POSITIVE,0,809.0141881,8.3017,16311.3,14.38,216.0,0.51,0.717,212.9,6230.0,4.397,1.047
K04586.01,CANDIDATE,1,75.2116373,3.203,362.6,2.83,516.0,16.78,0.058,13.1,5818.0,4.165,1.5
K04587.01,CANDIDATE,1,6.36283414,3.752,159.4,1.12,956.0,197.84,0.141,9.9,5955.0,4.534,0.883
K04699.01,CANDIDATE,1,3.07714195,3.571,34.2,1.08,1493.0,1175.0,0.983,9.9,6108.0,4.251,1.336
K04700.01,CANDIDATE,1,3.83488354,2.026,243.0,1.2,1003.0,239.15,0.242,10.9,5515.0,4.592,0.775
K04700.02,CANDIDATE,1,66.47762,4.487,553.5,1.83,388.0,5.34,0.384,9.1,5515.0,4.592,0.775
K00430.01,CONFIRMED,2,12.37646897,2.7075,1709.0,2.53,483.0,12.87,0.468,81.2,4200.0,4.664,0.607
K04701.01,FALSE POSITIVE,0,31.97181,12.277,117.4,0.95,521.0,17.43,0.532,11.1,5632.0,4.554,0.853
K04702.01,FALSE POSITIVE,0,5.81289843,3.979,76.3,0.93,1102.0,348.61,0.499,9.5,6175.0,4.41,1.041
K04705.01,CANDIDATE,1,1.4733245,1.406,124.0,1.03,1576.0,1453.8,0.197,11.9,5751.0,4.431,0.921
K04827.01,CANDIDATE,1,31.1920226,2.849,447.8,1.65,521.0,17.43,0.11,11.6,5675.0,4.554,0.777
K04829.01,CANDIDATE,1,7.630545,3.63,364.9,2.26,1087.0,330.02,0.021,11.3,6407.0,4.358,1.179
K00435.04,CONFIRMED,2,3.93276627,2.9403,234.9,1.5,1140.0,399.84,0.37,30.7,5688.0,4.415,0.971
K04832.01,FALSE POSITIVE,0,12.3748247,90.01,390.9,81.01,1253.0,583.24,1.185,85.7,5165.0,3.491,3.598
K04833.01,CANDIDATE,1,4.31724247,4.126,59.0,1.01,1332.0,743.6,0.252,11.3,5992.0,4.195,1.31
K04834.01,CANDIDATE,1,3.74099144,5.428,34.3,1.85,1733.0,2129.07,0.222,12.3,5110.0,3.611,3.231
K04835.01,FALSE POSITIVE,0,0.93198504,2.0472,326.6,17.72,1647.0,1734.47,1.19,44.5,5470.0,4.509,0.777
K04967.01,CANDIDATE,1,43.581043,6.883,348.7,1.94,558.0,22.89,0.277,8.7,6225.0,4.45,1.031
K04968.01,FALSE POSITIVE,0,2.945414866,2.702,968.7,38.32,3531.0,36765.85,0.002,47.5,4403.0,2.178,12.927
K04972.01,CANDIDATE,1,26.092284,6.623,122.4,1.35,717.0,62.57,0.068,12.2,6346.0,4.362,1.214
K00441.01,FALSE POSITIVE,0,30.5528972,5.269,865.2,30.74,670.0,47.63,1.216,35.6,6284.0,4.349,1.138
K04973.01,FALSE POSITIVE,0,0.523493764,0.9015,54.0,1.82,3565.0,38110.61,0.083,23.5,6122.0,3.791,2.455
K04975.01,FALSE POSITIVE,0,47.0628978,1.545,1647.0,4.1,483.0,12.9,0.819,14.5,5838.0,4.529,0.897
K04980.01,FALSE POSITIVE,0,2.976012511,6.52033,449091.0,79.99,1476.0,1119.89,0.444,3630.4,6572.0,4.408,1.08
K05245.01,CONFIRMED,2,7.20281185,2.8305,1832.6,3.06,794.0,93.79,0.028,49.4,5388.0,4.56,0.717
K05249.01,CANDIDATE,1,19.4534296,4.873,149.0,1.25,744.0,72.59,0.046,9.8,6372.0,4.453,1.015
K05250.01,FALSE POSITIVE,0,3.72273683,8.552,37.8,0.52,1104.0,350.89,0.52,14.7,5898.0,4.567,0.819
K05251.01,FALSE POSITIVE,0,3.7229369,10.57,65.2,0.46,591.0,28.81,0.896,18.6,3724.0,4.767,0.48
K00448.02,CONFIRMED,2,43.5859419,4.6814,1708.7,2.05,275.0,1.35,0.011,38.9,3893.0,4.758,0.5
K05252.01,FALSE POSITIVE,0,1.80455062,2.166,39.7,0.65,1577.0,1457.85,0.348,12.5,6006.0,4.41,1.019
K05255.01,FALSE POSITIVE,0,3.66115536,14.807,34.3,0.81,1466.0,1093.71,0.676,27.8,6356.0,4.241,1.308
K05493.01,FALSE POSITIVE,0,6.993576155,21.2695,2924.0,101.15,1605.0,1569.11,1.317,643.3,6565.0,3.803,2.467
K05495.01,FALSE POSITIVE,0,6.279888981,5.5086,1514.6,196.78,1931.0,3281.24,1.244,150.5,5057.0,3.137,6.222
K05498.01,FALSE POSITIVE,0,519.80221867,14.9678,77183.1,40.88,216.0,0.51,0.894,2502.9,5310.0,4.356,1.03
K05508.01,FALSE POSITIVE,0,22.571972634,4.00349,79325.7,46.14,617.0,34.24,1.056,1040.1,5645.0,4.431,0.871
K05510.01,FALSE POSITIVE,0,1.018861199,6.5005,291214.0,93.47,2505.0,9299.2,0.358,911.3,6225.0,4.009,1.672
K00457.01,CONFIRMED,2,4.9213639,1.8806,761.3,2.14,868.0,134.02,0.026,77.7,5076.0,4.55,0.799
K05773.01,FALSE POSITIVE,0,24.614775,2.395,229.4,1.28,574.0,25.69,0.089,10.5,5654.0,4.536,0.849
K05774.01,FALSE POSITIVE,0,1.21374744,5.79293,185129.0,96.19,2441.0,8380.25,0.831,8755.2,6791.0,4.137,1.619
K05780.01,FALSE POSITIVE,0,5.14108479,25.93,611.2,25.74,1038.0,274.55,1.225,57.0,5893.0,4.505,0.941
K05786.01,FALSE POSITIVE,0,30.114681501,5.68713,87057.3,56.45,639.0,39.44,1.046,2858.1,6273.0,4.442,1.044
K05790.01,CANDIDATE,1,178.266978,5.276,1857.0,3.71,241.0,0.8,0.886,12.5,4899.0,4.624,0.713
K05792.01,FALSE POSITIVE,0,215.737826,7.257,8476.0,8.71,231.0,0.67,0.916,36.8,4889.0,4.574,0.724
K05796.01,FALSE POSITIVE,0,495.854189,8.65,548.6,2.41,230.0,0.67,0.031,10.9,5613.0,4.378,1.044
K06018.01,FALSE POSITIVE,0,16.621853404,3.91517,55296.7,22.32,719.0,63.3,0.58,1872.6,5949.0,4.451,0.907
K06019.01,FALSE POSITIVE,0,19.741616041,3.07231,88821.5,82.98,902.0,156.6,1.04,2153.0,6535.0,4.183,1.529
K06020.01,FALSE POSITIVE,0,5.455766383,2.8923,104538.0,28.2,795.0,94.27,0.794,536.8,5067.0,4.625,0.694
K06021.01,FALSE POSITIVE,0,22.44620704,7.5491,1626.8,58.2,894.0,150.81,1.256,138.8,6070.0,3.969,1.777
K06022.01,FALSE POSITIVE,0,2.765621941,2.3191,8342.2,34.42,1134.0,391.86,1.262,173.2,5423.0,4.542,0.828
K06023.01,FALSE POSITIVE,0,3.664964374,3.9058,90827.0,30.98,1184.0,464.89,0.552,437.8,5726.0,4.403,0.987
K06112.01,FALSE POSITIVE,0,2.243015737,4.31675,277946.0,92.34,1813.0,2547.31,0.661,5552.2,6181.0,4.084,1.444
K06113.01,FALSE POSITIVE,0,4.694218481,4.53365,175471.0,35.81,946.0,189.23,0.616,739.8,5512.0,4.575,0.787
K06114.01,FALSE POSITIVE,0,24.955998503,2.76331,4856.1,36.91,1438.0,1011.42,0.996,555.6,8617.0,3.78,3.018
K06116.01,FALSE POSITIVE,0,4.426942241,1.6116,2896.6,5.43,958.0,199.4,0.951,68.9,5511.0,4.569,0.746
K06117.01,FALSE POSITIVE,0,9.524076544,10.4891,198399.0,151.0,1390.0,882.28,0.313,1942.5,5180.0,3.428,3.371
K06119.01,FALSE POSITIVE,0,3.454241684,4.69505,88194.9,75.11,2010.0,3867.02,0.505,6581.3,6562.0,3.822,2.433
K06236.02,FALSE POSITIVE,0,1.27620899,2.169,186.2,1.46,1851.0,2769.8,0.276,11.4,6304.0,4.435,1.058
K06240.01,FALSE POSITIVE,0,4.768540307,0.9938,347.6,1.84,1010.0,246.11,0.806,4.0,5491.0,4.432,0.887
K06241.01,FALSE POSITIVE,0,73.91858615,6.9735,184074.0,89.96,484.0,12.95,1.137,933.5,6300.0,4.404,1.057
K06243.01,FALSE POSITIVE,0,4.618767943,6.03,32609.2,32.36,1565.0,1418.08,0.004,674.9,6195.0,3.937,1.781
K06244.01,FALSE POSITIVE,0,5.746017234,3.6347,29236.3,29.32,1042.0,278.69,1.008,393.9,5940.0,4.429,0.96
K06245.03,FALSE POSITIVE,0,276.32360146,9.8964,81.3,1.21,352.0,3.63,0.706,4.6,6528.0,4.257,1.26
K06246.01,CANDIDATE,1,9.13315062,2.1557,231.2,1.48,900.0,155.42,0.275,23.0,6122.0,4.487,0.964
K06349.01,FALSE POSITIVE,0,1.831829703,7.289,40509.0,49.38,2078.0,4410.65,0.788,140.4,5269.0,3.667,2.183
K06350.01,FALSE POSITIVE,0,0.738527259,1.2174,422.9,49.08,2978.0,18549.81,1.171,104.1,5869.0,3.825,2.313
K00493.01,FALSE POSITIVE,0,2.908453928,2.5363,427.5,19.44,1181.0,459.47,1.195,40.4,5786.0,4.558,0.824
K06351.01,FALSE POSITIVE,0,0.89627093,2.2033,66994.0,43.47,1733.0,2129.33,1.062,152.9,5551.0,4.493,0.861
K06352.01,CANDIDATE,1,5.11683678,3.119,161.4,1.16,1039.0,275.15,0.286,9.2,5955.0,4.52,0.91
K06353.01,CANDIDATE,1,10.0714369,6.891,49.5,1.98,1362.0,814.46,0.006,10.8,5768.0,3.633,2.81
K06355.01,CANDIDATE,1,4.37198905,2.177,103.7,0.93,1085.0,327.65,0.177,9.9,5823.0,4.489,0.919
K06465.01,FALSE POSITIVE,0,4.24748886,3.053,121.0,1.01,1079.0,319.94,0.242,10.0,5807.0,4.524,0.922
K06466.01,FALSE POSITIVE,0,1.000012952,1.221,36.0,2.12,2858.0,15781.19,0.097,11.9,5176.0,3.534,3.605
K06467.01,FALSE POSITIVE,0,0.878803439,2.74503,410723.0,51.97,1347.0,775.9,0.467,524.8,4524.0,4.566,0.737
K06468.01,FALSE POSITIVE,0,1.560158562,3.4248,240156.0,45.91,1223.0,530.79,0.712,459.9,4926.0,4.548,0.749
K00500.04,CONFIRMED,2,4.645382149,2.0271,565.5,1.33,629.0,36.9,0.154,40.4,4041.0,4.697,0.567
K06469.01,FALSE POSITIVE,0,34.188302705,3.01179,118440.0,74.5,660.0,44.91,0.957,2594.9,5757.0,4.134,1.345
K06470.01,FALSE POSITIVE,0,8.65303996,1.091,497.0,1.88,764.0,80.51,0.369,14.7,5301.0,4.528,0.84
K04148.01,FALSE POSITIVE,0,2.61585431,6.519,169.8,1.28,1358.0,803.03,0.577,26.9,6131.0,4.497,0.945
K04149.01,CANDIDATE,1,9.54699216,5.063,143.0,1.71,996.0,232.24,0.879,17.4,6274.0,4.357,1.232
K00395.01,FALSE POSITIVE,0,6.77449545,2.5416,481.9,29.41,1219.0,521.03,1.178,41.9,6517.0,4.265,1.342
K04149.02,CANDIDATE,1,14.708641,5.394,130.6,1.82,862.0,130.5,0.96,12.8,6274.0,4.357,1.232
K04150.01,CONFIRMED,2,31.3351094,6.071,264.9,1.99,666.0,46.53,0.706,16.7,6404.0,4.393,1.142
K04151.01,FALSE POSITIVE,0,0.89486317,2.657,172.0,1.19,1764.0,2296.25,0.65,16.1,5764.0,4.548,0.863
K04152.01,CANDIDATE,1,64.1862264,8.485,507.3,8.0,839.0,116.97,0.968,18.6,6951.0,3.766,2.758
K04255.01,CONFIRMED,2,6.30558387,2.619,193.1,2.52,1125.0,378.9,0.601,9.5,4934.0,3.927,1.756
K04256.01,FALSE POSITIVE,0,4.2058608,7.39,182.0,1.14,1012.0,248.04,0.438,13.3,5590.0,4.56,0.839
K00401.03,CONFIRMED,2,55.3291399,6.918,325.7,1.67,436.0,8.55,0.209,21.8,5376.0,4.462,0.94
K04257.01,CANDIDATE,1,41.6757509,10.848,142.0,2.1,690.0,53.72,0.256,22.6,5745.0,3.957,1.763
K04258.01,FALSE POSITIVE,0,0.566801617,2.75,24.9,0.88,3018.0,19598.53,0.565,26.4,6287.0,4.064,1.693
K04259.01,CANDIDATE,1,0.909127736,1.431,98.7,0.98,1818.0,2566.87,0.098,13.9,5486.0,4.389,0.996
K04260.03,FALSE POSITIVE,0,358.66044,16.732,133.8,1.62,304.0,2.02,0.062,15.6,5619.0,4.07,1.406
K04371.01,CONFIRMED,2,66.373298,8.559,415.0,1.99,471.0,11.59,0.021,13.7,6143.0,4.47,0.976
K00408.04,CONFIRMED,2,3.42806306,2.417,178.4,1.21,1131.0,386.14,0.082,16.6,5559.0,4.47,0.914
K04372.01,CONFIRMED,2,6.24564633,2.459,212.0,1.06,731.0,67.62,0.594,11.9,4858.0,4.622,0.707
K04373.01,FALSE POSITIVE,0,0.945829261,1.715,98.2,0.86,1790.0,2433.01,0.326,15.1,5959.0,4.546,0.859
K04374.01,CANDIDATE,1,3.70386741,1.41,125.7,0.86,1012.0,247.2,0.033,13.1,5496.0,4.592,0.776
K04375.01,FALSE POSITIVE,0,0.638437699,0.3028,286.8,2.48,1709.0,2024.34,0.904,25.8,5073.0,4.571,0.824
K04376.01,FALSE POSITIVE,0,1.8912851,6.182,1223.4,19.96,1061.0,299.44,1.216,25.7,4700.0,4.605,0.707
K04477.02,CONFIRMED,2,9.32867952,1.572,354.4,1.62,806.0,99.6,0.035,12.7,5749.0,4.547,0.864
K04478.01,CONFIRMED,2,6.38671206,1.201,223.7,1.19,811.0,102.25,0.015,11.6,5071.0,4.505,0.811
K04479.01,FALSE POSITIVE,0,359.08368,15.67,618.7,29.15,268.0,1.23,1.262,10.8,6256.0,4.493,0.932
K04480.01,CANDIDATE,1,58.7488629,3.191,473.6,1.75,425.0,7.7,0.186,13.6,5574.0,4.505,0.805
K04481.01,FALSE POSITIVE,0,3.74784374,3.658,116.5,1.08,1226.0,534.57,0.093,12.8,6122.0,4.471,0.996
K04482.01,CANDIDATE,1,5.38299284,3.336,35.1,0.78,1253.0,582.98,0.417,10.7,6256.0,4.27,1.293
K04483.01,FALSE POSITIVE,0,1.71028117,2.61,111.6,0.91,1454.0,1055.42,0.372,13.8,5910.0,4.55,0.855
K04588.01,CANDIDATE,1,7.53737498,3.966,41.1,0.93,1210.0,506.84,0.225,11.3,6483.0,4.206,1.436
K04589.01,FALSE POSITIVE,0,1.09844642,1.528,45.0,1.73,2921.0,17139.77,0.727,15.1,6403.0,3.772,2.391
K04590.01,CANDIDATE,1,9.54060855,1.869,462.0,1.75,735.0,69.25,0.031,11.2,5271.0,4.522,0.831
K04591.01,CANDIDATE,1,1.80926734,2.469,98.0,0.89,1444.0,1028.71,0.385,10.9,5897.0,4.531,0.891
K04592.01,FALSE POSITIVE,0,0.70544189,1.772,133.5,1.04,1960.0,3481.65,0.328,13.9,5838.0,4.529,0.897
K04593.01,FALSE POSITIVE,0,0.981399749,0.5051,158.3,1.21,1820.0,2602.14,0.408,16.2,6038.0,4.524,0.898
K04594.01,FALSE POSITIVE,0,0.643007769,0.69,68.1,0.35,1070.0,311.13,0.012,10.3,3925.0,4.825,0.421
K04706.01,CONFIRMED,2,101.952048,5.991,152.5,1.31,428.0,7.92,0.084,10.3,6210.0,4.407,1.054
K04707.01,FALSE POSITIVE,0,26.190289,2.148,51.8,1.05,793.0,93.35,0.109,9.3,6434.0,4.208,1.441
K04709.01,CANDIDATE,1,3.70858595,1.94,305.4,1.33,995.0,231.84,0.115,11.3,5420.0,4.596,0.771
K04710.01,CANDIDATE,1,9.4527721,3.817,197.3,1.3,832.0,113.38,0.746,11.3,5973.0,4.547,0.857
K04711.01,CANDIDATE,1,4.3638313,1.457,194.1,1.08,976.0,214.31,0.39,10.3,5623.0,4.596,0.763
K04712.01,FALSE POSITIVE,0,1.44438449,2.704,75.4,1.08,1980.0,3622.28,0.466,10.8,6667.0,4.358,1.213
K04713.01,CANDIDATE,1,8.7963166,4.696,96.5,1.36,882.0,142.92,0.979,11.9,5780.0,4.438,1.0
K04836.01,FALSE POSITIVE,0,0.60818508,0.909,144.7,96.03,2298.0,6637.9,1.835,18.9,5981.0,4.372,1.043
K04837.01,CANDIDATE,1,5.38613715,1.943,169.3,0.86,846.0,121.37,0.197,8.9,5516.0,4.669,0.656
K04838.01,CANDIDATE,1,13.2965044,5.68,133.4,0.88,488.0,13.42,0.902,9.1,4352.0,4.671,0.613
K04838.02,CANDIDATE,1,6.33342309,3.46,123.3,7.62,625.0,36.11,1.101,7.5,4352.0,4.671,0.613
K04838.03,CANDIDATE,1,24.0721647,3.171,177.3,1.1,400.0,6.08,0.949,6.7,4352.0,4.671,0.613
K04839.01,CANDIDATE,1,21.8420304,3.843,79.5,2.01,1016.0,251.46,0.208,9.5,6194.0,3.813,2.241
K00435.05,CONFIRMED,2,62.3026877,7.509,859.3,3.05,454.0,10.05,0.712,45.0,5688.0,4.415,0.971
K04982.01,FALSE POSITIVE,0,1.606003121,4.88602,402550.0,360.08,3359.0,30041.73,0.496,4679.3,5297.0,2.909,5.059
K04987.01,CANDIDATE,1,12.5748872,3.549,731.0,1.03,349.0,3.49,0.035,7.8,3552.0,4.867,0.387
K04992.01,CANDIDATE,1,12.5747207,2.896,323.3,1.45,693.0,54.46,0.588,10.5,5654.0,4.59,0.774
K04997.01,FALSE POSITIVE,0,119.669671,20.67,421.9,2.21,413.0,6.88,0.332,14.2,6382.0,4.432,1.059
K04999.01,CANDIDATE,1,65.752109,6.854,382.5,2.0,458.0,10.36,0.109,9.9,5816.0,4.432,1.03
K05005.01,FALSE POSITIVE,0,251.958533,4.742,204.1,1.4,291.0,1.69,0.005,15.3,5870.0,4.449,0.985
K05007.01,CANDIDATE,1,14.5168151,5.796,86.0,1.82,1030.0,265.78,0.607,11.7,5934.0,3.945,1.885
K05260.01,FALSE POSITIVE,0,1.55935718,2.892,49.7,1.39,2389.0,7676.02,0.568,17.9,6475.0,3.921,1.9
K05267.01,FALSE POSITIVE,0,5.1779065,5.366,129.5,2.93,1636.0,1692.64,0.073,9.5,5921.0,3.766,2.589
K05270.02,FALSE POSITIVE,0,0.907818056,1.679,29.5,0.55,2012.0,3871.99,0.037,13.2,6210.0,4.456,1.014
K05271.01,FALSE POSITIVE,0,5.24331899,11.137,106.8,0.83,875.0,138.45,0.778,20.1,5430.0,4.613,0.735
K05272.01,FALSE POSITIVE,0,5.2433865,12.472,65.4,0.75,1038.0,274.95,0.489,19.2,6011.0,4.522,0.902
K05273.01,FALSE POSITIVE,0,5.2435703,15.864,228.5,12.68,890.0,148.79,1.145,25.1,5558.0,4.621,0.722
K05274.01,FALSE POSITIVE,0,55.7583803,2.497,132.7,1.59,537.0,19.6,0.01,9.0,5413.0,4.107,1.403
K05512.01,CANDIDATE,1,8.5852872,2.834,1406.0,3.02,777.0,85.95,0.029,11.0,5488.0,4.57,0.818
K05513.01,FALSE POSITIVE,0,100.303613,10.578,488038.0,78.77,421.0,7.41,0.388,354.7,6060.0,4.397,1.046
K05515.01,CANDIDATE,1,6.263491873,0.8513,2829.0,6.46,1180.0,458.5,0.048,35.1,6247.0,4.255,1.194
K05516.01,FALSE POSITIVE,0,0.83620025,3.7127,331275.0,65.64,1932.0,3299.29,0.56,145.4,5780.0,4.438,1.0
K05518.01,FALSE POSITIVE,0,558.21886,13.556,1539.4,3.1,198.0,0.36,0.022,19.1,5679.0,4.581,0.794
K05521.01,FALSE POSITIVE,0,31.59115876,2.6431,1434.4,72.91,783.0,88.84,1.247,83.5,5178.0,3.714,2.295
K05524.01,FALSE POSITIVE,0,9.63647672,2.999,47.6,2.02,1243.0,565.04,0.046,11.1,5125.0,3.631,3.007
K05797.01,FALSE POSITIVE,0,2.037453129,5.43155,315914.0,136.3,2220.0,5752.74,0.611,6944.9,6456.0,3.906,2.056
K00464.02,CONFIRMED,2,5.350156114,2.2647,764.8,2.6,989.0,226.02,0.008,87.1,5592.0,4.467,0.953
K05800.01,CANDIDATE,1,11.006795,5.112,146.4,1.34,874.0,138.34,0.66,10.9,6091.0,4.424,1.047
K05801.02,FALSE POSITIVE,0,0.93373761,3.303,58.7,1.0,2073.0,4359.29,0.041,9.7,5534.0,4.17,1.326
K05802.01,FALSE POSITIVE,0,35.164087,86.05,1528.9,62.03,756.0,77.33,1.227,38.3,5485.0,3.82,2.087
K05804.01,FALSE POSITIVE,0,1.42796645,12.8653,6012.3,39.76,1637.0,1700.47,1.305,347.6,6099.0,4.511,0.919
K05805.01,FALSE POSITIVE,0,525.757041,4.995,830.2,11.07,372.0,4.52,0.11,14.4,5277.0,3.495,3.931
K06024.01,FALSE POSITIVE,0,6.8072842,1.9477,14578.0,31.15,1156.0,421.16,0.923,32.9,5182.0,3.935,1.824
K06025.01,FALSE POSITIVE,0,2.136577151,2.4682,79078.0,43.89,1311.0,698.75,0.996,124.3,5457.0,4.442,0.905
K06026.01,FALSE POSITIVE,0,2.638432816,2.42989,48488.0,49.77,1933.0,3299.02,0.863,529.4,6502.0,3.991,1.753
K06027.01,FALSE POSITIVE,0,11.991000357,6.4648,375940.0,78.78,897.0,153.29,0.534,802.9,5988.0,4.271,1.13
K00474.01,CONFIRMED,2,10.94577783,3.0937,532.8,2.84,881.0,142.23,0.819,52.5,5888.0,4.342,1.097
K06028.01,FALSE POSITIVE,0,37.80694072,3.84264,106334.0,72.01,617.0,34.14,1.111,1571.8,6387.0,4.41,1.105
K06120.01,CANDIDATE,1,90.097375,12.697,282.6,1.7,430.0,8.05,0.042,11.5,6116.0,4.444,1.008
K00479.01,CONFIRMED,2,34.18884323,5.3278,1063.2,2.97,526.0,18.05,0.065,83.9,5515.0,4.453,0.925
K06121.01,FALSE POSITIVE,0,1.237147407,7.06623,435364.0,106.18,2107.0,4680.26,0.466,5557.4,6064.0,4.16,1.449
K06122.01,FALSE POSITIVE,0,1.28619671,1.114,137.2,1.27,1646.0,1740.01,0.874,5.9,5650.0,4.391,0.926
K06123.01,FALSE POSITIVE,0,2.649026189,2.4698,52172.0,32.7,1377.0,852.59,0.914,190.1,5838.0,4.342,0.988
K06124.01,FALSE POSITIVE,0,6.932281325,11.0301,6405.9,90.57,1872.0,2902.34,1.291,325.8,8675.0,4.08,2.168
K06125.01,FALSE POSITIVE,0,2.151384476,3.34471,263861.0,66.2,1725.0,2097.48,0.237,2657.6,6184.0,4.19,1.257
K06247.01,FALSE POSITIVE,0,3.963787093,3.10316,25015.2,28.11,1389.0,880.12,0.95,584.8,6617.0,4.373,1.18
K06248.01,FALSE POSITIVE,0,1.759208679,4.60837,362327.0,66.06,1475.0,1121.32,0.548,1967.2,5721.0,4.453,0.961
K00487.01,CONFIRMED,2,7.65880048,3.0427,668.2,2.19,858.0,128.18,0.017,57.6,5657.0,4.508,0.855
K06249.01,FALSE POSITIVE,0,1.6031794,0.91,449.2,2.47,938.0,183.39,0.583,27.5,5761.0,4.438,0.997
K06250.01,CANDIDATE,1,1.853209359,1.7543,12319.1,32.99,2100.0,4584.55,0.99,238.9,6384.0,4.026,1.716
K06251.01,FALSE POSITIVE,0,14.66769462,2.4462,29862.0,145.18,1552.0,1370.6,1.169,86.5,7517.0,3.717,3.226
K06252.01,FALSE POSITIVE,0,8.460438928,4.73492,76412.9,36.62,804.0,98.6,1.061,1797.4,5951.0,4.638,0.702
K06356.01,FALSE POSITIVE,0,24.09002065,11.0494,6782.2,9.39,551.0,21.85,0.946,252.3,5354.0,4.495,0.804
K06358.01,CANDIDATE,1,3.09383248,1.576,373.7,1.32,998.0,233.91,0.356,9.7,5327.0,4.646,0.681
K06359.01,FALSE POSITIVE,0,2.666961614,2.4774,7583.4,40.68,1469.0,1104.26,1.276,249.5,6609.0,4.484,0.974
K06360.01,FALSE POSITIVE,0,15.582794732,3.76683,52760.0,14.0,397.0,5.86,0.759,439.3,3849.0,4.703,0.546
K06361.01,CANDIDATE,1,1.529283907,14.0075,54.8,2.26,2550.0,9998.13,0.981,41.5,6438.0,3.829,2.266
K06362.01,FALSE POSITIVE,0,2.908454772,2.6005,64325.0,40.85,1153.0,416.75,1.113,252.8,5631.0,4.518,0.764
K00494.01,CONFIRMED,2,25.69581456,4.0251,1130.8,1.7,314.0,2.3,0.68,45.1,3787.0,4.775,0.477
K06471.01,FALSE POSITIVE,0,8.65311903,1.273,206.8,0.85,493.0,13.95,0.701,8.9,3929.0,4.705,0.55
K06472.01,FALSE POSITIVE,0,0.796815149,1.0727,55.9,10.23,5480.0,212663.45,0.524,4.8,4897.0,2.464,13.499
K06473.01,FALSE POSITIVE,0,26.951237675,8.27486,86749.2,146.33,1082.0,324.38,1.04,1451.7,6675.0,3.748,2.747
K06474.01,FALSE POSITIVE,0,18.11208877,6.7828,116633.0,96.62,1068.0,307.27,0.982,217.7,7323.0,4.167,1.722
K06475.01,CANDIDATE,1,4.84505985,2.078,298.4,1.54,723.0,64.57,0.903,10.7,4337.0,4.581,0.714
K06476.01,FALSE POSITIVE,0,4.408295716,3.62479,37964.0,35.68,942.0,186.23,1.159,386.1,5496.0,4.607,0.743
K06477.01,FALSE POSITIVE,0,8.665259912,3.1088,1840.6,82.42,1378.0,852.84,1.269,181.4,6071.0,3.796,2.389
K04153.01,CONFIRMED,2,4.62602867,0.643,346.9,1.65,1012.0,247.34,0.739,14.7,5834.0,4.566,0.797
K04154.02,FALSE POSITIVE,0,122.906853,15.97,819.7,3.55,338.0,3.08,0.974,19.9,5692.0,4.547,0.866
K04155.01,FALSE POSITIVE,0,12.422216754,6.5533,54.5,0.8,864.0,131.73,0.056,11.0,6231.0,4.424,1.084
K04156.01,CONFIRMED,2,4.85018974,5.676,64.5,1.1,1098.0,344.04,0.985,15.8,6032.0,4.485,0.973
K04157.01,CONFIRMED,2,3.82315697,2.388,47.2,0.77,1282.0,638.38,0.064,8.9,6202.0,4.422,1.122
K04157.02,CANDIDATE,1,5.215752,1.13,46.8,0.83,1156.0,422.67,0.729,5.1,6202.0,4.422,1.122
K00396.01,CANDIDATE,1,14.591504451,1.1295,1490.5,36.85,879.0,140.82,1.21,68.0,5940.0,4.199,1.312
K04260.04,CANDIDATE,1,84.799829,15.21,56.1,1.16,491.0,13.79,0.795,14.4,5619.0,4.07,1.406
K04261.01,CONFIRMED,2,1.450889836,1.753,135.7,1.21,1700.0,1970.75,0.333,15.7,6046.0,4.423,1.023
K04262.01,FALSE POSITIVE,0,1.089076495,2.274,43.7,0.75,2016.0,3923.24,0.597,15.3,6444.0,4.416,1.079
K04263.01,FALSE POSITIVE,0,1.662710314,1.83,85.9,2.16,2307.0,6700.6,0.577,23.8,6028.0,3.842,2.244
K04264.01,FALSE POSITIVE,0,0.888478095,1.5312,340.4,1.51,1665.0,1825.96,0.452,24.6,5553.0,4.577,0.806
K04265.01,FALSE POSITIVE,0,2.18242002,4.103,69.7,0.7,1283.0,638.12,0.721,13.8,5808.0,4.583,0.786
K00402.01,FALSE POSITIVE,0,17.177328207,7.6702,24419.2,15.29,720.0,63.7,0.267,1357.5,6032.0,4.485,0.973
K04377.01,CANDIDATE,1,19.8751355,8.041,109.0,2.49,1061.0,299.47,0.919,15.2,6918.0,4.021,2.004
K04379.01,FALSE POSITIVE,0,1.275511306,1.889,69.3,0.84,1739.0,2160.97,0.011,10.3,5921.0,4.418,1.015
K04380.01,CANDIDATE,1,5.78159956,2.222,72.8,1.7,1475.0,1117.19,0.66,16.4,6443.0,4.023,1.884
K04381.01,FALSE POSITIVE,0,8.4805019,8.345,164.9,1.26,781.0,87.82,0.972,11.0,5555.0,4.554,0.737
K04382.01,CONFIRMED,2,2.94648935,3.155,57.0,0.89,1497.0,1187.5,0.01,12.7,6481.0,4.378,1.171
K00408.05,FALSE POSITIVE,0,93.803766,2.946,460.1,2.05,375.0,4.69,0.63,8.6,5559.0,4.47,0.914
K04383.01,CONFIRMED,2,4.34195312,2.598,73.3,0.94,1236.0,552.7,0.118,10.6,6164.0,4.378,1.09
K00415.01,CANDIDATE,1,166.7876551,5.8676,4764.2,7.03,334.0,2.93,0.041,183.8,5663.0,4.377,1.031
K04484.01,CONFIRMED,2,2.29794819,2.84,83.2,0.98,1547.0,1352.14,0.108,12.2,6371.0,4.426,1.072
K04487.01,CANDIDATE,1,3.48754109,1.811,85.1,0.72,988.0,224.74,0.32,7.3,5252.0,4.593,0.783
K04489.01,FALSE POSITIVE,0,0.631106722,0.9942,49.2,0.63,1945.0,3367.19,0.194,17.6,5400.0,4.443,0.898
K04491.01,CONFIRMED,2,114.336052,14.077,239.8,2.09,429.0,8.02,0.529,13.0,5802.0,4.218,1.316
K04492.01,FALSE POSITIVE,0,0.63938062,1.2067,308.0,51.53,2566.0,10289.98,1.377,97.5,6607.0,4.363,1.204
K04493.01,FALSE POSITIVE,0,2.41795911,2.727,100.5,0.53,878.0,140.54,0.145,10.1,4623.0,4.719,0.534
K04595.01,CANDIDATE,1,0.597018404,0.4778,245.4,1.09,1578.0,1473.77,0.44,16.5,4985.0,4.675,0.63
K00423.01,CONFIRMED,2,21.0871953,5.92691,8894.7,14.43,873.0,137.06,0.065,556.2,6266.0,4.101,1.522
K04596.01,FALSE POSITIVE,0,1.061937837,2.31,52.0,0.68,1757.0,2252.16,0.125,16.3,5893.0,4.505,0.941
K04597.01,CANDIDATE,1,4.82025124,2.129,94.1,0.78,1018.0,254.2,0.538,8.5,6035.0,4.591,0.777
K04598.01,FALSE POSITIVE,0,0.824180121,2.839,208.1,17.8,1912.0,3155.32,1.171,39.7,5977.0,4.514,0.883
K04598.02,FALSE POSITIVE,0,0.824181335,2.4864,224.7,18.2,1912.0,3155.32,1.174,40.2,5977.0,4.514,0.883
K04599.01,FALSE POSITIVE,0,0.579770948,1.0377,467.9,2.4,1953.0,3425.06,0.946,44.3,5561.0,4.561,0.854
K00430.02,CANDIDATE,1,9.340538,2.57,200.8,0.84,530.0,18.69,0.074,11.1,4200.0,4.664,0.607
K04714.01,CANDIDATE,1,2.049602348,1.061,186.1,1.08,1203.0,494.57,0.435,11.3,5356.0,4.589,0.78
K04715.01,CANDIDATE,1,53.285584,6.492,158.6,1.44,537.0,19.63,0.754,11.0,6015.0,4.297,1.057
K04716.01,CANDIDATE,1,5.8943338,3.475,28.9,0.61,1092.0,335.9,0.003,10.7,5929.0,4.357,1.145
K04717.01,FALSE POSITIVE,0,216.456055,11.067,1002.8,3.61,320.0,2.48,0.033,14.2,5645.0,4.299,1.155
K04718.01,FALSE POSITIVE,0,0.566803216,3.325,20.2,0.54,2642.0,11526.75,0.424,15.5,6473.0,4.33,1.182
K04720.01,FALSE POSITIVE,0,37.809539,7.547,487.4,1.79,483.0,12.89,0.03,9.7,5595.0,4.57,0.82
K04840.01,CANDIDATE,1,10.4716194,4.512,123.9,1.74,1035.0,271.12,0.184,11.7,5812.0,4.083,1.574
K04841.01,FALSE POSITIVE,0,0.708726708,0.753,313.6,0.92,1302.0,684.35,0.28,13.4,4607.0,4.733,0.515
K04843.01,FALSE POSITIVE,0,373.60683,8.752,534.8,2.5,271.0,1.28,0.588,9.3,6184.0,4.448,1.038
K04844.01,CANDIDATE,1,0.428046051,0.776,126.0,0.87,2017.0,3877.26,0.041,14.1,5285.0,4.566,0.775
K04845.01,FALSE POSITIVE,0,0.814278961,2.087,72.0,0.76,1762.0,2284.94,0.451,13.0,5537.0,4.539,0.886
K04846.01,FALSE POSITIVE,0,19.254536,4.754,186.0,1.32,625.0,36.02,0.806,9.2,5668.0,4.545,0.868
K04846.02,CANDIDATE,1,32.526674,6.842,204.9,1.26,525.0,17.91,0.472,9.7,5668.0,4.545,0.868
K00442.01,CONFIRMED,2,13.54057461,4.4673,461.0,2.17,779.0,87.1,0.18,53.3,5767.0,4.389,1.014
K05007.02,CANDIDATE,1,80.881757,12.568,142.7,2.27,581.0,26.91,0.335,12.2,5934.0,3.945,1.885
K05010.01,FALSE POSITIVE,0,1.540399732,1.63,57.6,0.58,1312.0,700.19,0.106,14.8,5160.0,4.518,0.784
K05011.01,FALSE POSITIVE,0,1.540389045,1.8325,485.7,32.54,4379.0,86889.72,0.136,48.6,4964.0,2.562,15.155
K05012.01,FALSE POSITIVE,0,1.540393027,1.75,526.2,2.17,1502.0,1200.85,0.343,72.1,5466.0,4.396,0.946
K05013.01,FALSE POSITIVE,0,0.888045184,2.1961,90.6,2.04,2870.0,15984.12,0.491,26.6,6316.0,3.908,2.087
K05014.01,FALSE POSITIVE,0,359.04147,14.04,3658.0,27.1,181.0,0.25,1.28,11.2,4596.0,4.59,0.696
K05275.01,FALSE POSITIVE,0,3.781123,8.15,90.4,1.16,1421.0,962.72,0.004,9.0,6318.0,4.247,1.216
K00449.01,FALSE POSITIVE,0,252.0792347,3.9808,5582.6,41.07,318.0,2.42,1.283,104.1,6348.0,4.434,1.014
K05276.01,CANDIDATE,1,220.720142,8.186,862.5,2.0,235.0,0.72,0.113,12.0,5150.0,4.634,0.696
K05278.01,CANDIDATE,1,281.5921577,5.673,9312.0,7.22,225.0,0.61,0.641,76.0,5330.0,4.627,0.713
K05279.01,CANDIDATE,1,103.722152,6.061,296.9,1.95,414.0,6.92,0.017,9.4,5784.0,4.33,1.143
K05280.01,FALSE POSITIVE,0,0.650701055,0.89164,371061.0,281.62,6285.0,370319.14,0.4,234.3,10921.0,3.811,3.701
K05284.01,CANDIDATE,1,389.316341,5.49,2599.8,27.61,245.0,0.86,1.202,34.7,5731.0,4.44,0.958
K05527.01,FALSE POSITIVE,0,209.06299275,10.0389,250913.0,72.26,329.0,2.77,0.823,3295.6,6130.0,4.42,1.024
K05529.01,FALSE POSITIVE,0,70.335879746,4.65625,24418.4,29.56,455.0,10.1,1.04,2148.6,6081.0,4.478,0.966
K05542.01,FALSE POSITIVE,0,1.061934307,3.211,264.8,18.7,1696.0,1958.71,1.181,70.9,5853.0,4.544,0.868
K00457.02,CONFIRMED,2,7.064252021,1.3867,728.9,2.37,769.0,82.76,0.752,52.5,5076.0,4.55,0.799
K05543.01,CANDIDATE,1,7.41505161,2.061,937.0,91.09,2815.0,14853.21,0.979,18.3,4989.0,2.442,18.266
K05544.01,FALSE POSITIVE,0,2.742590902,10.4143,680398.0,176.4,1960.0,3487.05,0.473,682.9,7072.0,4.129,1.705
K05814.01,FALSE POSITIVE,0,25.285232337,4.76313,63021.6,69.68,740.0,70.73,1.208,5902.4,6486.0,4.337,1.136
K05817.01,CANDIDATE,1,113.083522,10.315,130.7,1.59,450.0,9.65,0.039,13.0,5903.0,4.179,1.4
K05818.01,FALSE POSITIVE,0,1.23138339,3.943,72.7,0.82,1648.0,1746.21,0.348,21.0,5791.0,4.505,0.958
K05823.01,FALSE POSITIVE,0,0.745086745,4.29,270.0,1.29,1654.0,1775.23,0.626,61.4,5325.0,4.607,0.75
K05827.01,CONFIRMED,2,6.10968225,5.735,60.3,0.79,1093.0,337.78,0.108,18.6,6024.0,4.309,1.009
K00466.01,FALSE POSITIVE,0,9.391039263,2.8386,2895.6,11.73,1068.0,308.13,0.964,141.0,5944.0,4.132,1.498
K05831.01,CANDIDATE,1,10.552241908,2.7355,954.0,1.75,485.0,13.12,0.025,12.3,4031.0,4.666,0.585
K06029.01,FALSE POSITIVE,0,3.026764871,4.32532,66719.9,26.36,1360.0,810.38,0.198,1561.2,6283.0,4.459,1.01
K06030.01,FALSE POSITIVE,0,3.840130917,2.8951,60401.0,33.44,1205.0,498.48,0.872,275.6,5931.0,4.418,1.012
K06031.01,FALSE POSITIVE,0,5.554227226,4.77434,142313.0,31.71,930.0,176.7,0.174,1517.7,5433.0,4.465,0.843
K06032.01,FALSE POSITIVE,0,1.570919281,3.2232,65124.0,59.12,1797.0,2473.29,1.083,316.9,6192.0,4.326,1.162
K06033.01,FALSE POSITIVE,0,35.08976902,3.9623,5754.6,33.1,501.0,14.95,1.264,170.8,5603.0,4.556,0.846
K06034.01,FALSE POSITIVE,0,5.233450136,8.57374,430422.0,70.33,1050.0,287.6,0.457,3921.8,5841.0,4.454,0.977
K06126.01,FALSE POSITIVE,0,17.4352218,51.666,603.3,67.91,1195.0,482.16,1.211,121.8,6313.0,3.706,2.641
K06128.01,FALSE POSITIVE,0,12.42555055,28.492,409.0,3.79,1027.0,262.42,0.973,123.7,6381.0,4.155,1.423
K06129.01,FALSE POSITIVE,0,12.42592247,31.5,8707.6,79.21,1547.0,1353.9,0.885,190.8,4849.0,3.06,6.952
K06130.01,CANDIDATE,1,1.54287434,1.1121,401.4,1.05,1007.0,243.62,0.013,20.7,4530.0,4.704,0.539
K06132.01,CANDIDATE,1,33.3200908,6.5265,6186.9,13.0,750.0,74.79,0.069,84.5,6264.0,4.133,1.651
K00480.01,CONFIRMED,2,4.30165843,2.1055,739.4,2.42,1009.0,244.48,0.547,88.3,5480.0,4.509,0.865
K06132.02,CONFIRMED,2,7.5844241,3.918,1005.0,5.83,1228.0,537.4,0.815,23.8,6264.0,4.133,1.651
K06257.01,FALSE POSITIVE,0,2.32539968,16.791,288.1,9.76,2501.0,9234.82,1.004,79.9,7046.0,3.831,2.724
K06258.01,FALSE POSITIVE,0,0.764597756,1.119,16.6,0.72,2708.0,12721.72,0.345,12.0,6218.0,4.066,1.726
K06259.01,CANDIDATE,1,4.78113942,2.733,105.8,1.14,1130.0,386.46,0.118,9.6,5683.0,4.326,1.115
K06259.02,CANDIDATE,1,7.18864064,2.364,133.5,1.3,987.0,223.87,0.424,9.3,5683.0,4.326,1.115
K06260.01,FALSE POSITIVE,0,4.101595158,6.10362,366585.0,51.08,1028.0,264.23,0.394,3809.8,5610.0,4.533,0.808
K06261.01,FALSE POSITIVE,0,2.43574046,22.25,6223.0,24.62,2102.0,4614.94,0.997,74.6,7239.0,4.129,1.781
K00488.01,CONFIRMED,2,9.3789167,3.3427,563.5,2.03,803.0,98.22,0.671,42.6,5684.0,4.493,0.808
K06363.01,FALSE POSITIVE,0,1.540396094,2.8044,55123.0,48.81,1576.0,1455.18,1.093,340.4,5780.0,4.438,1.0
K06364.01,FALSE POSITIVE,0,1.540395674,2.80168,70614.6,117.33,2850.0,15595.35,1.072,997.9,7394.0,3.897,2.283
K06365.01,FALSE POSITIVE,0,2.344138713,0.4495,110.8,2.43,1797.0,2469.65,0.104,8.6,5313.0,3.835,2.095
K06366.01,FALSE POSITIVE,0,0.91849333,2.399,58.7,0.93,2205.0,5576.7,0.276,13.0,6469.0,4.385,1.193
K06367.01,FALSE POSITIVE,0,1.341078755,3.86492,112151.0,41.8,1968.0,3533.56,0.309,1829.3,6368.0,4.323,1.225
K06368.01,CANDIDATE,1,9.4588054,3.66,270.0,1.78,943.0,187.04,0.365,8.6,6247.0,4.433,1.066
K06371.01,FALSE POSITIVE,0,25.95193721,15.9897,399167.0,123.34,904.0,157.59,0.51,915.3,6569.0,4.008,1.729
K06478.01,FALSE POSITIVE,0,4.726086185,4.39793,181820.0,41.38,1032.0,267.96,0.651,1564.3,5873.0,4.547,0.863
K00500.05,CONFIRMED,2,0.986785834,1.1879,450.0,1.19,1054.0,292.35,0.026,51.5,4041.0,4.697,0.567
K06479.01,FALSE POSITIVE,0,8.643550046,3.1273,67298.6,38.21,779.0,87.16,1.076,849.3,5679.0,4.605,0.747
K06481.01,FALSE POSITIVE,0,0.922030594,4.367,13859.0,49.63,2194.0,5474.27,1.242,331.7,6484.0,4.386,1.153
K06483.01,FALSE POSITIVE,0,24.714790706,5.06776,208732.0,112.24,901.0,155.67,0.781,5148.8,6300.0,3.982,1.862
K06485.01,FALSE POSITIVE,0,3.6329347,2.3,449.2,2.47,938.0,183.39,0.583,27.5,5761.0,4.438,0.997
K06486.01,FALSE POSITIVE,0,1.161947482,4.46886,129896.0,68.69,2174.0,5300.4,0.815,2435.4,6225.0,4.204,1.457
K04158.01,FALSE POSITIVE,0,0.842336445,1.519,80.1,0.9,1941.0,3367.24,0.266,8.8,5765.0,4.415,0.998
K04159.01,CONFIRMED,2,0.971915957,1.6023,73.7,0.79,1609.0,1591.27,0.592,16.7,5196.0,4.458,0.889
K04160.01,CONFIRMED,2,3.03196812,1.723,81.5,0.9,1269.0,614.2,0.287,15.8,5755.0,4.402,0.993
K04161.01,FALSE POSITIVE,0,1.2940561,0.97,51.2,5.27,4465.0,93976.84,0.394,6.4,6635.0,3.092,7.146
K04162.01,FALSE POSITIVE,0,0.53936593,5.434,145.0,9.19,5016.0,149399.93,0.988,57.6,6341.0,3.301,5.302
K04163.01,FALSE POSITIVE,0,94.446856,7.502,436.4,7.13,611.0,32.93,0.977,20.0,5780.0,3.729,2.478
K04164.01,FALSE POSITIVE,0,0.92565941,1.488,30.0,0.88,2383.0,7600.86,0.042,11.2,6058.0,4.135,1.612
K04266.01,FALSE POSITIVE,0,0.503999678,0.5421,975.6,2.97,1605.0,1566.41,0.962,96.8,4898.0,4.686,0.568
K04267.01,CONFIRMED,2,2.20829637,2.841,87.9,1.36,1709.0,2016.25,0.205,12.0,6028.0,4.189,1.454
K04268.01,CONFIRMED,2,0.849906734,1.141,124.3,0.59,1139.0,396.64,0.64,12.0,4296.0,4.733,0.505
K04269.01,CONFIRMED,2,26.6565737,4.954,163.4,4.15,903.0,157.45,0.686,18.8,5159.0,3.604,3.062
K04269.02,FALSE POSITIVE,0,4.4408541,8.083,33.9,1.74,1642.0,1719.2,0.005,12.0,5159.0,3.604,3.062
K04271.01,FALSE POSITIVE,0,0.641069613,1.033,78.6,0.86,2196.0,5512.38,0.061,10.5,6077.0,4.451,0.961
K04272.01,FALSE POSITIVE,0,1.21475168,6.93,266.1,5.5,3302.0,28091.85,0.461,7.9,6732.0,3.632,3.276
K04383.02,CANDIDATE,1,2.58393841,2.169,49.4,0.77,1470.0,1103.3,0.229,8.5,6164.0,4.378,1.09
K04384.01,CONFIRMED,2,122.358116,10.768,352.8,2.15,407.0,6.46,0.255,12.2,5998.0,4.324,1.139
K04385.01,CONFIRMED,2,7.298142,3.024,370.5,1.6,786.0,90.04,0.411,13.6,5119.0,4.508,0.834
K04385.02,CONFIRMED,2,386.370512,11.007,1336.4,2.96,209.0,0.45,0.01,13.1,5119.0,4.508,0.834
K04385.03,CANDIDATE,1,17.3695112,4.012,314.0,1.45,588.0,28.35,0.28,8.6,5119.0,4.508,0.834
K04386.01,CONFIRMED,2,18.5010898,3.179,421.1,1.62,555.0,22.4,0.719,14.7,5242.0,4.613,0.734
K04387.01,FALSE POSITIVE,0,1.54038914,1.683,71.8,0.84,1638.0,1701.3,0.043,9.1,5974.0,4.422,0.989
K04495.01,CANDIDATE,1,5.93218209,4.507,205.3,1.39,1000.0,235.68,0.097,14.9,5843.0,4.474,0.977
K04496.01,CANDIDATE,1,96.384483,5.253,591.0,2.41,400.0,6.03,0.095,10.4,5919.0,4.485,1.0
K04497.01,CANDIDATE,1,6.83006228,3.315,187.4,1.09,882.0,142.95,0.006,12.1,5807.0,4.576,0.8
K04498.01,CANDIDATE,1,17.1622587,4.668,312.2,22.42,674.0,48.86,1.201,11.7,5729.0,4.509,0.939
K00416.01,CONFIRMED,2,18.20795835,3.7965,1596.9,3.08,551.0,21.86,0.64,157.3,5176.0,4.612,0.738
K04499.01,CANDIDATE,1,5.19898615,2.359,136.8,1.04,1035.0,271.21,0.428,11.5,6058.0,4.54,0.867
K04500.01,CONFIRMED,2,8.70179611,3.048,304.1,1.37,750.0,74.58,0.045,11.8,5295.0,4.548,0.8
K04600.01,FALSE POSITIVE,0,0.92225589,4.227,33.0,1.29,2206.0,5614.19,0.992,7.1,5631.0,4.114,1.485
K04601.01,CANDIDATE,1,7.94004281,3.282,81.9,0.98,1010.0,245.79,0.004,10.7,6278.0,4.425,1.081
K04602.01,CANDIDATE,1,2.85855049,2.341,85.4,1.23,1212.0,510.14,0.972,11.4,5441.0,4.415,0.964
K04603.01,CANDIDATE,1,15.9513866,2.285,99.2,1.17,849.0,123.03,0.197,9.2,6451.0,4.375,1.168
K04605.01,CANDIDATE,1,7.7859111,7.788,45.5,0.68,939.0,183.92,0.675,12.0,6045.0,4.479,0.954
K00424.01,FALSE POSITIVE,0,1.575631524,2.59202,25626.6,28.66,1577.0,1464.43,1.065,465.4,6202.0,4.537,0.858
K04606.01,FALSE POSITIVE,0,2.44926655,2.988,108.2,0.76,1033.0,269.06,0.253,10.7,4840.0,4.551,0.749
K04722.01,FALSE POSITIVE,0,0.58675746,1.508,143.8,19.91,2157.0,5080.59,1.183,18.4,5942.0,4.506,0.938
K04725.01,CONFIRMED,2,7.28171395,1.723,111.6,2.59,1086.0,329.68,0.956,14.4,4970.0,3.924,1.806
K04726.01,FALSE POSITIVE,0,8.0386699,3.549,142.0,1.18,926.0,173.92,0.399,11.6,6018.0,4.485,0.975
K04729.01,FALSE POSITIVE,0,3.74779583,3.157,88.5,1.06,1324.0,725.94,0.39,14.4,6341.0,4.409,1.111
K00431.01,CONFIRMED,2,18.87022157,3.1404,1096.6,2.82,621.0,35.13,0.013,72.7,5402.0,4.452,0.865
K04730.01,CANDIDATE,1,9.07829171,0.783,530.9,3.69,984.0,221.32,0.164,7.0,5086.0,4.002,1.611
K04731.01,FALSE POSITIVE,0,0.91842238,5.664,162.9,16.07,1525.0,1280.4,1.186,12.9,5288.0,4.613,0.74
K04847.01,FALSE POSITIVE,0,2.1890751,2.365,94.8,0.87,1399.0,906.2,0.048,12.6,6077.0,4.526,0.891
K04849.01,CANDIDATE,1,3.19938075,1.761,76.1,0.62,1026.0,262.08,0.268,9.8,5483.0,4.632,0.702
K04850.01,CANDIDATE,1,3.04185157,1.434,69.0,0.71,1184.0,465.54,0.176,11.1,5802.0,4.537,0.857
K00435.06,CONFIRMED,2,9.91937693,4.326,186.7,1.32,838.0,116.43,0.163,18.8,5688.0,4.415,0.971
K04851.01,FALSE POSITIVE,0,1.23512429,4.22,15.2,0.38,1642.0,1722.78,0.556,15.7,5798.0,4.507,0.941
K04852.01,CANDIDATE,1,1.89873195,1.382,78.0,0.93,1524.0,1279.95,0.197,10.2,5942.0,4.439,1.05
K04853.01,CANDIDATE,1,17.7412303,4.816,144.7,1.14,684.0,51.69,0.065,9.2,5817.0,4.491,0.956
K05015.01,FALSE POSITIVE,0,0.52363021,3.45121,367102.0,52.26,1940.0,3324.98,0.549,1948.2,5407.0,4.535,0.745
K05016.01,CANDIDATE,1,0.523632451,1.99,8.1,1.08,5313.0,188657.97,0.738,13.9,8277.0,3.693,3.518
K05018.01,FALSE POSITIVE,0,293.5056071,3.4075,6824.0,48.59,265.0,1.16,1.341,51.0,5455.0,4.381,1.006
K05020.01,FALSE POSITIVE,0,4.34573349,2.246,73.5,0.86,1151.0,415.52,0.512,9.7,5967.0,4.43,0.976
K00442.02,CONFIRMED,2,1.732346403,2.2139,182.4,1.37,1546.0,1345.92,0.184,41.2,5767.0,4.389,1.014
K05023.01,FALSE POSITIVE,0,73.3377984,9.029,114900.0,73.06,601.0,30.85,0.978,155.5,7276.0,4.318,1.321
K05025.01,FALSE POSITIVE,0,6.58729511,8.3582,127965.0,58.09,1152.0,416.15,0.723,304.2,5619.0,4.07,1.406
K05287.01,CANDIDATE,1,3.98916186,1.913,318.0,28.1,3293.0,27838.74,0.08,16.3,4998.0,2.524,16.187
K05288.01,CANDIDATE,1,29.5632952,1.562,532.8,1.9,527.0,18.23,0.154,10.4,5595.0,4.562,0.828
K05293.01,FALSE POSITIVE,0,1.710299164,3.92227,157266.0,57.97,1638.0,1700.05,0.878,2291.1,6082.0,4.385,1.006
K05295.01,FALSE POSITIVE,0,1.39508873,2.09,449.2,2.47,938.0,183.39,0.583,27.5,5761.0,4.438,0.997
K05296.01,FALSE POSITIVE,0,200.79976002,7.6419,92642.0,48.77,303.0,2.0,1.016,930.8,5896.0,4.518,0.916
K00450.01,FALSE POSITIVE,0,27.04627886,2.666,900.8,3.54,636.0,38.62,0.962,48.8,6332.0,4.516,0.915
K05297.01,CANDIDATE,1,8.0906952,2.648,82.4,0.8,811.0,102.43,0.151,8.1,5374.0,4.495,0.902
K05552.01,CANDIDATE,1,295.958914,4.244,464.1,2.1,265.0,1.17,0.024,17.5,5505.0,4.386,0.992
K05553.01,CANDIDATE,1,120.938669,8.818,782.1,2.32,333.0,2.91,0.011,15.0,5456.0,4.477,0.843
K05563.01,CANDIDATE,1,7.62210397,1.902,146.1,3.8,1422.0,965.88,0.323,9.2,5222.0,3.556,3.162
K05564.01,FALSE POSITIVE,0,3.479508244,3.9097,3000.4,444.46,3167.0,23775.98,1.252,195.7,4630.0,2.437,12.623
K05566.01,CANDIDATE,1,0.9886684,2.023,126.6,3.18,3183.0,24258.04,0.372,8.7,6456.0,3.725,2.773
K05567.01,FALSE POSITIVE,0,397.3958488,6.1014,29825.0,64.56,280.0,1.45,1.19,395.7,5544.0,4.146,1.362
K05832.01,FALSE POSITIVE,0,2.74703312,2.655,152.2,61.97,2917.0,17132.06,1.17,23.1,8237.0,3.753,3.134
K05833.01,CANDIDATE,1,440.171272,12.217,783.5,5.97,334.0,2.96,0.956,38.0,6261.0,4.001,1.679
K05834.01,FALSE POSITIVE,0,37.537859,6.513,269.0,1.77,583.0,27.38,0.058,8.2,6095.0,4.429,1.082
K05840.01,FALSE POSITIVE,0,460.77905,15.541,239.3,4.24,387.0,5.32,0.324,12.7,6126.0,3.731,2.717
K05841.01,FALSE POSITIVE,0,3.21318517,15.47,2046.1,8.24,1710.0,2017.35,0.924,662.9,6712.0,4.159,1.513
K05842.01,CANDIDATE,1,57.7749373,4.731,283.6,1.85,524.0,17.82,0.044,10.4,6277.0,4.417,1.097
K05845.01,CANDIDATE,1,22.2659599,4.816,61.3,1.18,896.0,152.29,0.03,8.3,6888.0,4.223,1.492
K06035.01,FALSE POSITIVE,0,3.6037011,2.994,16112.0,66.94,1464.0,1089.0,1.225,33.4,5633.0,4.016,1.547
K06036.01,FALSE POSITIVE,0,3.518356021,6.90375,316750.0,64.49,1266.0,606.41,0.593,3217.6,6201.0,4.472,0.989
K06037.01,FALSE POSITIVE,0,32.669962587,3.581,365.4,1.37,428.0,7.96,0.18,6.2,4871.0,4.606,0.741
K00474.02,CONFIRMED,2,28.9869016,3.6233,471.6,2.7,637.0,38.82,0.842,31.5,5888.0,4.342,1.097
K06038.01,FALSE POSITIVE,0,19.93364711,8.6122,174830.0,75.88,848.0,122.24,0.852,1863.4,6505.0,4.25,1.29
K06039.01,FALSE POSITIVE,0,1.071911311,3.8559,9817.8,40.32,1809.0,2534.86,1.272,397.6,5885.0,4.413,0.933
K06040.01,FALSE POSITIVE,0,18.019651402,5.08572,176998.0,31.77,544.0,20.7,0.675,3373.3,5278.0,4.658,0.659
K06132.03,CANDIDATE,1,11.867172,4.815,595.6,4.03,1058.0,296.23,0.001,13.4,6264.0,4.133,1.651
K06134.01,FALSE POSITIVE,0,2.404386969,7.40348,313168.0,79.72,1670.0,1838.11,0.613,8577.4,6466.0,4.278,1.21
K06135.01,FALSE POSITIVE,0,4.390513938,2.9472,46829.0,41.83,1401.0,910.71,0.879,290.7,6081.0,4.133,1.454
K06136.01,FALSE POSITIVE,0,3.86963822,2.29,449.2,2.47,938.0,183.39,0.583,27.5,5761.0,4.438,0.997
K06137.01,CANDIDATE,1,12.4970599,3.877,180.0,1.44,839.0,117.3,0.65,10.6,6174.0,4.445,1.021
K06137.02,FALSE POSITIVE,0,7.384681,3.548,142.8,1.22,1000.0,236.56,0.068,10.6,6174.0,4.445,1.021
K06138.01,FALSE POSITIVE,0,4.206070484,10.6988,119812.0,172.66,2547.0,9955.22,0.949,508.0,8212.0,3.736,3.185
K06263.01,CANDIDATE,1,8.60965352,2.218,63.2,3.33,1550.0,1365.41,0.213,9.9,5418.0,3.447,4.233
K06264.01,FALSE POSITIVE,0,1.40469182,6.26327,702439.0,217.25,2263.0,6187.57,0.597,2651.1,6230.0,4.043,1.863
K06265.01,FALSE POSITIVE,0,10.306982793,11.4277,341790.0,81.21,960.0,200.8,0.564,3691.9,5912.0,4.225,1.217
K06266.01,FALSE POSITIVE,0,1.109841858,8.11952,300713.0,177.78,2944.0,17830.7,0.12,2082.6,5788.0,3.607,3.211
K06267.01,CANDIDATE,1,13.8911152,5.062,204.9,1.12,674.0,48.8,0.168,10.3,5472.0,4.499,0.79
K06268.01,FALSE POSITIVE,0,7.234965722,7.0245,164848.0,34.03,843.0,119.12,0.548,671.3,5653.0,4.573,0.798
K06269.01,FALSE POSITIVE,0,7.45301717,3.685,551.5,37.37,2595.0,10730.53,0.035,18.3,4475.0,2.329,16.755
K06373.01,FALSE POSITIVE,0,31.024310431,7.63621,96480.3,93.29,783.0,88.89,1.009,4403.8,6011.0,3.998,1.741
K06375.01,CANDIDATE,1,2.90805147,2.812,103.1,0.97,1220.0,523.63,0.771,8.3,5889.0,4.543,0.869
K06376.01,FALSE POSITIVE,0,1.992098705,4.03833,69414.0,45.85,1435.0,1006.31,1.069,1186.0,6024.0,4.523,0.9
K00495.01,FALSE POSITIVE,0,4.804469031,3.4587,744.4,3.35,953.0,194.68,0.979,67.3,5470.0,4.528,0.809
K06377.01,FALSE POSITIVE,0,4.318726936,2.67349,59429.0,29.74,1091.0,334.31,0.867,394.4,5896.0,4.518,0.916
K06379.01,FALSE POSITIVE,0,76.45315813,5.1822,9662.2,22.89,291.0,1.7,1.26,151.8,4831.0,4.713,0.54
K06380.01,FALSE POSITIVE,0,7.698431197,5.43677,42548.8,42.72,878.0,140.16,1.149,942.6,5774.0,4.508,0.876
K06487.01,FALSE POSITIVE,0,0.607191908,1.30166,17368.7,12.44,1759.0,2251.28,0.917,961.9,5370.0,4.598,0.671
K06490.01,FALSE POSITIVE,0,15.039464523,5.39796,66876.8,51.71,877.0,139.95,0.998,1133.5,6410.0,4.329,1.178
K06491.01,FALSE POSITIVE,0,3.693951168,2.2534,28290.0,20.88,1148.0,411.07,0.917,173.2,5968.0,4.534,0.881
K06492.01,FALSE POSITIVE,0,1.05680287,5.748,82.3,0.83,1633.0,1686.88,0.563,10.9,5584.0,4.532,0.885
K06493.01,FALSE POSITIVE,0,0.787122102,3.0999,596.8,20.76,1655.0,1775.05,1.211,57.4,5210.0,4.528,0.799
K00501.01,CANDIDATE,1,24.7962801,8.33,574.4,2.7,664.0,45.92,0.01,43.6,5770.0,4.333,1.141
K04165.01,FALSE POSITIVE,0,0.537110149,1.7976,92.0,32.19,3195.0,24545.75,1.106,41.1,5395.0,3.739,2.537
K04166.01,CONFIRMED,2,9.84262076,1.6018,626.4,2.41,801.0,97.62,0.234,16.8,5585.0,4.49,0.972
K04167.01,FALSE POSITIVE,0,2.99194823,4.39,99.6,0.78,1019.0,255.16,0.71,18.2,5269.0,4.62,0.727
K00397.01,FALSE POSITIVE,0,27.677680103,2.1704,11545.0,14.41,618.0,34.55,0.933,431.6,6075.0,4.486,0.969
K04168.01,FALSE POSITIVE,0,0.536544193,2.918,159.5,0.9,1745.0,2199.75,0.267,25.3,5041.0,4.597,0.728
K04169.01,CONFIRMED,2,1.005205893,1.63,97.5,0.85,1682.0,1893.23,0.137,15.0,5718.0,4.549,0.863
K04170.01,FALSE POSITIVE,0,43.796785,18.84,256.3,20.79,542.0,20.4,1.187,21.2,6109.0,4.432,0.941
K04273.01,CANDIDATE,1,17.3731821,3.36,71.7,1.31,901.0,155.73,0.227,14.0,6180.0,4.155,1.54
K04274.01,CANDIDATE,1,1.97507424,2.61,130.5,1.08,1477.0,1122.82,0.152,15.0,6065.0,4.495,0.947
K04275.01,FALSE POSITIVE,0,0.996864568,1.098,86.7,0.77,1588.0,1505.33,0.644,21.4,5418.0,4.524,0.782
K00403.01,FALSE POSITIVE,0,21.05647572,1.238,1293.6,5.05,732.0,67.74,0.938,52.1,6156.0,4.381,1.118
K04276.01,CONFIRMED,2,56.644452,16.551,104.6,2.44,733.0,68.37,0.579,21.8,6237.0,3.862,2.295
K04277.01,FALSE POSITIVE,0,1.710319812,2.983,43.6,0.56,1426.0,978.84,0.559,19.1,5774.0,4.524,0.825
K04278.01,FALSE POSITIVE,0,5.62978034,5.847,379.2,1.61,899.0,154.59,0.08,19.1,5497.0,4.57,0.839
K04388.01,FALSE POSITIVE,0,71.76236302,29.435,8591.9,25.76,665.0,46.35,0.052,1134.3,5529.0,3.685,2.817
K04388.02,CANDIDATE,1,61.858947,21.32,70.8,2.47,699.0,56.48,0.621,9.1,5529.0,3.685,2.817
K00409.01,CONFIRMED,2,13.24931848,4.4859,647.6,2.86,806.0,99.54,0.62,87.8,5799.0,4.361,1.078
K04389.01,CANDIDATE,1,16.3368863,3.597,225.9,1.27,642.0,40.22,0.066,12.1,5410.0,4.49,0.859
K04390.01,CANDIDATE,1,1.63668262,1.907,921.7,103.99,2562.0,10160.3,1.22,12.9,5234.0,3.436,3.739
K04391.01,CANDIDATE,1,49.4746966,10.46,291.0,1.62,498.0,14.5,0.491,17.2,5952.0,4.475,0.928
K04392.01,FALSE POSITIVE,0,118.609553,22.74,380.9,2.86,299.0,1.88,0.993,13.1,5017.0,4.531,0.792
K04500.02,CONFIRMED,2,44.9851885,4.164,617.8,2.09,433.0,8.34,0.664,12.7,5295.0,4.548,0.8
K04500.03,CANDIDATE,1,14.7510068,2.25,381.1,1.7,629.0,36.94,0.75,9.5,5295.0,4.548,0.8
K04501.01,FALSE POSITIVE,0,6.67410577,3.645,160.9,1.62,1022.0,257.38,0.927,12.6,5949.0,4.389,1.041
K04503.01,CANDIDATE,1,5.89089509,2.402,267.7,1.54,985.0,223.02,0.282,11.7,5869.0,4.513,0.942
K04504.01,CANDIDATE,1,4.13029832,2.461,325.3,1.44,995.0,231.52,0.041,8.7,5490.0,4.557,0.81
K04504.02,CANDIDATE,1,8.119343,3.558,350.4,1.5,794.0,94.08,0.032,8.2,5490.0,4.557,0.81
K04505.01,CANDIDATE,1,18.0071438,5.401,80.8,1.05,799.0,96.25,0.081,13.1,6173.0,4.314,1.167
K04607.01,FALSE POSITIVE,0,3.74788208,4.183,153.4,0.94,979.0,216.97,0.09,13.6,5340.0,4.593,0.777
K04608.01,FALSE POSITIVE,0,0.93479255,4.5838,247.5,24.75,2040.0,4108.03,1.2,78.3,6018.0,4.33,1.053
K04610.01,FALSE POSITIVE,0,0.89628253,1.397,86.4,0.76,1670.0,1848.85,0.176,13.0,5561.0,4.572,0.818
K04611.01,FALSE POSITIVE,0,1.67495622,2.994,35.9,0.77,1843.0,2732.19,0.399,15.3,6323.0,4.296,1.263
K04612.01,FALSE POSITIVE,0,4.1083812,3.279,352.8,1.62,1058.0,295.63,0.148,11.4,5730.0,4.545,0.87
K04613.01,CONFIRMED,2,1.962282625,1.45,68.3,0.81,1448.0,1038.36,0.169,12.9,5726.0,4.418,0.979
K04614.01,CANDIDATE,1,6.4546845,3.071,69.9,1.38,1244.0,565.72,0.93,10.8,6474.0,4.243,1.362
K04732.01,FALSE POSITIVE,0,0.580725004,2.071,105.2,0.85,1939.0,3355.68,0.137,18.0,5471.0,4.53,0.841
K04733.01,CONFIRMED,2,7.28116667,2.716,333.8,1.4,744.0,72.16,0.1,11.5,5008.0,4.572,0.788
K04735.01,CANDIDATE,1,2.87998334,1.658,116.5,0.85,1024.0,260.79,0.22,9.9,4951.0,4.523,0.806
K04736.01,FALSE POSITIVE,0,0.992798625,3.5065,582.5,29.26,1967.0,3519.47,1.219,79.1,6055.0,4.407,1.098
K04737.01,CANDIDATE,1,7.79534033,3.406,102.1,1.07,985.0,222.52,0.282,10.2,6156.0,4.443,1.05
K04741.01,FALSE POSITIVE,0,7.1403113,5.891,112.1,1.18,1036.0,272.78,0.786,11.8,6354.0,4.454,1.016
K04742.01,CONFIRMED,2,112.303136,5.869,502.1,1.3,241.0,0.79,0.248,13.1,4401.0,4.677,0.595
K04854.01,CANDIDATE,1,2.63527677,1.997,70.4,0.76,1136.0,394.32,0.646,10.7,5215.0,4.496,0.864
K04855.01,FALSE POSITIVE,0,1.45728997,3.582,71.3,0.93,1665.0,1818.19,0.749,15.5,6063.0,4.476,1.012
K04856.01,CANDIDATE,1,147.388124,8.781,909.2,3.03,356.0,3.78,0.005,15.8,6046.0,4.478,1.007
K04857.01,CANDIDATE,1,4.11497357,3.025,154.1,1.17,1137.0,395.27,0.396,9.7,6011.0,4.507,0.927
K04859.01,CANDIDATE,1,7.5019743,2.582,248.0,1.19,709.0,59.73,0.442,9.1,4807.0,4.546,0.758
K04860.01,FALSE POSITIVE,0,21.8660922,2.03,301.6,1.88,730.0,67.15,0.057,9.2,6309.0,4.402,1.077
K04861.01,CANDIDATE,1,29.1206519,2.89,415.5,1.6,528.0,18.43,0.195,9.7,5671.0,4.582,0.788
K05028.01,FALSE POSITIVE,0,25.9493253,12.17,354.5,1.04,409.0,6.62,0.655,13.1,4835.0,4.758,0.526
K05032.01,FALSE POSITIVE,0,1.389947459,1.193,1213.8,3.39,1665.0,1816.13,0.437,136.4,5999.0,4.461,0.95
K05034.01,FALSE POSITIVE,0,282.5363563,10.3088,29233.2,70.53,360.0,3.98,1.227,854.1,6401.0,4.175,1.41
K05038.01,FALSE POSITIVE,0,0.534109403,0.9513,78.3,2.28,5513.0,217941.01,0.476,37.0,10747.0,4.1,2.432
K05040.01,CANDIDATE,1,29.6094263,2.71,224.9,2.87,789.0,91.56,0.719,10.8,6079.0,4.059,1.783
K05041.01,FALSE POSITIVE,0,22.9138322,4.855,340.3,30.24,785.0,89.68,1.189,8.0,6154.0,4.201,1.334
K05045.01,FALSE POSITIVE,0,1.018360336,7.622,393969.0,107.0,2302.0,6627.64,0.553,967.4,6160.0,4.144,1.463
K05298.01,FALSE POSITIVE,0,1.195515364,6.08509,396401.0,156.91,2640.0,11494.67,0.475,4630.1,6047.0,3.789,2.264
K05300.01,FALSE POSITIVE,0,188.954072,14.17,166.5,2.46,468.0,11.36,0.014,10.9,6392.0,3.967,1.899
K05305.01,FALSE POSITIVE,0,8.46184728,35.525,411.2,4.92,1511.0,1233.13,0.965,142.4,7663.0,4.087,1.913
K05307.01,FALSE POSITIVE,0,2.19509634,1.796,227.7,1.32,1324.0,725.21,0.173,14.3,5799.0,4.539,0.878
K05308.01,FALSE POSITIVE,0,9.942228056,2.45451,31067.9,22.15,740.0,70.93,0.93,1073.3,5268.0,4.475,0.843
K05310.01,CANDIDATE,1,22.2903562,1.623,130.4,1.13,632.0,37.67,0.028,8.1,5597.0,4.418,1.0
K05568.01,CONFIRMED,2,62.134919,8.711,147.5,6.71,925.0,172.96,0.827,10.6,5889.0,3.358,4.912
K05569.01,FALSE POSITIVE,0,1.667482003,1.5931,545.5,15.15,3257.0,26549.71,0.052,50.2,4678.0,2.756,6.72
K00458.01,CANDIDATE,1,53.71798494,4.104,3153.5,155.12,1550.0,1363.11,0.93,103.0,4959.0,2.332,21.449
K05571.01,FALSE POSITIVE,0,5.29730786,4.02,190.8,1.49,1044.0,281.21,0.728,13.1,5780.0,4.438,1.0
K05575.01,FALSE POSITIVE,0,1.50650036,2.762,45.4,0.81,1809.0,2520.53,0.684,15.0,6201.0,4.336,1.126
K05581.01,CONFIRMED,2,374.878133,10.556,914.6,4.27,282.0,1.49,0.626,21.9,5636.0,4.218,1.354
K05582.01,FALSE POSITIVE,0,5.2362026,3.148,2019.5,75.83,1378.0,853.62,1.379,28.2,6176.0,4.112,1.631
K05846.01,FALSE POSITIVE,0,199.064336,13.623,265.0,6.12,483.0,12.81,0.763,15.4,5157.0,3.541,3.436
K05854.01,CANDIDATE,1,240.57135,11.164,921.5,2.93,302.0,1.96,0.457,36.9,6146.0,4.497,0.943
K00467.01,CONFIRMED,2,18.00932214,4.9611,3004.4,4.96,658.0,44.29,0.55,245.2,5815.0,4.54,0.877
K05855.01,CANDIDATE,1,217.792748,4.695,1487.0,6.15,334.0,2.94,0.926,16.6,5600.0,4.209,1.283
K05856.01,CONFIRMED,2,259.34304,16.04,349.7,6.04,449.0,9.65,0.447,13.1,5490.0,3.629,3.204
K05858.01,FALSE POSITIVE,0,8.34410791,1.606,255.2,1.75,993.0,229.93,0.546,9.9,6321.0,4.434,1.058
K05862.01,FALSE POSITIVE,0,0.699985822,3.02633,389433.0,46.27,1653.0,1761.47,0.28,626.9,5264.0,4.617,0.724
K06041.01,FALSE POSITIVE,0,4.032762189,4.14212,119350.0,35.22,1173.0,447.97,0.599,1520.0,5960.0,4.438,0.962
K06042.01,FALSE POSITIVE,0,2.371589507,3.5116,235104.0,88.22,1043.0,278.9,1.653,386.0,5340.0,4.715,0.601
K06043.01,FALSE POSITIVE,0,5.09112124,2.159,115.1,3.58,2044.0,4131.88,0.224,11.4,6705.0,3.629,3.293
K06044.01,FALSE POSITIVE,0,2.027383251,1.5528,3856.2,31.12,1352.0,791.38,1.248,126.1,5544.0,4.435,0.875
K06045.01,FALSE POSITIVE,0,10.73370737,7.6706,6155.3,18.7,1171.0,444.77,0.895,239.5,5971.0,3.914,2.003
K06046.01,FALSE POSITIVE,0,9.449438672,5.5479,12867.3,60.59,1152.0,415.72,1.243,231.4,6558.0,4.167,1.431
K06139.01,FALSE POSITIVE,0,0.905677864,2.2432,3670.4,325.51,3989.0,60020.95,1.321,107.4,5037.0,3.002,7.553
K06140.01,FALSE POSITIVE,0,11.637858887,11.8851,427948.0,77.01,895.0,151.54,0.473,2637.0,6360.0,4.433,1.058
K00481.01,CONFIRMED,2,7.650243513,2.752,981.4,2.3,772.0,83.86,0.014,98.8,5409.0,4.609,0.746
K06144.01,FALSE POSITIVE,0,9.751720174,16.1937,332900.0,182.09,1356.0,800.41,0.15,1767.3,5147.0,3.424,3.145
K06145.01,CONFIRMED,2,19.672324,4.812,649.9,4.07,908.0,160.98,0.721,20.6,6486.0,4.136,1.485
K06145.02,CONFIRMED,2,32.657035,5.953,620.4,3.73,767.0,81.91,0.007,17.9,6486.0,4.136,1.485
K06145.03,CANDIDATE,1,7.3138454,2.273,247.7,2.73,1263.0,601.53,0.893,9.2,6486.0,4.136,1.485
K06270.01,FALSE POSITIVE,0,2.442941283,4.1847,37338.0,48.18,1352.0,788.17,1.164,229.7,5780.0,4.438,1.0
K06271.01,FALSE POSITIVE,0,2.44295727,4.0656,15298.0,44.35,1352.0,788.17,1.242,85.5,5780.0,4.438,1.0
K06272.01,FALSE POSITIVE,0,3.31587688,3.152,185.6,1.27,1097.0,342.77,0.688,11.4,5385.0,4.476,0.875
K00489.01,FALSE POSITIVE,0,2.217038096,1.8575,543.7,3.23,1697.0,1956.29,0.754,49.5,6521.0,4.352,1.276
K06273.01,FALSE POSITIVE,0,49.788613011,7.41807,219219.0,32.57,271.0,1.28,0.753,1566.8,3892.0,4.708,0.542
K06274.01,CANDIDATE,1,18.1772927,4.703,213.1,1.5,737.0,69.62,0.039,7.9,6158.0,4.455,1.026
K06276.01,CANDIDATE,1,3.09872834,1.89,248.0,0.64,579.0,26.6,0.133,10.1,3628.0,4.842,0.41
K06382.01,FALSE POSITIVE,0,5.194256813,7.25775,38851.4,41.77,1546.0,1349.96,0.378,2390.4,6100.0,3.895,2.086
K06383.01,FALSE POSITIVE,0,61.42252657,3.76585,337545.0,41.01,326.0,2.66,0.574,850.4,4867.0,4.687,0.613
K06385.01,FALSE POSITIVE,0,9.761172507,11.4007,205866.0,95.58,1325.0,729.48,0.343,3150.9,6468.0,3.893,2.048
K06386.01,FALSE POSITIVE,0,2.756536015,1.5908,3590.8,57.46,1580.0,1472.73,1.239,100.1,5496.0,4.02,1.669
K06387.01,FALSE POSITIVE,0,13.99585365,5.0308,19681.0,368.42,1202.0,493.55,2.095,118.1,5638.0,3.597,2.703
K06388.01,FALSE POSITIVE,0,4.320850062,4.26661,75927.4,59.16,1221.0,524.62,1.087,1691.5,6098.0,4.384,1.083
K06496.01,FALSE POSITIVE,0,1.78752921,5.315,62.9,5.86,3868.0,52997.01,0.064,16.0,6286.0,3.056,7.342
K06498.01,FALSE POSITIVE,0,5.462689263,3.2605,4184.6,36.25,1024.0,260.14,1.298,82.6,5929.0,4.479,0.888
K06499.01,FALSE POSITIVE,0,3.58966681,18.534,421.3,95.86,2410.0,7969.78,1.209,102.3,6564.0,3.515,3.837
K06501.01,FALSE POSITIVE,0,1.00960235,7.847,31.9,1.94,2885.0,16358.66,0.992,12.5,6028.0,3.724,2.412
K06502.01,FALSE POSITIVE,0,1.060996585,2.6494,41142.0,64.99,1968.0,3542.31,1.141,339.5,5433.0,4.154,1.348
K06503.01,FALSE POSITIVE,0,2.735152701,0.1046,283.3,3.27,1679.0,1875.08,0.955,4.7,6333.0,4.198,1.523
K06504.01,FALSE POSITIVE,0,1.061008464,2.8029,408767.0,32.58,1002.0,238.59,0.477,997.7,4239.0,4.793,0.454
K04171.01,FALSE POSITIVE,0,0.952371227,3.926,352.5,21.96,1870.0,2885.01,1.2,42.6,6086.0,4.511,0.921
K04172.01,FALSE POSITIVE,0,1.089088292,1.8599,141.7,1.28,1914.0,3167.63,0.291,1.8,6194.0,4.445,1.069
K04173.01,FALSE POSITIVE,0,1.227986164,1.551,150.5,1.17,1673.0,1846.47,0.477,14.8,5746.0,4.435,0.931
K04174.01,FALSE POSITIVE,0,2.11548883,4.008,169.5,1.29,1426.0,978.38,0.505,17.6,5952.0,4.489,0.971
K04175.01,FALSE POSITIVE,0,2.17815196,2.445,245.0,1.09,1139.0,395.98,0.32,17.9,5357.0,4.634,0.7
K04177.01,FALSE POSITIVE,0,1.089077224,2.705,152.7,1.0,1458.0,1068.22,0.206,18.7,5118.0,4.547,0.83
K04178.01,CANDIDATE,1,7.016016,3.8,169.0,1.72,1138.0,396.43,0.89,6.3,6642.0,4.39,1.136
K04279.01,FALSE POSITIVE,0,1.050852976,1.6788,41694.0,45.89,1791.0,2423.97,1.111,143.0,5780.0,4.438,1.0
K04280.01,FALSE POSITIVE,0,1.39772545,4.129,181.3,1.58,1763.0,2275.72,0.644,17.9,6006.0,4.38,1.114
K04282.01,FALSE POSITIVE,0,0.847588864,2.246,67.1,0.91,2144.0,5000.82,0.507,21.3,6335.0,4.427,1.072
K04284.01,FALSE POSITIVE,0,2.42803503,3.045,73.8,0.85,1516.0,1249.87,0.057,8.8,6609.0,4.484,0.974
K04286.01,FALSE POSITIVE,0,0.787120016,3.1648,265.5,23.81,1972.0,3579.78,1.263,43.3,6112.0,4.481,0.787
K04287.01,CANDIDATE,1,13.12297275,2.234,43.7,1.29,1030.0,266.05,0.885,12.9,6134.0,4.065,1.665
K04287.02,CANDIDATE,1,9.6183111,4.215,25.0,0.85,1142.0,402.64,0.447,11.9,6134.0,4.065,1.665
K04393.01,CANDIDATE,1,1.62888267,1.72,130.9,0.92,1327.0,733.67,0.147,12.5,5398.0,4.571,0.811
K04394.01,FALSE POSITIVE,0,0.616386349,0.8136,79.4,2.94,3552.0,37463.63,0.226,21.9,5665.0,3.58,3.266
K04395.01,CANDIDATE,1,1.920062587,1.437,226.8,1.12,1189.0,471.84,0.387,12.6,5266.0,4.611,0.741
K04397.01,FALSE POSITIVE,0,0.447861451,0.8541,265.4,1.42,2263.0,6221.08,0.427,20.3,5901.0,4.553,0.848
K04398.01,CANDIDATE,1,7.3422467,2.029,366.8,1.6,837.0,115.93,0.253,11.8,5573.0,4.562,0.839
K04399.01,CANDIDATE,1,42.1003351,1.0834,214.0,1.42,466.0,11.17,0.88,13.9,5595.0,4.57,0.82
K00070.03,CONFIRMED,2,77.6114427,7.1786,814.5,2.59,397.0,5.87,0.094,100.5,5465.0,4.449,0.925
K04506.01,CONFIRMED,2,5.60473115,2.885,210.0,1.11,866.0,132.98,0.221,11.9,5401.0,4.593,0.777
K00416.02,CONFIRMED,2,88.2553729,4.539,1132.2,2.96,326.0,2.67,0.886,54.2,5176.0,4.612,0.738
K04508.01,CANDIDATE,1,2.49915311,1.803,179.2,1.02,983.0,220.65,0.666,13.4,4705.0,4.572,0.72
K04509.01,CANDIDATE,1,12.003678,2.799,281.7,0.97,503.0,15.12,0.076,12.0,4328.0,4.654,0.594
K04510.01,CONFIRMED,2,5.17624997,5.261,78.7,1.31,1243.0,565.42,0.097,13.4,5578.0,4.088,1.497
K04512.01,FALSE POSITIVE,0,0.589458602,0.8278,158.4,0.98,1848.0,2736.51,0.086,17.3,5286.0,4.517,0.776
K04513.01,CONFIRMED,2,3.91794676,2.549,116.5,0.94,1030.0,266.81,0.337,13.5,5500.0,4.547,0.87
K04615.01,FALSE POSITIVE,0,1.04588635,2.833,102.7,1.1,1972.0,3582.91,0.204,13.2,6249.0,4.428,1.076
K04617.01,CONFIRMED,2,27.4784659,7.5,83.2,1.52,736.0,69.3,0.008,12.3,5432.0,3.993,1.707
K00425.01,FALSE POSITIVE,0,5.428344915,1.8931,13756.0,14.88,1033.0,269.19,0.911,140.2,5936.0,4.501,0.965
K04620.01,FALSE POSITIVE,0,0.933732791,3.056,96.9,0.9,1773.0,2344.56,0.022,13.8,5496.0,4.405,0.927
K04622.01,CONFIRMED,2,207.24785,6.159,809.2,1.56,189.0,0.3,0.21,13.2,4339.0,4.711,0.553
K04622.02,CANDIDATE,1,4.50158249,1.855,175.7,0.73,676.0,49.21,0.016,9.7,4339.0,4.711,0.553
K04624.01,FALSE POSITIVE,0,14.0801852,3.402,90.7,1.04,798.0,95.62,0.308,6.9,5984.0,4.421,1.089
K04743.01,CANDIDATE,1,49.5387264,2.238,740.6,20.52,436.0,8.52,1.223,10.3,5683.0,4.605,0.747
K00431.02,CONFIRMED,2,46.9026431,3.9264,821.3,2.6,458.0,10.44,0.645,40.6,5402.0,4.452,0.865
K04744.01,CANDIDATE,1,3.39155966,3.87,28.4,0.49,1183.0,462.47,0.182,8.2,5896.0,4.516,0.914
K04745.01,CONFIRMED,2,177.668663,9.298,901.4,2.32,233.0,0.7,0.772,12.7,4721.0,4.615,0.701
K04746.01,FALSE POSITIVE,0,0.98041685,0.919,105.7,0.75,1388.0,880.5,0.446,8.8,4861.0,4.572,0.722
K04747.01,CONFIRMED,2,92.263742,8.605,296.9,2.22,469.0,11.42,0.273,12.2,6084.0,4.287,1.283
K04748.01,CONFIRMED,2,6.64754478,1.961,289.3,1.72,999.0,235.89,0.235,12.4,6046.0,4.478,1.007
K00436.01,CANDIDATE,1,199.83920527,4.378,44490.0,21.48,276.0,1.36,0.811,590.6,5457.0,4.548,0.869
K04863.01,FALSE POSITIVE,0,0.9628348,2.259,92.8,0.81,1648.0,1734.83,0.309,7.6,5559.0,4.554,0.838
K04865.01,FALSE POSITIVE,0,1.57017249,2.257,158.4,0.82,1232.0,543.06,0.085,10.2,5300.0,4.66,0.66
K04866.01,FALSE POSITIVE,0,0.566798364,3.172,38.6,0.66,2272.0,6280.34,0.487,14.1,5864.0,4.411,1.04
K04867.01,FALSE POSITIVE,0,14.2005007,5.232,80.6,13.28,843.0,119.41,1.106,10.6,6332.0,4.406,1.065
K04868.01,FALSE POSITIVE,0,1.318347743,0.871,113.2,1.23,1861.0,2827.4,0.427,10.6,6143.0,4.351,1.121
K05050.01,FALSE POSITIVE,0,11.2582311,16.89,300.4,1.24,667.0,46.86,0.115,22.2,5242.0,4.556,0.722
K00442.03,CONFIRMED,2,7.0257409,2.245,190.7,1.56,969.0,208.92,0.812,21.2,5767.0,4.389,1.014
K05052.01,FALSE POSITIVE,0,155.046089,10.205,2238.0,444.08,1101.0,347.12,1.271,36.7,6513.0,2.782,12.613
K05054.01,FALSE POSITIVE,0,3.722404453,2.5214,55368.0,144.2,1082.0,323.4,2.375,148.9,5747.0,4.542,0.799
K05058.01,FALSE POSITIVE,0,1.714414962,5.17207,110132.0,116.92,2042.0,4099.19,1.181,6485.8,6351.0,4.126,1.613
K05059.01,FALSE POSITIVE,0,646.28789332,5.39144,58605.3,43.47,304.0,2.03,0.004,1107.1,6582.0,4.069,1.777
K05061.01,FALSE POSITIVE,0,0.766298172,1.78462,19400.9,15.64,2163.0,5154.54,0.813,368.9,6267.0,4.431,0.996
K05312.01,FALSE POSITIVE,0,396.048721,16.376,931.8,13.52,370.0,4.43,0.978,39.4,5327.0,3.643,2.882
K05316.01,FALSE POSITIVE,0,1.10656965,1.669,86.4,1.09,1988.0,3696.18,0.263,8.4,6237.0,4.387,1.165
K05317.01,FALSE POSITIVE,0,46.270524872,8.93033,66244.1,35.98,572.0,25.29,0.859,4607.4,6357.0,4.405,1.072
K00451.01,FALSE POSITIVE,0,3.723560726,3.435,540.0,3.46,1401.0,910.65,0.954,58.9,6535.0,4.373,1.181
K05321.01,CANDIDATE,1,215.634356,15.097,148.0,1.92,404.0,6.28,0.002,12.3,6163.0,4.06,1.568
K05323.01,CANDIDATE,1,7.155547398,4.5711,2568.8,48.93,2049.0,4166.27,0.883,124.6,4992.0,2.947,8.052
K05327.01,CANDIDATE,1,5.43361347,1.0338,1421.0,2.09,548.0,21.27,0.234,17.9,3694.0,4.686,0.566
K05584.01,FALSE POSITIVE,0,10.90962154,17.8024,499921.0,149.1,1127.0,381.27,0.146,2345.1,5323.0,3.714,2.064
K05586.01,FALSE POSITIVE,0,27.0779813,138.54,347.5,2.03,597.0,29.98,0.957,139.4,5906.0,4.467,0.85
K05587.01,FALSE POSITIVE,0,1.827660875,3.986,46676.8,42.1,1664.0,1811.72,1.026,890.3,6352.0,4.427,1.072
K05597.01,CANDIDATE,1,7.77710639,3.418,77.4,0.73,773.0,84.44,0.196,10.6,5073.0,4.481,0.851
K05600.01,CANDIDATE,1,17.168095,13.04,143.1,4.81,603.0,31.34,0.999,8.1,5053.0,3.824,1.907
K05602.01,FALSE POSITIVE,0,403.163148,5.735,681.1,2.49,240.0,0.79,0.02,12.1,5812.0,4.504,0.963
K00459.01,CONFIRMED,2,19.44639139,3.6227,926.0,3.24,681.0,50.73,0.813,82.4,5815.0,4.421,0.954
K05865.01,FALSE POSITIVE,0,35.8726918,4.402,916.3,62.51,1670.0,1837.31,0.963,24.6,5254.0,2.494,15.369
K05874.01,CANDIDATE,1,287.33114,12.722,406.7,2.07,266.0,1.18,0.529,19.7,5426.0,4.378,1.007
K05875.01,CONFIRMED,2,9.8788502,2.951,454.7,2.64,1003.0,238.98,0.732,13.4,6477.0,4.361,1.148
K05875.02,FALSE POSITIVE,0,4.2742605,2.687,263.8,1.88,1326.0,730.69,0.089,11.4,6477.0,4.361,1.148
K05887.01,FALSE POSITIVE,0,9.8338474,14.585,57.6,0.98,946.0,188.78,0.733,23.8,5929.0,4.308,1.202
K05894.01,FALSE POSITIVE,0,1.080695116,7.449,312773.0,155.22,3344.0,29671.05,0.62,198.8,7796.0,3.937,2.34
K00468.01,CONFIRMED,2,22.18431824,3.0397,1593.0,3.18,546.0,21.06,0.032,87.6,5157.0,4.5,0.818
K06047.01,FALSE POSITIVE,0,8.752913958,3.4546,41770.0,119.91,1635.0,1689.12,1.124,326.1,7279.0,3.856,2.624
K00474.03,CONFIRMED,2,94.886902,6.923,641.7,4.24,429.0,7.99,0.982,25.5,5888.0,4.342,1.097
K06048.01,FALSE POSITIVE,0,1.985586627,2.53163,72584.2,105.22,2796.0,14480.75,0.804,1594.1,6651.0,3.6,3.219
K06048.02,FALSE POSITIVE,0,0.80489537,0.92,449.2,2.47,938.0,183.39,0.583,27.5,5761.0,4.438,0.997
K06049.01,FALSE POSITIVE,0,16.579028045,7.803,37979.8,49.01,1062.0,300.36,0.745,813.6,5870.0,3.808,2.3
K06050.01,FALSE POSITIVE,0,2.064900876,6.8769,10939.4,38.19,1357.0,800.75,1.253,364.0,5714.0,4.501,0.901
K06051.01,FALSE POSITIVE,0,3.60727417,14.0841,841897.0,221.55,1833.0,2671.63,0.463,710.9,7026.0,4.068,1.785
K06146.01,FALSE POSITIVE,0,4.592401261,4.96038,87426.1,52.18,1678.0,1872.74,0.272,5784.8,7201.0,4.138,1.724
K06147.01,FALSE POSITIVE,0,5.776794344,6.33505,121544.0,129.2,2249.0,6048.96,0.366,8022.8,7666.0,3.658,3.601
K06149.01,FALSE POSITIVE,0,0.503199724,1.117,275.6,1.06,1363.0,819.89,0.492,10.1,4013.0,4.639,0.63
K06152.01,FALSE POSITIVE,0,395.07333,7.844,645.1,230.33,1406.0,923.0,0.013,16.4,3599.0,0.679,98.38
K06153.01,FALSE POSITIVE,0,1.51918335,5.45573,499989.0,128.17,2517.0,9460.59,0.336,899.3,7426.0,4.116,1.698
K06155.01,FALSE POSITIVE,0,2.745910734,4.02594,286812.0,61.16,1221.0,524.18,0.639,1550.9,5372.0,4.396,0.96
K00481.02,CONFIRMED,2,1.55400389,1.7664,465.8,1.59,1313.0,704.5,0.016,82.1,5409.0,4.609,0.746
K06277.01,FALSE POSITIVE,0,0.648868342,2.82428,34769.5,72.32,2882.0,16368.52,1.172,477.0,6531.0,4.12,1.524
K06278.01,FALSE POSITIVE,0,5.088582739,7.6066,448.9,46.02,1786.0,2400.3,1.195,40.3,7514.0,4.052,1.955
K06279.01,FALSE POSITIVE,0,1.89129338,5.677,33.8,0.42,1152.0,416.87,0.373,15.1,4986.0,4.558,0.733
K06280.01,FALSE POSITIVE,0,1.89124453,5.08,31.0,1.19,2200.0,5537.41,0.734,19.4,5850.0,3.72,1.977
K06282.01,FALSE POSITIVE,0,87.87826191,12.8138,339056.0,110.85,530.0,18.65,0.585,1974.6,5784.0,3.985,1.642
K06283.01,FALSE POSITIVE,0,15.926632768,7.42888,271858.0,57.95,670.0,47.68,0.672,2278.9,5496.0,4.471,0.917
K06284.01,FALSE POSITIVE,0,0.958116585,2.3496,2374.1,49.16,2271.0,6312.99,1.275,296.0,6032.0,4.147,1.365
K06389.01,FALSE POSITIVE,0,8.6532378,2.974,126.0,0.96,793.0,93.75,0.359,9.0,5561.0,4.561,0.854
K00496.01,CONFIRMED,2,1.616883373,1.6325,437.3,4.47,1774.0,2342.49,0.856,43.9,4868.0,3.902,1.816
K06390.01,FALSE POSITIVE,0,5.197420145,6.78534,91307.3,81.49,1416.0,949.86,1.025,4262.1,6248.0,4.05,1.528
K06391.01,FALSE POSITIVE,0,2.183517999,4.2703,1321.6,4633.66,9791.0,2169685.72,1.214,147.7,3198.0,0.047,162.725
K06393.01,FALSE POSITIVE,0,1.945914237,2.8712,9880.5,35.94,1417.0,955.56,1.273,299.2,5967.0,4.516,0.83
K06394.01,FALSE POSITIVE,0,3.684337918,2.1931,76.7,12.52,2481.0,8964.2,1.045,31.4,9609.0,4.149,2.108
K06507.01,FALSE POSITIVE,0,1.67473779,5.67,449.2,2.47,938.0,183.39,0.583,27.5,5761.0,4.438,0.997
K06508.01,FALSE POSITIVE,0,1.039370613,1.0713,743.6,12.6,3320.0,28690.6,0.976,182.9,6429.0,3.615,3.137
K06509.01,FALSE POSITIVE,0,2.31169425,8.689,38.4,1.76,3178.0,24113.62,0.628,16.0,9451.0,3.97,2.679
K00502.01,FALSE POSITIVE,0,5.91037674,3.421,256.9,1.38,937.0,182.47,0.123,34.5,5515.0,4.443,0.867
K06510.01,FALSE POSITIVE,0,2.072177815,4.54864,293717.0,46.55,1204.0,495.23,0.641,590.7,5519.0,4.621,0.718
K06512.01,FALSE POSITIVE,0,2.500560859,7.5902,20.4,0.48,1486.0,1149.55,0.104,4.5,6305.0,4.422,1.052
K06515.01,FALSE POSITIVE,0,21.142458554,5.17846,73960.9,41.68,672.0,48.12,0.971,3830.9,6079.0,4.495,0.945
K00006.01,FALSE POSITIVE,0,1.334101467,2.1033,120.8,1.74,2169.0,5207.55,0.153,43.0,6178.0,4.106,1.58
K00070.01,CONFIRMED,2,10.854095934,3.7768,1034.4,2.99,765.0,80.88,0.422,252.8,5465.0,4.449,0.925
K00398.01,CONFIRMED,2,51.84688984,4.7769,9636.3,8.73,413.0,6.9,0.681,257.2,5227.0,4.535,0.838
K04179.01,FALSE POSITIVE,0,0.569961046,1.446,44.2,1.04,2743.0,13463.04,0.343,18.9,5814.0,4.066,1.549
K04180.01,CANDIDATE,1,1.121634781,1.155,71.5,0.6,1225.0,529.9,0.409,14.8,4518.0,4.589,0.72
K04181.01,FALSE POSITIVE,0,1.33256979,3.293,104.2,0.97,1692.0,1943.76,0.207,18.4,6089.0,4.495,0.95
K04182.01,FALSE POSITIVE,0,0.536650896,4.702,273.2,18.45,2163.0,5179.76,1.175,117.8,5819.0,4.494,0.881
K00070.02,CONFIRMED,2,3.696121272,2.463,383.4,1.78,1095.0,340.33,0.016,130.0,5465.0,4.449,0.925
K00404.01,FALSE POSITIVE,0,31.80514278,7.6213,4675.3,34.82,553.0,22.05,1.289,161.3,5931.0,4.545,0.863
K04288.01,CONFIRMED,2,6.28384079,4.291,35.7,0.73,1108.0,356.49,0.101,14.9,5888.0,4.275,1.227
K04288.02,CANDIDATE,1,9.08745206,3.786,35.1,0.73,980.0,217.95,0.341,11.7,5888.0,4.275,1.227
K04288.04,CANDIDATE,1,13.9509565,5.231,35.7,0.75,849.0,122.88,0.467,11.2,5888.0,4.275,1.227
K04290.01,CONFIRMED,2,4.83809469,1.096,1544.0,0.79,354.0,3.7,0.014,11.3,3187.0,5.091,0.2
K04292.01,CONFIRMED,2,9.3281912,3.991,45.2,0.59,788.0,91.02,0.044,13.7,5525.0,4.514,0.888
K00410.01,FALSE POSITIVE,0,7.216951388,1.89082,4284.5,41.57,1055.0,292.7,1.283,312.2,6266.0,4.38,1.056
K04400.01,CONFIRMED,2,2.20923119,2.392,59.8,0.84,1507.0,1217.79,0.11,14.3,5991.0,4.375,1.092
K04403.01,CONFIRMED,2,5.88350251,2.556,217.7,1.27,949.0,192.09,0.362,11.9,5840.0,4.553,0.849
K04405.01,CANDIDATE,1,8.9172863,4.468,196.3,1.39,931.0,177.84,0.062,7.2,6210.0,4.467,0.986
K04406.01,FALSE POSITIVE,0,0.519437968,2.129,226.2,20.48,2402.0,7822.62,1.172,25.4,6181.0,4.464,1.006
K04407.01,CANDIDATE,1,1.33807075,1.425,20.2,0.6,2008.0,3844.97,0.003,8.5,6355.0,4.299,1.319
K04408.01,FALSE POSITIVE,0,1.105095798,2.624,141.7,0.89,1445.0,1025.9,0.295,17.4,5296.0,4.604,0.752
K04516.01,FALSE POSITIVE,0,5.35745121,2.592,78.2,1.65,1457.0,1065.83,0.119,16.4,6123.0,3.982,1.86
K04517.01,FALSE POSITIVE,0,2.16132662,4.487,112.2,0.5,687.0,52.58,0.778,25.3,3754.0,4.818,0.43
K04518.01,FALSE POSITIVE,0,0.566810643,3.471,45.6,0.52,1976.0,3605.07,0.315,17.2,5776.0,4.598,0.758
K04519.01,CANDIDATE,1,148.568877,4.399,404.4,5.97,555.0,22.49,0.243,11.6,5814.0,3.68,2.985
K04520.01,CANDIDATE,1,9.3335486,6.643,71.2,1.69,1082.0,323.68,0.725,11.7,5354.0,3.927,1.863
K00070.04,CONFIRMED,2,6.09855603,2.9815,84.4,0.84,927.0,174.3,0.21,24.8,5465.0,4.449,0.925
K00416.03,CANDIDATE,1,9.74765878,2.62,102.0,0.78,679.0,50.3,0.658,11.6,5176.0,4.612,0.738
K04625.01,CONFIRMED,2,2.440839436,0.968,509.5,21.29,986.0,223.8,1.253,14.4,4803.0,4.623,0.698
K04626.01,CANDIDATE,1,91.95723,10.471,308.4,2.66,497.0,14.41,0.015,12.3,5854.0,4.114,1.528
K04627.01,CANDIDATE,1,7.51731745,2.484,170.7,1.19,861.0,129.74,0.256,10.7,5525.0,4.488,0.923
K04629.01,FALSE POSITIVE,0,0.592562969,3.0869,1546.4,25.97,1967.0,3520.7,1.252,100.4,5728.0,4.575,0.804
K04630.01,CANDIDATE,1,44.6966177,10.532,257.3,2.46,637.0,38.95,0.373,15.3,5929.0,4.123,1.518
K04631.01,FALSE POSITIVE,0,3.55661906,5.396,23.3,0.72,1518.0,1254.47,0.384,11.4,6018.0,4.081,1.458
K00070.05,CONFIRMED,2,19.5776073,3.382,98.1,0.9,628.0,36.82,0.049,17.2,5465.0,4.449,0.925
K04749.01,CANDIDATE,1,1.97650073,1.788,112.5,0.97,1394.0,892.9,0.055,10.4,5792.0,4.514,0.923
K04750.01,CANDIDATE,1,36.721576,7.758,538.2,1.93,498.0,14.51,0.097,10.2,5662.0,4.56,0.84
K04753.01,FALSE POSITIVE,0,0.729724346,2.699,23.0,0.51,2151.0,5081.58,0.523,14.3,6084.0,4.426,1.03
K04754.01,CANDIDATE,1,7.08757462,3.342,187.0,1.28,955.0,197.02,0.371,11.0,6060.0,4.509,0.925
K04755.01,CANDIDATE,1,3.74318005,1.111,237.5,1.75,999.0,235.28,0.952,10.5,5207.0,4.516,0.851
K00072.01,CONFIRMED,2,0.837491225,1.796,190.4,1.43,1980.0,3630.32,0.022,189.5,5676.0,4.347,1.044
K00432.01,CONFIRMED,2,5.263415218,2.1446,1030.7,3.77,1103.0,349.4,0.853,117.0,6099.0,4.456,1.028
K04870.01,FALSE POSITIVE,0,1.12401084,3.052,43.6,0.61,1719.0,2058.79,0.297,10.0,5941.0,4.519,0.911
K04871.01,CANDIDATE,1,4.08197713,2.943,26.2,0.6,1372.0,836.88,0.328,9.3,6538.0,4.339,1.156
K04874.01,FALSE POSITIVE,0,0.566805268,3.721,35.7,0.65,2492.0,9052.02,0.069,12.5,6403.0,4.418,1.086
K04875.01,CANDIDATE,1,0.912179022,1.332,144.6,0.65,1025.0,260.05,0.038,10.3,3880.0,4.722,0.555
K04877.01,CANDIDATE,1,5.19206571,3.716,66.6,0.99,1170.0,442.55,0.847,10.5,6322.0,4.426,1.075
K00072.02,CONFIRMED,2,45.29422297,6.83,477.1,2.26,524.0,17.75,0.025,134.8,5676.0,4.347,1.044
K00437.01,FALSE POSITIVE,0,15.84132627,1.8215,31083.0,16.84,575.0,25.77,0.891,135.8,5119.0,4.575,0.702
K05067.01,CANDIDATE,1,219.931324,4.818,641.0,2.3,279.0,1.43,0.307,7.1,5557.0,4.5,0.912
K05071.01,CANDIDATE,1,180.4118581,3.29,4268.0,8.86,329.0,2.77,0.953,33.2,6032.0,4.485,0.973
K05072.01,FALSE POSITIVE,0,4.750256809,1.9278,395.1,12.35,2090.0,4504.96,0.727,42.7,5161.0,3.192,5.753
K05073.01,FALSE POSITIVE,0,623.005238,23.5615,140332.0,66.64,229.0,0.64,0.895,2386.6,5689.0,4.299,1.207
K05075.01,FALSE POSITIVE,0,1.878877205,5.8768,104026.0,109.55,2523.0,9554.79,1.005,525.4,7542.0,4.036,1.999
K00074.01,FALSE POSITIVE,0,5.188671659,5.0534,548.9,5.2,2118.0,4750.81,0.884,331.6,9523.0,4.205,1.941
K00443.01,CONFIRMED,2,16.21774917,4.9274,758.3,2.22,664.0,45.87,0.336,80.3,5837.0,4.577,0.798
K05328.01,FALSE POSITIVE,0,44.714450094,5.7615,90229.6,50.54,533.0,19.09,1.032,2629.0,6185.0,4.49,0.941
K05329.01,CANDIDATE,1,200.2350497,23.612,10812.1,10.99,325.0,2.63,0.674,220.6,6108.0,4.471,0.997
K05330.01,FALSE POSITIVE,0,40.8801539,5.472,395.8,0.92,265.0,1.17,0.016,10.0,3746.0,4.775,0.469
K05331.01,CANDIDATE,1,31.5034587,3.315,210.6,1.17,484.0,13.02,0.053,8.6,5269.0,4.567,0.823
K05332.01,CANDIDATE,1,22.2381062,2.68,104.2,1.09,702.0,57.27,0.288,7.1,6192.0,4.433,1.055
K05333.01,CANDIDATE,1,20.5477769,4.634,253.8,1.67,690.0,53.65,0.028,12.1,5922.0,4.429,1.057
K05335.01,FALSE POSITIVE,0,1.752562808,6.1245,368004.0,124.23,2018.0,3915.22,0.545,5494.6,5853.0,3.971,1.795
K05605.01,CANDIDATE,1,9.011888,4.167,987.6,7.04,1105.0,351.97,0.948,15.5,5627.0,4.002,1.735
K05606.01,FALSE POSITIVE,0,23.81490574,1.9948,79201.0,63.1,847.0,121.57,0.772,444.4,5421.0,3.79,1.89
K05607.01,FALSE POSITIVE,0,1.3274511,3.465,123.6,0.66,1009.0,243.87,0.245,16.6,4137.0,4.646,0.61
K05614.01,FALSE POSITIVE,0,1.811461128,8.42343,921671.0,373.77,3438.0,33024.44,0.309,3934.3,8572.0,3.776,3.034
K05615.01,FALSE POSITIVE,0,2.17491508,8.4418,635412.0,193.73,2009.0,3847.36,0.719,1572.0,6792.0,4.143,1.636
K05617.01,FALSE POSITIVE,0,24.5002702,4.079,153.5,0.73,409.0,6.61,0.405,13.3,4519.0,4.688,0.597
K05622.01,CONFIRMED,2,469.61309,13.709,1234.7,3.24,200.0,0.37,0.906,18.2,5474.0,4.598,0.763
K05895.01,CANDIDATE,1,11.8307724,8.791,136.0,1.16,770.0,83.17,0.592,12.4,5550.0,4.411,0.958
K05901.01,CANDIDATE,1,61.611129,14.96,82.9,1.29,597.0,30.02,0.364,22.0,6533.0,4.227,1.386
K05906.01,FALSE POSITIVE,0,22.57494749,36.756,1344.1,49.49,860.0,129.25,1.271,302.6,6581.0,4.192,1.468
K05908.01,FALSE POSITIVE,0,85.5692223,4.954,539.2,6.85,536.0,19.51,0.98,18.2,5361.0,3.856,1.951
K05909.01,CANDIDATE,1,7.07987663,2.589,309.8,1.36,738.0,70.05,0.034,10.0,4808.0,4.521,0.806
K05915.01,FALSE POSITIVE,0,37.6259039,3.91,411.0,1.81,519.0,17.13,0.49,11.7,5874.0,4.542,0.871
K05917.01,CANDIDATE,1,41.9934673,3.226,293.7,1.56,503.0,15.19,0.046,9.4,5766.0,4.498,0.915
K06052.01,FALSE POSITIVE,0,2.565717939,1.7084,1941.7,180.8,4607.0,106664.85,1.313,45.8,11360.0,3.636,4.712
K06053.01,FALSE POSITIVE,0,22.05274533,5.5924,13857.7,32.56,552.0,21.93,1.247,343.5,5510.0,4.608,0.741
K06054.01,FALSE POSITIVE,0,2.881338104,3.5943,2533.7,31.58,1206.0,501.88,1.271,111.3,5783.0,4.539,0.88
K06055.01,FALSE POSITIVE,0,4.078355243,6.4649,36133.0,16.73,1113.0,362.07,0.368,310.0,5872.0,4.481,0.867
K06056.01,FALSE POSITIVE,0,7.73590441,4.4389,465.3,21.3,884.0,144.83,1.205,59.5,5927.0,4.544,0.86
K00474.04,CONFIRMED,2,5.03505665,1.804,151.5,1.63,1141.0,401.23,0.911,16.6,5888.0,4.342,1.097
K06156.01,CANDIDATE,1,1.608363345,2.1988,96134.0,19.36,1133.0,390.1,0.608,312.3,5022.0,4.668,0.589
K06159.01,FALSE POSITIVE,0,11.41437505,6.276,45966.0,44.08,1128.0,383.45,0.895,34.2,6826.0,4.187,1.52
K06161.01,FALSE POSITIVE,0,10.4032399,23.85,1056.2,51.47,1104.0,350.59,1.296,272.8,6428.0,4.144,1.436
K06162.01,FALSE POSITIVE,0,5.874197307,4.26585,205698.0,59.2,1112.0,361.15,0.7,2200.0,6103.0,4.363,1.083
K06163.01,FALSE POSITIVE,0,19.7959731,5.342,334.0,3.47,1014.0,249.43,0.156,16.6,6731.0,4.043,1.876
K06164.01,CANDIDATE,1,29.5126153,6.314,188.2,1.84,678.0,49.95,0.188,9.4,5746.0,4.189,1.351
K06165.01,FALSE POSITIVE,0,5.614892073,3.7294,2373.0,1192.79,4097.0,66631.18,1.243,122.3,4289.0,1.603,35.695
K00490.01,CONFIRMED,2,4.393157678,2.4455,447.2,1.41,807.0,99.9,0.102,63.0,4799.0,4.631,0.692
K06285.01,FALSE POSITIVE,0,39.841522897,8.79024,143685.0,116.52,765.0,80.93,0.902,4421.6,6078.0,3.946,2.07
K06286.01,FALSE POSITIVE,0,1.891268461,8.24958,641910.0,399.93,5047.0,153163.32,0.183,4211.8,11287.0,3.642,4.662
K06287.01,FALSE POSITIVE,0,1.89114441,8.724,49.9,6.57,932.0,177.97,1.088,16.7,4267.0,4.637,0.627
K06288.01,FALSE POSITIVE,0,1.89117723,6.986,176.2,164.49,3536.0,36995.02,1.207,17.4,5086.0,2.66,6.86
K06289.01,FALSE POSITIVE,0,52.884577,7.892,11969.0,48.13,555.0,22.44,1.272,72.6,6483.0,4.42,1.078
K06395.01,FALSE POSITIVE,0,11.2570616,29.059,690235.0,162.84,1272.0,619.07,0.0,655.2,6915.0,4.012,1.875
K06396.01,FALSE POSITIVE,0,21.858963291,6.32492,117113.0,114.63,925.0,172.73,0.969,2951.2,5923.0,3.904,2.06
K06397.01,FALSE POSITIVE,0,1.461270059,16.467,3348.7,26.29,1253.0,583.36,1.288,131.0,5226.0,4.651,0.674
K06398.01,FALSE POSITIVE,0,9.4022333,2.79,316.0,23.61,2309.0,6719.57,0.019,9.8,4597.0,2.42,13.874
K06399.01,CANDIDATE,1,6.76890076,3.616,123.1,1.24,1017.0,253.3,0.15,10.8,5737.0,4.327,1.125
K06400.01,FALSE POSITIVE,0,9.543584955,3.72007,68184.5,77.97,1141.0,401.55,0.985,3442.2,5537.0,3.837,1.785
K06518.01,FALSE POSITIVE,0,18.611957253,4.24721,124833.0,65.5,829.0,111.83,0.952,2671.7,6492.0,4.32,1.17
K06521.01,FALSE POSITIVE,0,0.562006231,3.496,14.2,0.58,2978.0,18708.86,0.678,12.8,6609.0,4.17,1.455
K06522.01,FALSE POSITIVE,0,3.21559054,16.261,202.4,18.8,1366.0,822.2,1.153,87.1,6300.0,4.414,1.036
K06523.01,FALSE POSITIVE,0,1.547426532,16.1346,532.9,3.62,1973.0,3587.69,0.947,210.1,6612.0,4.303,1.264
K06524.01,FALSE POSITIVE,0,12.851722103,5.71731,42518.6,47.26,781.0,88.01,1.15,1537.8,5838.0,4.438,0.967
K06528.01,FALSE POSITIVE,0,0.56818769,2.0,449.2,2.47,938.0,183.39,0.583,27.5,5761.0,4.438,0.997
K06529.01,FALSE POSITIVE,0,1.0094779,3.72,449.2,2.47,938.0,183.39,0.583,27.5,5761.0,4.438,0.997
K00503.01,CONFIRMED,2,8.22241355,2.71,1468.6,2.28,558.0,22.86,0.246,67.0,4213.0,4.658,0.615
K04183.01,FALSE POSITIVE,0,0.952378454,3.892,43.8,1.46,2528.0,9651.76,0.996,17.4,6963.0,4.25,1.375
K04184.01,CONFIRMED,2,6.08003714,1.308,184.0,1.07,808.0,100.72,0.254,17.7,4991.0,4.513,0.804
K04185.01,CONFIRMED,2,3.035206175,0.6182,696.9,3.59,1143.0,403.53,0.965,19.1,5505.0,4.503,0.873
K04186.01,FALSE POSITIVE,0,2.21316437,3.874,116.1,0.95,1374.0,841.98,0.672,27.9,5921.0,4.465,0.83
K04187.01,FALSE POSITIVE,0,7.07162308,2.587,123.0,1.42,1162.0,431.05,0.331,16.9,6313.0,4.24,1.259
K04188.01,CONFIRMED,2,6.96352699,3.192,68.1,1.4,1298.0,669.78,0.09,17.4,6040.0,3.978,1.686
K00398.02,CONFIRMED,2,4.180048081,2.4479,1765.6,3.44,957.0,197.81,0.047,124.3,5227.0,4.535,0.838
K04293.01,FALSE POSITIVE,0,4.206109,5.16,120.0,0.91,999.0,235.01,0.607,11.9,5480.0,4.522,0.802
K04294.01,FALSE POSITIVE,0,0.962590772,1.2569,1021.6,31.51,2026.0,3989.37,1.236,90.4,6274.0,4.434,1.062
K04295.01,CONFIRMED,2,13.3997555,3.534,167.3,1.51,886.0,145.65,0.375,13.6,6401.0,4.389,1.15
K04296.01,CANDIDATE,1,2.49385348,1.414,46.9,0.59,1251.0,579.64,0.331,12.3,5615.0,4.477,0.85
K04297.01,FALSE POSITIVE,0,5.93725628,3.639,115.6,0.86,891.0,148.97,0.351,17.1,5428.0,4.494,0.799
K00405.01,FALSE POSITIVE,0,37.60936976,6.8615,27590.8,15.8,508.0,15.8,0.671,971.1,5600.0,4.483,0.896
K04298.01,CANDIDATE,1,2.89494709,3.254,45.8,1.16,1919.0,3204.25,0.191,14.3,7087.0,4.137,1.684
K04409.01,CONFIRMED,2,14.2651545,3.601,66.3,1.06,853.0,125.45,0.353,13.9,5825.0,4.237,1.291
K04410.01,CANDIDATE,1,5.04404366,1.682,236.5,1.47,1078.0,318.92,0.08,11.6,6039.0,4.493,0.951
K04411.01,CONFIRMED,2,11.17931581,3.103,90.6,1.81,1159.0,426.61,0.381,12.0,6292.0,4.014,1.873
K04412.01,FALSE POSITIVE,0,1.284991846,2.274,29.1,1.17,2491.0,9065.72,0.485,15.3,6060.0,3.852,2.106
K00411.01,FALSE POSITIVE,0,15.85238672,5.179,928.5,32.21,775.0,85.35,1.262,36.5,5903.0,4.322,1.005
K04413.01,FALSE POSITIVE,0,9.9398272,4.1198,478.6,101.71,819.0,106.5,1.973,4.3,5798.0,4.507,0.941
K04414.01,FALSE POSITIVE,0,0.866346,2.011,116.4,1.24,2165.0,5186.18,0.409,13.9,6241.0,4.366,1.131
K04522.01,FALSE POSITIVE,0,2.21030572,2.492,92.0,1.06,1572.0,1440.34,0.233,11.4,6355.0,4.418,1.09
K04523.01,CANDIDATE,1,5.68251605,3.479,81.2,1.03,1090.0,333.82,0.0,9.4,5753.0,4.319,1.157
K04524.01,CONFIRMED,2,7.99144696,3.639,145.0,1.53,901.0,155.95,0.94,12.8,5700.0,4.434,1.006
K04524.02,CANDIDATE,1,4.52628739,3.736,99.6,1.02,1089.0,332.79,0.5,12.5,5700.0,4.434,1.006
K04524.03,CANDIDATE,1,3.33930957,2.597,91.3,1.2,1205.0,498.37,0.934,10.7,5700.0,4.434,1.006
K04526.01,CANDIDATE,1,30.5392931,6.887,428.2,2.72,669.0,47.46,0.045,15.0,5803.0,4.211,1.328
K04526.02,CANDIDATE,1,11.8187288,4.017,249.0,2.09,919.0,168.38,0.282,10.3,5803.0,4.211,1.328
K00426.01,CANDIDATE,1,16.30141333,3.5764,942.3,3.84,805.0,99.08,0.786,62.4,6072.0,4.328,1.138
K04632.01,CANDIDATE,1,40.0691482,2.928,784.1,13.25,458.0,10.42,1.125,10.5,5485.0,4.575,0.762
K04633.01,CANDIDATE,1,11.6933447,6.551,66.9,1.12,950.0,192.95,0.353,12.7,6049.0,4.248,1.354
K04634.01,CANDIDATE,1,4.02745396,1.33,85.2,0.98,1250.0,577.46,0.304,10.8,6174.0,4.398,1.041
K04635.01,FALSE POSITIVE,0,4.99473798,3.05,99.5,0.82,917.0,167.06,0.46,17.5,5406.0,4.569,0.819
K04636.01,CANDIDATE,1,122.749053,8.342,1041.2,6.13,348.0,3.48,0.997,15.0,5619.0,4.488,0.976
K04637.01,CANDIDATE,1,4.37992345,4.949,15.5,0.81,1608.0,1579.65,0.728,13.9,6311.0,3.993,1.918
K04756.01,CANDIDATE,1,5.4169303,7.512,109.5,8.17,1173.0,447.24,1.055,11.3,6355.0,4.41,1.108
K04757.01,FALSE POSITIVE,0,0.933157032,2.614,87.8,7.29,2202.0,5565.35,1.046,15.2,6499.0,4.378,1.169
K04758.01,FALSE POSITIVE,0,37.1083458,4.112,366.5,1.71,492.0,13.84,0.612,7.9,5591.0,4.559,0.86
K04759.01,CANDIDATE,1,17.7662938,3.079,181.1,1.54,670.0,47.74,0.909,10.1,5724.0,4.495,0.946
K04760.01,FALSE POSITIVE,0,13.6917833,4.198,145.4,1.12,770.0,83.37,0.142,14.2,5906.0,4.433,0.931
K04761.01,FALSE POSITIVE,0,25.95633,26.34,158.2,9.75,618.0,34.42,1.088,11.9,6139.0,4.53,0.881
K04762.01,CANDIDATE,1,11.56722589,2.507,373.7,1.29,568.0,24.64,0.242,11.5,4597.0,4.59,0.691
K04879.01,FALSE POSITIVE,0,8.480305,6.19,304.2,1.33,661.0,45.21,0.766,11.5,4895.0,4.631,0.696
K04881.01,CANDIDATE,1,5.6795377,3.757,52.0,1.16,1420.0,961.1,0.196,12.5,6514.0,4.09,1.585
K04881.02,FALSE POSITIVE,0,0.706423768,1.0597,46.1,1.16,2845.0,15425.08,0.71,15.9,6514.0,4.09,1.585
K04882.01,FALSE POSITIVE,0,17.4453133,5.14,327.7,5.38,1066.0,305.55,0.23,12.2,4927.0,3.417,3.04
K04884.01,FALSE POSITIVE,0,1.97515457,2.633,66.1,0.92,1504.0,1207.0,0.027,9.2,5571.0,4.31,1.145
K04885.01,CANDIDATE,1,9.33955596,2.058,245.1,2.67,882.0,143.02,0.985,10.1,5516.0,4.308,1.101
K04887.01,FALSE POSITIVE,0,1.018347376,4.386,47.8,1.92,2832.0,15153.38,0.654,33.3,5858.0,3.729,2.638
K05076.01,FALSE POSITIVE,0,0.938857507,3.98767,12960.3,1148.7,6867.0,526061.85,1.217,962.6,4217.0,1.656,27.676
K05084.01,CONFIRMED,2,287.377314,18.821,4376.9,11.67,350.0,3.56,0.015,60.4,5548.0,3.964,1.793
K05086.01,FALSE POSITIVE,0,21.92866538,9.7526,22178.4,65.97,983.0,220.41,0.931,664.6,5001.0,3.469,3.028
K05088.01,CANDIDATE,1,49.1782244,5.8,449.0,1.79,468.0,11.32,0.315,9.4,5674.0,4.473,0.839
K05090.01,FALSE POSITIVE,0,1.928420823,3.8253,191238.0,79.4,1882.0,2960.96,0.818,438.3,6615.0,4.257,1.326
K05093.01,FALSE POSITIVE,0,26.737139497,4.68919,53516.1,29.28,655.0,43.59,0.734,4731.1,5794.0,4.317,1.155
K05096.01,FALSE POSITIVE,0,0.987069622,1.0092,384.8,2.43,2232.0,5878.09,0.2,2.5,6602.0,4.354,1.223
K00075.01,CANDIDATE,1,105.8817667,18.044,1556.3,10.16,595.0,29.64,0.539,301.8,5903.0,3.757,2.499
K00452.01,CONFIRMED,2,3.705991661,5.1658,501.4,2.43,1281.0,637.42,0.623,100.3,6187.0,4.409,1.034
K05336.01,CANDIDATE,1,265.741374,18.078,273.4,3.24,413.0,6.9,0.652,21.6,6537.0,4.044,1.859
K05339.01,FALSE POSITIVE,0,1.541530919,4.8691,213262.0,115.49,2689.0,12320.99,0.759,601.5,7631.0,4.059,1.937
K05341.01,CANDIDATE,1,15.18575582,0.633,256.7,2.26,922.0,170.46,0.474,11.8,6311.0,4.207,1.339
K05346.01,FALSE POSITIVE,0,21.12752693,2.253,51.8,20.93,2349.0,7200.22,0.157,18.4,4024.0,1.672,30.882
K05351.01,FALSE POSITIVE,0,35.882272887,3.95004,101231.0,35.21,512.0,16.3,0.858,3096.9,5840.0,4.57,0.812
K05623.01,FALSE POSITIVE,0,583.73632,15.75,338.6,2.65,266.0,1.19,0.126,11.4,6003.0,4.176,1.442
K05625.01,CANDIDATE,1,116.454312,15.826,2125.3,3.33,306.0,2.06,0.006,30.0,5197.0,4.548,0.736
K05628.01,CANDIDATE,1,24.9093027,3.8,332.6,1.32,452.0,9.9,0.679,10.4,4810.0,4.633,0.685
K00076.01,FALSE POSITIVE,0,77.4794704,10.1151,1237.0,10.33,778.0,86.59,0.019,72.6,6711.0,3.73,2.909
K00459.02,CONFIRMED,2,6.91986988,3.4253,170.1,1.39,961.0,201.41,0.819,25.6,5815.0,4.421,0.954
K05632.01,CANDIDATE,1,264.466625,6.371,437.3,2.61,346.0,3.41,0.129,27.0,6551.0,4.337,1.236
K05636.01,FALSE POSITIVE,0,2.79123954,2.843,154.8,2.22,1771.0,2322.96,0.709,25.3,6407.0,4.111,1.668
K05919.01,FALSE POSITIVE,0,290.196139,13.698,281.0,2.35,341.0,3.2,0.017,15.7,6238.0,4.224,1.403
K05922.01,FALSE POSITIVE,0,367.07446,5.887,368.3,2.15,287.0,1.59,0.093,6.6,6315.0,4.407,1.116
K05928.01,CANDIDATE,1,20.69920737,2.17,449.2,2.47,938.0,183.39,0.583,27.5,5761.0,4.438,0.997
K00007.01,CONFIRMED,2,3.213668926,3.98235,727.8,4.13,1515.0,1244.44,0.021,346.9,5795.0,4.101,1.545
K00080.01,FALSE POSITIVE,0,9.250572762,3.6373,1039.5,96.08,1966.0,3530.57,1.234,351.4,8133.0,3.715,3.294
K00469.01,CANDIDATE,1,10.32906563,1.44,2309.8,6.17,908.0,160.44,0.923,114.8,6228.0,4.441,1.049
K05929.01,CANDIDATE,1,466.002988,10.278,2363.6,4.92,223.0,0.58,0.867,42.3,5830.0,4.54,0.876
K06057.01,FALSE POSITIVE,0,3.530164642,4.11466,69923.0,35.71,1465.0,1086.97,0.019,731.2,6208.0,4.226,1.344
K06058.01,FALSE POSITIVE,0,6.496031958,5.21924,108889.0,32.33,957.0,198.07,0.065,1797.6,5516.0,4.364,0.988
K06059.01,FALSE POSITIVE,0,4.012537983,2.0101,19796.0,9.96,765.0,80.95,0.783,166.0,4483.0,4.629,0.63
K06060.01,FALSE POSITIVE,0,1.594162001,5.4958,9876.3,26.11,1419.0,960.51,1.128,415.0,5388.0,4.449,0.885
K06061.01,FALSE POSITIVE,0,10.238939876,3.4851,3153.1,22.09,1190.0,474.05,1.022,427.6,6244.0,3.986,1.807
K06062.01,FALSE POSITIVE,0,5.499941387,5.1339,40110.4,23.34,1202.0,492.27,0.002,506.4,6435.0,4.385,1.157
K06165.02,FALSE POSITIVE,0,35.4261827,4.393,317.6,153.72,2217.0,5712.61,1.004,7.1,4289.0,1.603,35.695
K06166.01,CONFIRMED,2,12.2064304,2.407,1337.2,5.41,895.0,151.44,0.104,16.2,5254.0,4.05,1.514
K06166.02,CONFIRMED,2,6.6513189,2.135,1058.4,4.81,1095.0,340.06,0.064,15.3,5254.0,4.05,1.514
K00481.03,CONFIRMED,2,34.25951418,4.7743,1072.5,2.41,468.0,11.36,0.008,66.1,5409.0,4.609,0.746
K06167.01,FALSE POSITIVE,0,3.905532605,6.8091,73081.0,21.37,1017.0,253.21,0.002,350.4,5495.0,4.543,0.798
K06169.01,FALSE POSITIVE,0,0.779609509,4.013,88.5,1.07,2097.0,4557.44,0.676,21.0,5899.0,4.37,1.07
K06171.01,FALSE POSITIVE,0,2.103239235,7.08365,314928.0,64.15,1470.0,1100.91,0.62,3069.4,6074.0,4.466,0.965
K06290.01,FALSE POSITIVE,0,1.429439352,2.424,3367.1,54.36,2079.0,4417.56,1.298,292.0,6491.0,4.223,1.371
K06292.01,FALSE POSITIVE,0,2.821328194,5.02692,64776.0,40.0,1807.0,2520.03,0.537,1227.3,6701.0,4.121,1.506
K06293.01,CANDIDATE,1,5.88836941,1.05,119.9,1.21,1125.0,379.27,0.249,8.3,6243.0,4.39,1.084
K06294.01,FALSE POSITIVE,0,11.961308501,4.6414,310679.0,51.58,696.0,55.37,0.616,1907.8,5564.0,4.587,0.785
K06295.01,FALSE POSITIVE,0,204.280255,37.2,10579.0,8.99,236.0,0.73,0.875,35.1,4907.0,4.582,0.727
K00490.02,CONFIRMED,2,1071.232624,16.1784,19045.6,9.27,129.0,0.07,0.216,544.2,4799.0,4.631,0.692
K00497.01,CONFIRMED,2,13.19322809,5.0036,585.7,2.94,862.0,130.35,0.005,50.9,5946.0,4.309,1.223
K06401.01,CANDIDATE,1,1.96134311,11.856,207.8,41.53,2167.0,5197.02,1.159,59.5,6221.0,3.935,2.198
K06402.01,FALSE POSITIVE,0,1.1611022,2.48,449.2,2.47,938.0,183.39,0.583,27.5,5761.0,4.438,0.997
K06403.01,FALSE POSITIVE,0,0.792023257,3.2604,176.6,0.81,1300.0,678.05,0.205,49.6,4447.0,4.632,0.625
K06404.01,FALSE POSITIVE,0,10.643743766,6.29783,436506.0,47.87,675.0,49.06,0.353,3167.9,5282.0,4.578,0.694
K06405.01,FALSE POSITIVE,0,1.7317958,2.924,60.6,1.19,1825.0,2628.3,0.445,10.5,5691.0,4.095,1.508
K06406.01,FALSE POSITIVE,0,8.65298599,1.549,313.8,1.36,734.0,68.48,0.529,12.4,5210.0,4.538,0.749
K06531.01,FALSE POSITIVE,0,1.0429419,7.22,412.0,2.49,1795.0,2448.03,0.922,40.9,5780.0,4.438,1.0
K06532.01,CANDIDATE,1,0.813998812,0.675,183.4,1.36,1933.0,3285.52,0.045,13.7,5705.0,4.424,0.989
K06533.01,FALSE POSITIVE,0,6.12650913,15.43,2434.0,9.08,1370.0,832.67,0.919,3.1,6881.0,4.252,1.534
K06534.01,FALSE POSITIVE,0,0.720589427,4.329,70.0,1.95,3927.0,56448.93,0.64,1.7,8497.0,4.07,2.211
K06535.01,FALSE POSITIVE,0,0.950487062,2.9283,11.5,1.35,4231.0,75637.15,0.907,15.4,8107.0,3.698,3.385
K06536.01,FALSE POSITIVE,0,5.579631021,3.38646,118321.0,90.32,1108.0,356.56,1.323,1268.7,6188.0,4.427,1.022
K06537.01,FALSE POSITIVE,0,21.37831102,21.7174,80571.0,97.23,1062.0,300.32,0.257,852.2,4905.0,3.3,3.484
K04189.01,CONFIRMED,2,64.2729088,12.136,1213.9,5.38,554.0,22.31,0.908,27.4,6341.0,4.278,1.299
K04190.01,CONFIRMED,2,3.4327371,4.001,63.2,0.75,1134.0,390.57,0.703,15.3,5757.0,4.536,0.881
K04191.01,FALSE POSITIVE,0,13.8452726,2.555,93.2,2.34,1276.0,626.93,0.566,10.4,6845.0,3.89,2.324
K04192.01,CONFIRMED,2,18.0541469,4.587,283.1,1.51,635.0,38.57,0.175,19.3,5505.0,4.501,0.909
K04192.02,CANDIDATE,1,32.0273169,5.144,161.7,1.14,525.0,17.95,0.259,8.8,5505.0,4.501,0.909
K04193.01,CANDIDATE,1,94.180473,7.345,1104.4,4.17,478.0,12.34,0.955,15.6,6997.0,4.475,1.0
K04194.01,CONFIRMED,2,1.538185321,1.683,277.2,1.29,1234.0,547.92,0.7,15.2,5107.0,4.615,0.723
K04299.01,FALSE POSITIVE,0,0.980505042,1.4068,426.6,26.35,1904.0,3100.61,1.206,51.5,5794.0,4.372,1.059
K04300.01,CONFIRMED,2,3.58273837,1.523,360.5,1.64,1064.0,302.74,0.143,11.6,5448.0,4.517,0.872
K04301.01,CONFIRMED,2,15.604841,4.543,73.4,1.57,1013.0,248.62,0.715,15.3,6254.0,4.019,1.706
K04301.02,CANDIDATE,1,6.31915999,3.465,34.4,1.04,1369.0,829.72,0.575,9.8,6254.0,4.019,1.706
K04302.01,CANDIDATE,1,5.53312006,3.486,53.1,1.05,1303.0,680.77,0.299,13.4,6170.0,4.15,1.425
K04303.01,FALSE POSITIVE,0,200.721168,9.91,822.5,3.32,327.0,2.72,0.234,13.1,5566.0,4.275,1.17
K04304.01,CONFIRMED,2,9.4061364,4.882,79.5,1.14,981.0,219.36,0.397,13.2,5855.0,4.24,1.268
K04415.01,FALSE POSITIVE,0,0.885129679,3.156,177.3,1.21,1780.0,2373.06,0.651,21.2,5792.0,4.547,0.864
K04417.01,FALSE POSITIVE,0,0.438153876,1.3885,164.8,14.0,2407.0,8008.07,1.124,33.4,6032.0,4.508,0.929
K04417.02,FALSE POSITIVE,0,0.87630504,1.11,170.9,22.24,1911.0,3156.02,1.207,25.2,6032.0,4.508,0.929
K04419.01,CANDIDATE,1,0.259819659,0.6513,231.5,1.22,1559.0,1410.9,0.972,24.1,3939.0,4.736,0.526
K04420.01,FALSE POSITIVE,0,0.566795467,4.712,38.2,0.67,2254.0,6076.99,0.504,25.8,5642.0,4.337,1.056
K04421.01,CANDIDATE,1,4.72693131,4.036,26.2,0.61,1203.0,495.58,0.065,11.5,5950.0,4.323,1.196
K04421.02,CANDIDATE,1,6.5595368,4.324,26.3,0.62,1079.0,320.09,0.378,10.1,5950.0,4.323,1.196
K04527.01,FALSE POSITIVE,0,2.97599368,4.023,55.0,0.79,1395.0,894.1,0.243,13.0,6202.0,4.394,1.055
K04528.01,CANDIDATE,1,8.31224474,2.663,70.8,10.63,801.0,97.64,1.111,12.2,5421.0,4.483,0.816
K04529.01,FALSE POSITIVE,0,0.584148495,1.6192,66.2,0.87,2130.0,4882.9,0.584,21.9,5427.0,4.347,1.031
K00417.01,FALSE POSITIVE,0,19.193103549,2.5425,6807.3,12.23,656.0,43.77,0.98,258.5,5883.0,4.53,0.892
K04530.01,CANDIDATE,1,12.6362048,3.961,124.0,1.1,774.0,85.06,0.174,11.5,5772.0,4.457,0.992
K04532.01,FALSE POSITIVE,0,1.02087831,2.429,33.4,0.64,1903.0,3115.14,0.148,9.9,5750.0,4.337,1.106
K04533.01,FALSE POSITIVE,0,1.26132769,1.244,109.7,0.14,447.0,9.46,0.289,9.9,2900.0,5.224,0.132
K04640.01,CONFIRMED,2,6.1082945,3.493,61.1,1.06,1267.0,608.39,0.63,10.8,6720.0,4.316,1.289
K04641.01,FALSE POSITIVE,0,119.72007,9.48,115.6,1.26,410.0,6.67,0.025,9.0,5963.0,4.321,1.176
K04642.01,FALSE POSITIVE,0,1.27839331,6.343,19.5,0.86,2853.0,15656.19,0.201,15.2,7758.0,4.106,1.918
K04643.01,CANDIDATE,1,5.59346375,1.668,236.5,1.43,1008.0,243.63,0.079,9.5,5874.0,4.498,0.933
K00427.01,CONFIRMED,2,24.61480613,2.6602,1798.0,4.2,586.0,27.93,0.435,68.4,5312.0,4.384,0.986
K04644.01,CANDIDATE,1,3.44928111,1.424,237.0,1.23,966.0,206.55,0.534,9.7,5119.0,4.591,0.781
K04645.01,FALSE POSITIVE,0,1.4725859,2.953,84.4,0.93,1662.0,1801.98,0.377,13.3,6077.0,4.471,0.999
K04763.01,CANDIDATE,1,56.446465,7.371,147.9,1.57,522.0,17.5,0.874,12.4,5995.0,4.337,1.117
K04764.01,CANDIDATE,1,31.4202111,4.021,390.5,1.45,471.0,11.6,0.075,10.6,5269.0,4.603,0.748
K04765.01,CONFIRMED,2,10.8118317,2.627,76.8,1.24,922.0,170.74,0.896,9.5,6025.0,4.331,1.196
K00433.01,CONFIRMED,2,4.030466786,2.7734,2908.3,4.48,970.0,209.11,0.033,227.4,5234.0,4.542,0.854
K04766.01,CANDIDATE,1,5.56676609,1.812,173.8,1.12,859.0,128.51,0.392,12.0,5032.0,4.479,0.859
K04767.01,FALSE POSITIVE,0,1.208528832,1.336,180.8,1.25,1725.0,2084.15,0.039,10.6,6072.0,4.51,0.923
K04768.01,CANDIDATE,1,3.43633133,0.675,473.5,1.44,945.0,188.22,0.114,14.5,5201.0,4.616,0.651
K04890.01,CANDIDATE,1,63.095068,9.485,496.8,11.67,573.0,25.4,1.05,11.4,6622.0,4.331,1.325
K04891.01,CANDIDATE,1,4.7309013,2.889,228.5,1.39,1065.0,303.67,0.362,11.6,5941.0,4.519,0.911
K04892.01,CANDIDATE,1,21.3761817,8.543,104.0,1.08,717.0,62.37,0.017,12.1,5984.0,4.322,1.052
K00438.01,CONFIRMED,2,5.931196562,2.4999,1007.4,2.01,562.0,23.5,0.886,90.5,3984.0,4.72,0.539
K04893.01,CANDIDATE,1,6.58753699,2.043,232.1,1.51,992.0,228.36,0.132,8.2,6014.0,4.486,0.993
K04894.01,FALSE POSITIVE,0,8.5900471,3.463,137.0,0.8,677.0,49.76,0.098,9.6,4914.0,4.575,0.707
K04895.01,CANDIDATE,1,12.460565,3.903,143.9,1.1,726.0,65.72,0.015,10.2,5435.0,4.453,0.933
K05098.01,CANDIDATE,1,100.345648,7.939,372.3,1.57,325.0,2.62,0.54,15.2,5180.0,4.548,0.8
K05100.01,FALSE POSITIVE,0,1.23708565,5.743,803.8,36.31,2174.0,5293.07,1.222,55.3,6556.0,4.243,1.324
K05104.01,CANDIDATE,1,21.1579573,4.706,215.9,1.63,682.0,51.22,0.775,10.2,6063.0,4.476,1.012
K00444.01,CONFIRMED,2,11.72291212,4.2064,492.2,2.08,766.0,81.46,0.012,58.8,5550.0,4.431,0.953
K05108.01,FALSE POSITIVE,0,1.174683069,2.5167,356.4,3.06,1901.0,3076.92,0.98,87.5,5974.0,4.332,1.143
K05109.01,FALSE POSITIVE,0,28.615014,24.74,70.5,1.69,783.0,88.66,0.505,13.5,5562.0,3.925,1.987
K05110.01,FALSE POSITIVE,0,105.5904748,2.188,292.4,8.16,670.0,47.59,0.743,9.5,4869.0,3.193,4.383
K05353.01,CANDIDATE,1,0.812592362,1.5646,6945.8,25.84,2912.0,16928.43,1.007,226.6,7117.0,4.153,1.64
K05355.01,FALSE POSITIVE,0,0.566805859,3.835,61.1,1.25,2858.0,15850.69,0.724,21.5,6413.0,4.203,1.494
K05361.01,CANDIDATE,1,22.0495604,3.428,134.5,1.9,912.0,163.51,0.651,15.4,6821.0,4.176,1.548
K05371.01,FALSE POSITIVE,0,33.3037881,3.003,272.4,1.14,422.0,7.53,0.072,8.1,4899.0,4.624,0.713
K05375.01,CANDIDATE,1,285.374561,4.865,482.3,5.94,423.0,7.54,0.018,13.7,5142.0,3.47,2.756
K00453.01,FALSE POSITIVE,0,2.236100588,1.8643,27241.0,55.59,1255.0,586.38,1.427,43.0,5708.0,4.578,0.795
K05382.01,FALSE POSITIVE,0,2.45649061,2.844,287.8,14.14,3440.0,33039.62,0.167,21.0,4870.0,2.486,8.531
K05647.01,FALSE POSITIVE,0,84.644104,48.182,512.0,34.61,1254.0,584.49,0.178,33.5,5229.0,2.486,15.517
K05651.01,CANDIDATE,1,83.499618,16.03,501.0,1.72,343.0,3.29,0.341,16.1,5141.0,4.526,0.773
K05654.01,FALSE POSITIVE,0,54.6957124,6.89,1096.0,3.28,405.0,6.34,0.954,12.4,5299.0,4.535,0.757
K05662.01,FALSE POSITIVE,0,9.5497037,1.881,706.7,1.45,456.0,10.25,0.028,12.4,3705.0,4.683,0.569
K05663.01,CANDIDATE,1,140.884533,10.245,158.0,1.52,392.0,5.6,0.013,16.4,5960.0,4.306,1.213
K05664.01,FALSE POSITIVE,0,77.138911,7.229,603.3,3.39,406.0,6.46,0.981,19.0,5778.0,4.531,0.911
K05667.01,FALSE POSITIVE,0,0.536551592,4.89,153.2,12.88,2377.0,7584.36,1.102,26.2,6140.0,4.455,1.027
K05932.01,CANDIDATE,1,355.86134,23.39,1220.7,2.79,233.0,0.7,0.003,15.2,5736.0,4.576,0.801
K05940.01,FALSE POSITIVE,0,24.7967294,4.278,970.5,3.14,537.0,19.62,0.952,13.8,5496.0,4.592,0.776
K05943.01,CANDIDATE,1,27.2020672,1.811,180.3,1.87,719.0,63.31,0.223,8.7,5869.0,4.175,1.396
K05944.01,FALSE POSITIVE,0,64.713168094,5.69869,312970.0,62.03,482.0,12.8,0.573,3582.5,6175.0,4.44,0.974
K05947.01,FALSE POSITIVE,0,1.036592136,2.296,2118.2,293.01,4194.0,73013.77,1.25,150.6,4884.0,2.737,8.747
K05961.01,FALSE POSITIVE,0,19.159760875,3.10166,32491.1,25.24,424.0,7.65,1.191,900.3,4492.0,4.727,0.516
K06063.01,FALSE POSITIVE,0,8.667826242,5.06514,43491.0,37.51,1225.0,531.63,0.822,4638.1,6712.0,4.174,1.538
K06064.01,FALSE POSITIVE,0,265.2996227,8.8452,100158.0,33.81,270.0,1.25,0.798,616.3,5873.0,4.547,0.863
K06064.02,FALSE POSITIVE,0,265.299451,4.563,4946.0,7.1,270.0,1.25,0.88,34.3,5873.0,4.547,0.863
K06065.01,FALSE POSITIVE,0,265.2999623,8.8577,31778.0,25.56,296.0,1.81,0.928,154.7,6108.0,4.471,0.997
K00081.01,FALSE POSITIVE,0,23.8761144,9.3113,1611.7,10.45,1481.0,1135.6,0.014,225.5,9974.0,4.048,2.533
K00475.01,CONFIRMED,2,8.1808949,2.7546,723.5,2.1,716.0,62.21,0.521,48.7,5081.0,4.596,0.77
K06175.01,FALSE POSITIVE,0,9.86869589,2.876,5915.0,21.68,1332.0,743.72,0.984,15.8,7301.0,4.11,1.717
K06177.01,FALSE POSITIVE,0,0.978362973,1.206,37.1,1.04,2772.0,13948.03,0.267,15.9,7193.0,4.156,1.671
K06178.01,CANDIDATE,1,13.0327301,3.902,242.3,1.64,809.0,101.4,0.67,11.1,6122.0,4.471,0.996
K06179.01,CANDIDATE,1,16.2957847,5.16,409.8,2.13,744.0,72.62,0.603,14.2,6063.0,4.476,1.012
K06181.01,FALSE POSITIVE,0,24.0733775,19.612,1325.7,27.78,1263.0,601.46,0.914,76.9,4647.0,2.843,6.055
K06182.01,CANDIDATE,1,19.2405821,4.99,207.4,1.19,565.0,24.17,0.258,9.0,5031.0,4.485,0.848
K06296.01,FALSE POSITIVE,0,5.499941793,11.3096,47751.3,59.94,1878.0,2942.15,0.531,814.1,7079.0,3.827,2.634
K06297.01,FALSE POSITIVE,0,2.629870555,6.606,101310.0,34.05,1291.0,659.45,0.705,1026.0,5566.0,4.382,0.967
K06298.01,FALSE POSITIVE,0,1.97362159,3.29,449.2,2.47,938.0,183.39,0.583,27.5,5761.0,4.438,0.997
K06299.01,CANDIDATE,1,0.947554749,1.097,65.4,0.67,1633.0,1680.03,0.058,12.4,5508.0,4.569,0.84
K06300.01,FALSE POSITIVE,0,6.62761199,6.15281,227141.0,82.03,1204.0,496.41,0.753,4355.5,6316.0,4.231,1.333
K06301.01,CANDIDATE,1,50.271927,6.073,574.5,2.94,589.0,28.51,0.205,9.3,6520.0,4.375,1.215
K06302.01,FALSE POSITIVE,0,28.597880332,7.71925,85951.6,74.25,1014.0,250.21,0.356,2526.2,6590.0,3.787,2.474
K06407.01,FALSE POSITIVE,0,1.19563447,5.3934,8245.0,14.94,1988.0,3686.75,0.861,105.8,5583.0,4.115,1.413
K06408.01,FALSE POSITIVE,0,0.550537628,1.216,72.0,1.93,4181.0,71798.87,0.516,4.9,8098.0,4.013,2.199
K06410.01,FALSE POSITIVE,0,2.53470797,20.143,328.2,50.25,2117.0,4744.68,1.187,99.5,6440.0,3.874,2.254
K06411.01,FALSE POSITIVE,0,61.25964956,12.1777,233258.0,54.72,447.0,9.45,0.741,880.3,5912.0,4.532,0.889
K00497.02,CONFIRMED,2,4.42535097,3.504,179.0,1.63,1240.0,559.22,0.177,22.1,5946.0,4.309,1.223
K06412.01,FALSE POSITIVE,0,0.872359598,3.74512,267053.0,67.08,2112.0,4703.58,0.686,1063.2,6240.0,4.391,1.048
K06414.01,FALSE POSITIVE,0,5.627911313,7.08223,434329.0,81.61,1167.0,438.81,0.464,2890.7,6280.0,4.361,1.115
K06538.01,CANDIDATE,1,129.847318,13.057,198.4,1.45,385.0,5.22,0.004,11.1,6133.0,4.427,1.032
K06540.01,FALSE POSITIVE,0,0.550509602,1.1836,123.5,5.02,3938.0,56796.99,0.386,24.0,4891.0,3.169,4.529
K06541.01,FALSE POSITIVE,0,2.404293523,4.4649,8150.9,888.7,4178.0,71976.93,1.364,471.2,4697.0,2.204,17.032
K00504.01,CONFIRMED,2,40.606895,5.756,657.5,2.67,521.0,17.4,0.494,36.3,5538.0,4.384,1.027
K06541.02,FALSE POSITIVE,0,0.938074536,1.9618,575.9,417.01,5718.0,251840.36,1.196,36.1,4697.0,2.204,17.032
K06543.01,FALSE POSITIVE,0,0.756511623,2.81832,41596.1,77.4,2549.0,9947.96,1.216,845.0,6343.0,4.199,1.417
K06544.01,FALSE POSITIVE,0,10.845286549,4.3876,7473.8,319.52,1682.0,1893.11,1.307,416.1,5096.0,3.094,7.023
K04195.01,FALSE POSITIVE,0,1.332567643,4.284,56.7,0.62,1482.0,1143.87,0.642,24.0,5687.0,4.582,0.79
K04196.01,FALSE POSITIVE,0,0.662457501,1.527,64.1,8.3,3295.0,27795.08,1.024,13.5,6425.0,3.862,2.16
K04197.01,FALSE POSITIVE,0,1.33258458,3.222,127.0,1.25,1868.0,2873.72,0.422,14.4,6384.0,4.419,1.086
K00398.03,CONFIRMED,2,1.729367077,1.7442,484.4,1.82,1284.0,643.54,0.278,44.7,5227.0,4.535,0.838
K04198.01,FALSE POSITIVE,0,1.182862515,2.928,22.3,1.26,2800.0,14544.87,0.284,16.5,6017.0,3.699,2.639
K04199.01,CONFIRMED,2,0.539915033,1.1466,97.0,0.82,1871.0,2901.68,0.291,17.6,5102.0,4.502,0.837
K04202.01,CONFIRMED,2,153.979362,9.028,792.5,2.53,330.0,2.82,0.036,16.1,5858.0,4.502,0.903
K04306.01,FALSE POSITIVE,0,1.489457454,3.028,56.3,1.58,2415.0,8026.6,0.171,29.7,6316.0,3.908,2.087
K04307.01,CANDIDATE,1,160.850075,9.427,428.1,3.41,413.0,6.87,0.769,16.1,5999.0,4.168,1.507
K00406.01,FALSE POSITIVE,0,49.26678528,5.5692,8494.0,929.36,538.0,19.79,8.364,309.0,5988.0,4.382,1.143
K04308.01,FALSE POSITIVE,0,0.720460644,1.7846,2111.5,37.33,2240.0,5954.82,1.272,117.2,6304.0,4.435,1.058
K04309.01,FALSE POSITIVE,0,3.7948721,1.713,305.1,16.1,1083.0,325.63,1.168,11.3,5883.0,4.58,0.793
K04310.01,CONFIRMED,2,10.7769944,2.616,185.6,1.15,752.0,75.83,0.069,11.3,5455.0,4.457,0.852
K04311.01,FALSE POSITIVE,0,0.918921494,0.9425,321.0,1.49,1697.0,1960.12,0.011,23.7,5655.0,4.561,0.833
K04423.01,FALSE POSITIVE,0,7.65270746,79.8969,641.1,3.21,989.0,226.81,0.97,254.3,6328.0,4.481,0.963
K00412.01,CONFIRMED,2,4.147021189,2.8997,3680.7,7.31,1258.0,590.84,0.255,421.2,5818.0,4.266,1.205
K04424.01,CONFIRMED,2,2.27164952,4.054,82.4,0.97,1522.0,1269.46,0.01,12.7,6274.0,4.434,1.062
K04425.01,FALSE POSITIVE,0,3.84835742,10.18,84.2,0.77,1051.0,288.62,0.671,32.8,5709.0,4.57,0.798
K04427.01,CANDIDATE,1,147.661729,6.207,1087.8,1.59,176.0,0.23,0.002,13.2,3788.0,4.774,0.49
K04428.01,CANDIDATE,1,13.00291716,3.058,225.3,1.28,710.0,60.11,0.701,14.0,5796.0,4.575,0.8
K04430.01,FALSE POSITIVE,0,0.505111993,0.4053,212.8,1.58,1886.0,2970.58,0.841,18.7,5262.0,4.59,0.783
K04534.01,FALSE POSITIVE,0,1.1578141,3.253,54.8,1.24,2133.0,4895.77,0.564,27.8,5412.0,3.941,1.629
K04535.01,CANDIDATE,1,9.8480917,3.079,141.9,0.88,711.0,60.47,0.127,9.7,5289.0,4.546,0.748
K04536.01,FALSE POSITIVE,0,0.566800593,3.909,12.3,0.48,2783.0,14091.55,0.2,10.4,6476.0,4.255,1.353
K04537.01,FALSE POSITIVE,0,0.969602551,1.728,111.0,0.69,1334.0,750.09,0.415,10.4,4856.0,4.643,0.66
K04538.01,FALSE POSITIVE,0,9.25801294,2.854,88.1,1.73,1229.0,539.51,0.186,12.9,6200.0,3.977,1.834
K04539.01,FALSE POSITIVE,0,25.9554044,8.491,122.7,1.46,656.0,43.9,0.952,11.6,6058.0,4.408,1.038
K04540.01,FALSE POSITIVE,0,0.705455349,2.469,74.9,0.64,1693.0,1936.09,0.447,18.0,5383.0,4.614,0.736
K04647.01,CANDIDATE,1,37.9043889,11.638,98.2,1.97,693.0,54.36,0.473,13.9,5303.0,3.87,1.964
K04647.02,CANDIDATE,1,12.008552,4.613,76.6,2.08,1016.0,251.93,0.901,11.8,5303.0,3.87,1.964
K04648.01,FALSE POSITIVE,0,17.6604653,2.837,309.2,1.76,690.0,53.57,0.689,11.3,5910.0,4.505,0.94
K04649.01,CANDIDATE,1,3.38419892,1.485,228.2,1.2,1074.0,313.79,0.176,11.5,5613.0,4.581,0.795
K04650.01,CANDIDATE,1,1.69999106,3.289,95.6,0.55,934.0,180.38,0.388,10.6,4289.0,4.684,0.554
K04651.01,CANDIDATE,1,1.19260017,1.502,58.0,0.77,1726.0,2107.84,0.015,11.7,5600.0,4.349,1.013
K04652.01,FALSE POSITIVE,0,4.2059745,8.006,41.2,0.75,1263.0,601.3,0.115,7.7,5960.0,4.291,1.163
K04771.01,CANDIDATE,1,142.703888,5.808,225.5,1.95,440.0,8.88,0.062,11.0,6701.0,4.326,1.289
K04772.01,CANDIDATE,1,3.38080537,3.275,200.9,1.69,1362.0,814.73,0.067,11.6,6072.0,4.343,1.193
K04772.03,FALSE POSITIVE,0,39.0930875,5.687,476.3,2.99,602.0,31.11,0.862,10.1,6072.0,4.343,1.193
K04773.01,CANDIDATE,1,8.8493948,6.928,43.8,0.82,978.0,216.18,0.819,12.1,6095.0,4.349,1.11
K04773.02,CANDIDATE,1,11.1438086,7.905,41.7,0.75,906.0,159.1,0.629,10.9,6095.0,4.349,1.11
K04774.01,CANDIDATE,1,51.567801,5.514,210.1,1.3,433.0,8.3,0.554,13.5,5285.0,4.467,0.876
K04775.01,CANDIDATE,1,16.4491515,6.696,70.9,2.75,1036.0,272.9,0.866,11.0,5334.0,3.712,2.789
K04896.01,CANDIDATE,1,19.5945772,6.77,129.3,1.18,724.0,64.98,0.389,8.8,6118.0,4.416,1.023
K04896.02,CANDIDATE,1,49.537365,9.862,201.7,1.48,532.0,18.87,0.435,10.1,6118.0,4.416,1.023
K04897.01,FALSE POSITIVE,0,8.48032079,5.791,170.7,0.95,759.0,78.45,0.004,14.7,5415.0,4.556,0.728
K04900.01,CANDIDATE,1,6.6716723,2.693,154.4,1.27,1024.0,259.72,0.167,10.3,6086.0,4.435,1.021
K04901.01,FALSE POSITIVE,0,1.23142395,2.186,19.6,0.77,2317.0,6786.33,0.187,10.8,6011.0,3.971,1.73
K04903.01,FALSE POSITIVE,0,386.828262,5.045,1024.9,6.54,340.0,3.15,0.953,19.7,6384.0,4.107,1.615
K04904.01,CANDIDATE,1,3.5944891,2.557,89.9,0.98,1178.0,455.99,0.041,10.4,5523.0,4.364,1.046
K05111.01,FALSE POSITIVE,0,3.017155419,13.3898,1381.8,38.71,1486.0,1155.07,1.231,223.5,5893.0,4.175,1.302
K05112.01,FALSE POSITIVE,0,94.818136,83.31,449.2,2.47,938.0,183.39,0.583,27.5,5761.0,4.438,0.997
K05115.01,FALSE POSITIVE,0,2.6228301,7.29719,409714.0,70.62,1403.0,917.98,0.488,5312.7,6233.0,4.472,0.988
K05117.01,CANDIDATE,1,33.3726538,3.663,618.4,1.95,491.0,13.7,0.038,10.1,5504.0,4.583,0.796
K05121.01,FALSE POSITIVE,0,401.38712,32.21,166.2,2.04,303.0,1.98,0.666,18.6,5858.0,4.12,1.498
K05124.01,FALSE POSITIVE,0,276.879492,3.779,1762.0,11.67,260.0,1.08,1.045,10.4,5324.0,4.396,0.966
K05127.01,FALSE POSITIVE,0,18.78970984,4.13997,40789.1,44.01,752.0,75.6,1.172,488.7,6477.0,4.439,0.884
K05384.01,CANDIDATE,1,7.95445779,4.6012,6269.4,9.5,1064.0,303.36,0.021,228.4,6217.0,4.306,1.196
K05388.01,FALSE POSITIVE,0,137.396194,17.61,155.4,3.38,517.0,16.87,0.525,13.2,5425.0,3.704,2.655
K05392.01,FALSE POSITIVE,0,0.66062715,4.56,248.5,26.13,2327.0,6966.29,1.208,7.8,6322.0,4.426,1.075
K05395.01,FALSE POSITIVE,0,601.13797,15.26,172.8,1.81,254.0,0.99,0.057,9.9,5786.0,4.155,1.388
K05396.01,FALSE POSITIVE,0,344.06248,15.6,136.3,5.26,589.0,28.42,0.935,17.7,7664.0,3.611,3.697
K05403.01,FALSE POSITIVE,0,2.41172358,2.6311,3364.7,50.53,1706.0,1997.33,1.281,108.6,6363.0,4.22,1.332
K05672.01,FALSE POSITIVE,0,11.0153889,2.666,3446.0,65.27,1047.0,284.63,1.287,31.8,5515.0,3.899,1.678
K00460.01,CONFIRMED,2,17.58751692,4.3773,1377.8,4.03,706.0,58.6,0.106,109.4,5433.0,4.302,1.107
K05677.01,CANDIDATE,1,20.5142642,3.524,153.2,1.14,598.0,30.28,0.256,9.0,5221.0,4.422,0.936
K05683.01,FALSE POSITIVE,0,0.512581525,2.54719,384482.0,42.41,1541.0,1339.86,0.505,1583.7,4612.0,4.648,0.604
K05686.01,FALSE POSITIVE,0,3.34465934,10.796,57.6,1.17,1559.0,1396.11,0.005,24.3,5966.0,4.069,1.551
K05688.01,CANDIDATE,1,14.5555096,2.07,725.0,2.03,594.0,29.45,0.528,8.1,5176.0,4.612,0.738
K05692.01,CANDIDATE,1,2.64181261,2.127,70.0,0.59,834.0,114.08,0.608,12.7,4147.0,4.601,0.683
K05962.01,FALSE POSITIVE,0,2.61594288,6.45,72.1,0.92,1370.0,831.27,0.711,13.4,6063.0,4.476,1.012
K05963.01,FALSE POSITIVE,0,1.686009643,1.1818,390.4,1.81,1442.0,1024.99,0.566,48.5,5783.0,4.539,0.88
K05964.01,CANDIDATE,1,32.033211,5.289,71.3,0.85,591.0,28.78,0.007,9.2,6039.0,4.478,1.005
K00470.01,CONFIRMED,2,3.750832927,1.9457,2397.9,4.61,1129.0,383.77,0.001,212.5,5776.0,4.512,0.95
K05965.01,CANDIDATE,1,43.3975622,3.908,585.3,1.69,388.0,5.35,0.08,8.6,4871.0,4.608,0.725
K05974.01,CANDIDATE,1,4.76815507,2.115,61.0,0.49,761.0,79.48,0.046,9.2,4680.0,4.618,0.649
K05976.01,FALSE POSITIVE,0,2.709570339,5.57527,13170.8,223.75,2427.0,8211.89,1.238,900.9,5030.0,3.18,5.208
K06065.02,FALSE POSITIVE,0,265.310499,4.013,1530.0,4.69,296.0,1.81,0.913,11.6,6108.0,4.471,0.997
K06066.01,FALSE POSITIVE,0,13.787520532,2.55435,12978.3,25.33,921.0,170.01,0.99,2126.1,6399.0,4.312,1.289
K06067.01,FALSE POSITIVE,0,8.2904597,2.6002,173007.0,23.96,594.0,29.41,0.426,297.2,4601.0,4.681,0.566
K06068.01,FALSE POSITIVE,0,6.150251376,1.68923,2128.7,100.03,2251.0,6066.49,1.27,471.0,8914.0,3.896,2.867
K06069.01,FALSE POSITIVE,0,8.214204254,4.5905,74177.0,42.29,798.0,96.12,1.092,613.1,5654.0,4.59,0.774
K06070.01,FALSE POSITIVE,0,15.71377375,7.464,9482.0,10.85,728.0,66.24,0.864,98.1,5812.0,4.434,0.96
K06183.01,FALSE POSITIVE,0,4.326946311,5.55905,409031.0,106.99,1481.0,1137.15,0.482,4247.8,6231.0,4.078,1.501
K00082.01,CONFIRMED,2,16.145671932,3.7236,941.1,2.48,546.0,20.98,0.75,242.7,4900.0,4.602,0.741
K00482.01,FALSE POSITIVE,0,4.99270186,3.1008,557.4,26.6,1051.0,288.29,1.232,42.3,5724.0,4.429,0.951
K06186.01,CONFIRMED,2,5.34264143,2.453,691.3,1.72,799.0,96.47,0.021,19.9,5101.0,4.63,0.67
K06187.01,FALSE POSITIVE,0,19.38444245,20.5899,3372.0,28.3,1185.0,466.04,0.203,685.3,4968.0,3.291,5.026
K06188.01,FALSE POSITIVE,0,1.645319649,1.635,1082.0,2.46,1296.0,666.35,0.118,11.8,5416.0,4.603,0.756
K06189.01,FALSE POSITIVE,0,2.179924994,4.87581,253149.0,60.99,1448.0,1040.63,0.711,4541.1,6106.0,4.487,0.966
K06303.01,FALSE POSITIVE,0,30.476518853,10.2264,326626.0,71.42,592.0,28.96,0.6,1347.9,5527.0,4.315,1.073
K06304.01,FALSE POSITIVE,0,13.782522208,8.27762,248937.0,41.84,605.0,31.69,0.718,1524.1,5246.0,4.604,0.668
K06305.01,FALSE POSITIVE,0,1.89121656,5.14,66.8,0.73,1434.0,997.34,0.404,10.7,5741.0,4.438,0.884
K00082.02,CONFIRMED,2,10.31174786,3.1818,275.9,1.34,634.0,38.13,0.747,81.7,4900.0,4.602,0.741
K00490.03,CONFIRMED,2,7.40611676,2.8826,417.9,1.37,678.0,49.89,0.077,49.6,4799.0,4.631,0.692
K06306.01,FALSE POSITIVE,0,3.693702974,3.37146,25208.0,62.55,1453.0,1054.1,1.19,568.7,6309.0,4.265,1.396
K06307.01,FALSE POSITIVE,0,10.265613245,5.67553,150465.0,61.45,1000.0,236.6,0.667,5640.0,5865.0,4.169,1.423
K06415.01,FALSE POSITIVE,0,0.62927655,0.9698,839.5,4.64,2102.0,4624.3,0.98,30.9,5628.0,4.388,0.976
K06416.01,FALSE POSITIVE,0,1.22578134,2.235,99376.0,53.32,1701.0,1973.12,0.985,86.8,5780.0,4.438,1.0
K06417.01,FALSE POSITIVE,0,0.751408792,2.2974,17481.0,41.48,1926.0,3241.36,1.242,267.3,5697.0,4.46,0.903
K06418.01,FALSE POSITIVE,0,0.866344816,1.9188,233.6,6.85,3569.0,38575.44,0.318,46.5,4936.0,3.055,4.527
K06419.01,FALSE POSITIVE,0,2.24294107,2.532,39.4,0.75,1654.0,1763.55,0.23,12.1,6082.0,4.195,1.184
K06420.01,FALSE POSITIVE,0,0.572079631,2.27811,127786.0,29.45,1716.0,2036.56,0.793,578.2,5233.0,4.625,0.639
K06421.01,FALSE POSITIVE,0,0.822314545,3.3374,32.7,0.54,1922.0,3227.02,0.447,3.8,5709.0,4.409,0.938
K06545.01,FALSE POSITIVE,0,32.45541269,7.3736,136386.0,23.48,392.0,5.55,0.726,180.9,4869.0,4.71,0.543
K06546.01,CANDIDATE,1,3.39401963,2.984,98.4,1.03,1306.0,689.16,0.166,10.0,6181.0,4.431,1.029
K06547.01,FALSE POSITIVE,0,5.917085496,23.7545,563292.0,75.86,1005.0,241.42,0.095,1331.5,5661.0,4.383,0.987
K06548.01,FALSE POSITIVE,0,0.958871144,2.74361,232350.0,45.91,1743.0,2174.51,0.533,1191.2,5530.0,4.425,0.892
K06550.01,FALSE POSITIVE,0,1.288046428,3.637,32.3,2.18,2945.0,17822.99,0.219,20.3,5216.0,3.287,3.871
K06551.01,FALSE POSITIVE,0,1.516372183,1.239,93.8,1.06,1686.0,1911.54,0.596,8.8,6142.0,4.456,1.046
K04203.01,FALSE POSITIVE,0,2.18079098,12.13,83.2,3.29,2767.0,13876.96,0.74,69.3,6911.0,3.661,3.339
K04204.01,CONFIRMED,2,20.9254083,6.783,109.0,1.26,729.0,66.95,0.201,15.5,5821.0,4.283,1.21
K04205.01,CANDIDATE,1,1.166960319,1.6823,97.8,0.88,1596.0,1534.29,0.033,17.9,5632.0,4.537,0.904
K04206.01,FALSE POSITIVE,0,0.530959357,2.417,84.4,0.69,1852.0,2764.64,0.348,22.0,5325.0,4.607,0.75
K04207.01,CANDIDATE,1,0.701944362,0.641,210.8,0.8,1227.0,535.78,0.07,17.1,4236.0,4.698,0.539
K04208.01,CANDIDATE,1,3.05772668,1.819,311.0,1.23,878.0,141.1,0.007,13.7,4483.0,4.57,0.731
K04209.01,CANDIDATE,1,9.9092109,2.552,942.0,2.35,693.0,54.54,0.755,6.4,5396.0,4.632,0.702
K04312.01,CONFIRMED,2,7.84931877,3.747,68.2,0.81,925.0,172.98,0.107,12.6,5678.0,4.365,0.99
K04314.01,FALSE POSITIVE,0,12.4285576,13.98,620.1,2.22,669.0,47.26,0.892,13.2,5492.0,4.604,0.752
K04315.01,FALSE POSITIVE,0,0.93373458,4.364,127.7,0.93,1573.0,1446.48,0.574,27.8,5335.0,4.577,0.804
K04316.01,FALSE POSITIVE,0,1.33251948,3.733,233.7,1.64,1751.0,2218.21,0.402,17.7,5926.0,4.381,1.058
K04318.01,CANDIDATE,1,14.8162925,4.973,108.2,1.57,912.0,163.33,0.857,12.5,6356.0,4.27,1.325
K04319.01,FALSE POSITIVE,0,160.4122022,4.92,2538.0,4.45,270.0,1.26,0.903,24.4,5269.0,4.62,0.727
K00407.01,FALSE POSITIVE,0,3.613757526,5.9128,4872.2,7.05,1182.0,461.67,0.812,591.2,5986.0,4.498,0.906
K04431.01,CANDIDATE,1,19.5650801,4.242,61.7,0.97,791.0,92.77,0.025,13.8,6180.0,4.294,1.235
K04433.01,FALSE POSITIVE,0,2.17823752,2.259,44.0,0.64,1473.0,1114.8,0.037,10.1,6052.0,4.422,0.969
K04435.01,CANDIDATE,1,10.8614163,6.02,64.8,1.01,899.0,154.68,0.939,12.9,6339.0,4.454,1.017
K04436.01,FALSE POSITIVE,0,0.973160836,0.864,138.3,1.22,1932.0,3303.84,0.034,9.8,6108.0,4.466,1.03
K04437.01,FALSE POSITIVE,0,4.05943749,3.245,105.4,2.11,1295.0,664.54,0.914,18.1,5051.0,3.978,1.655
K00413.01,CONFIRMED,2,15.22895514,2.5967,1124.8,3.0,639.0,39.4,0.777,63.8,5456.0,4.562,0.812
K04438.01,FALSE POSITIVE,0,6.39903778,3.15,186.6,6.54,1780.0,2376.4,0.241,24.1,5178.0,3.286,4.856
K00418.01,FALSE POSITIVE,0,22.418319842,5.349,11929.1,9.94,563.0,23.8,0.8,944.4,5324.0,4.491,0.813
K04541.01,CANDIDATE,1,8.5291223,3.241,325.4,2.08,911.0,162.94,0.606,12.8,5543.0,4.318,1.111
K04541.02,CANDIDATE,1,17.236085,4.209,330.0,1.98,721.0,63.85,0.04,10.4,5543.0,4.318,1.111
K04542.01,FALSE POSITIVE,0,1.08906057,2.743,76.2,0.75,1511.0,1235.96,0.29,10.4,5087.0,4.463,0.881
K04543.01,FALSE POSITIVE,0,1.48922187,1.882,613.6,2.5,1594.0,1524.19,0.393,10.8,5780.0,4.438,1.0
K04544.01,FALSE POSITIVE,0,158.348345,10.55,899.0,372.86,409.0,6.61,3.655,17.6,6521.0,4.352,1.276
K04545.01,CANDIDATE,1,0.849362238,1.36,114.9,0.85,1498.0,1190.04,0.453,11.9,4973.0,4.595,0.788
K04653.01,CANDIDATE,1,19.9778599,5.96,83.4,1.07,773.0,84.29,0.172,12.8,6392.0,4.399,1.162
K00427.02,CONFIRMED,2,42.949522,5.4154,959.1,2.98,487.0,13.29,0.013,40.7,5312.0,4.384,0.986
K04655.01,CANDIDATE,1,17.543847,5.948,196.3,1.15,658.0,44.42,0.579,9.9,5957.0,4.579,0.791
K04656.01,CANDIDATE,1,3.8183717,2.687,50.8,1.39,1683.0,1894.37,0.878,11.8,6738.0,4.109,1.692
K04657.01,CANDIDATE,1,7.57600886,3.361,49.0,0.54,778.0,86.87,0.267,12.5,5361.0,4.588,0.774
K04657.02,CANDIDATE,1,10.4314847,2.09,59.1,0.77,700.0,56.67,0.95,9.6,5361.0,4.588,0.774
K04658.01,FALSE POSITIVE,0,1.8789138,4.279,30.2,1.9,3330.0,29112.69,0.536,17.8,8046.0,3.704,3.339
K00433.02,CONFIRMED,2,328.240201,12.2726,13888.6,10.99,224.0,0.59,0.75,287.6,5234.0,4.542,0.854
K04776.01,CANDIDATE,1,7.5861587,4.32,116.8,1.07,928.0,175.29,0.858,10.8,5934.0,4.444,0.871
K04778.01,CANDIDATE,1,0.772152075,1.78,43.6,4.44,2966.0,18277.6,1.009,13.6,5951.0,3.787,2.08
K04779.01,FALSE POSITIVE,0,1.08469871,4.077,124.0,1.11,1757.0,2247.25,0.672,16.9,5942.0,4.506,0.938
K04780.01,CANDIDATE,1,6.60180003,2.624,213.4,1.25,875.0,138.25,0.204,8.1,5591.0,4.559,0.86
K04782.02,CANDIDATE,1,4.29251656,4.254,249.5,3.66,1144.0,403.88,1.007,11.0,6032.0,4.485,0.973
K04783.01,FALSE POSITIVE,0,0.743495989,2.255,172.8,11.82,1617.0,1612.65,1.144,26.0,5345.0,4.639,0.686
K00438.02,CONFIRMED,2,52.6615266,3.1592,1078.1,1.87,271.0,1.28,0.682,38.4,3984.0,4.72,0.539
K04905.01,FALSE POSITIVE,0,0.739404894,1.753,246.8,0.94,1256.0,589.06,0.077,21.0,4205.0,4.635,0.624
K04906.01,CANDIDATE,1,4.8608059,1.966,252.1,1.21,925.0,172.76,0.374,8.9,5541.0,4.6,0.757
K04907.01,CANDIDATE,1,4.04481159,2.479,33.0,0.67,1325.0,729.15,0.393,7.5,6358.0,4.359,1.141
K04908.01,FALSE POSITIVE,0,25.949641315,11.6411,67.8,2.06,753.0,76.14,0.945,7.6,5109.0,3.873,1.922
K04909.01,FALSE POSITIVE,0,1.65320144,1.525,132.1,0.74,1059.0,296.8,0.148,6.7,4544.0,4.609,0.661
K04910.01,FALSE POSITIVE,0,3.37487541,3.085,53.8,0.75,1287.0,649.96,0.389,8.3,6181.0,4.464,1.006
K00446.01,CONFIRMED,2,16.70920628,2.7052,839.8,2.27,500.0,14.73,0.855,40.4,4621.0,4.605,0.668
K05128.01,FALSE POSITIVE,0,0.915782856,2.24,301.0,32.86,2307.0,6663.73,1.209,7.7,6318.0,4.256,1.333
K05129.01,CANDIDATE,1,0.66882716,1.069,68.2,124.42,13184.0,7165673.12,0.514,6.2,3711.0,0.652,150.091
K05131.01,FALSE POSITIVE,0,43.5428781,3.6768,5447.0,17.47,688.0,53.04,0.984,52.1,6669.0,4.224,1.427
K05132.01,CANDIDATE,1,43.9311596,12.9395,9304.4,58.37,902.0,156.74,0.855,1070.3,4888.0,3.257,5.132
K05138.01,FALSE POSITIVE,0,78.60436061,4.65559,78104.0,34.8,438.0,8.68,0.828,2384.6,5938.0,4.427,0.985
K05145.01,FALSE POSITIVE,0,3.350209754,4.43333,28325.4,1447.13,1656.0,1777.46,9.666,671.1,6657.0,4.181,1.501
K05409.01,FALSE POSITIVE,0,36.1826854,4.2546,9471.7,56.41,635.0,38.4,1.267,124.1,5696.0,4.151,1.321
K05410.01,CANDIDATE,1,24.1527864,4.451,78.1,0.97,701.0,57.15,0.175,9.3,6223.0,4.392,1.095
K05411.01,CANDIDATE,1,11.1734401,4.545,61.3,1.4,1279.0,632.06,0.268,9.0,7372.0,4.142,1.752
K00454.01,CONFIRMED,2,29.00789166,5.0274,906.3,2.64,498.0,14.59,0.761,44.1,5295.0,4.566,0.801
K05412.01,FALSE POSITIVE,0,472.2265706,4.8732,156143.0,48.18,217.0,0.52,0.876,584.6,5763.0,4.557,0.842
K05414.01,FALSE POSITIVE,0,1.507099289,4.8361,1282.0,26.56,1448.0,1037.46,1.265,142.7,5762.0,4.576,0.801
K05416.01,CONFIRMED,2,76.377855,4.809,11004.0,6.28,240.0,0.78,0.577,38.6,3869.0,4.674,0.584
K05695.01,FALSE POSITIVE,0,11.03571773,5.62958,144955.0,70.42,991.0,227.54,0.911,959.6,6201.0,4.213,1.23
K05696.01,FALSE POSITIVE,0,42.093314,4.649,886.0,2.19,407.0,6.47,0.035,7.4,4885.0,4.541,0.763
K05700.01,FALSE POSITIVE,0,3.55650976,12.7364,687454.0,283.93,2353.0,7238.22,0.622,3867.7,8105.0,3.937,2.433
K05706.01,CONFIRMED,2,425.483539,17.856,996.6,3.2,248.0,0.89,0.03,19.6,5977.0,4.473,1.022
K05708.01,CANDIDATE,1,7.863361238,3.42771,18156.7,22.7,1057.0,294.86,0.869,723.3,5615.0,4.136,1.4
K00461.01,FALSE POSITIVE,0,11.34436822,5.558,586.3,17.21,703.0,57.67,1.183,52.2,5594.0,4.602,0.752
K05711.01,FALSE POSITIVE,0,78.4286313,3.7368,83303.0,85.77,425.0,7.74,1.388,112.6,5780.0,4.438,1.0
K05980.01,FALSE POSITIVE,0,0.855294909,2.89112,6771.6,49.03,2137.0,4916.23,1.269,870.3,5846.0,4.27,1.207
K05982.01,FALSE POSITIVE,0,1.838514245,3.2601,118965.0,57.6,1572.0,1447.16,0.947,470.0,5799.0,4.326,1.055
K05983.01,FALSE POSITIVE,0,8.412008943,5.41096,136113.0,50.83,1100.0,345.76,0.539,5696.2,6247.0,4.225,1.314
K05984.01,FALSE POSITIVE,0,3.912679136,3.556,291510.0,1794.2,1018.0,253.12,23.127,1229.9,5616.0,4.553,0.72
K05985.01,FALSE POSITIVE,0,7.544804312,8.2678,6501.7,63.99,1233.0,546.03,1.266,587.2,5953.0,3.984,1.609
K05986.01,FALSE POSITIVE,0,1.946198513,4.0336,130722.0,52.58,1853.0,2779.44,0.249,902.8,6224.0,4.165,1.433
K05987.01,FALSE POSITIVE,0,5.288547653,3.2646,2185.3,55.28,2333.0,6999.38,0.93,218.9,4918.0,2.889,9.169
K06071.01,FALSE POSITIVE,0,5.918619554,3.94804,94124.0,29.98,1009.0,245.42,0.258,1117.0,5957.0,4.498,0.971
K06072.01,FALSE POSITIVE,0,3.319523463,3.3465,38832.0,38.37,1108.0,356.42,1.162,249.4,5761.0,4.581,0.791
K06073.01,FALSE POSITIVE,0,6.474202359,3.35989,203491.0,28.96,717.0,62.47,0.448,1284.0,4947.0,4.636,0.624
K06074.01,FALSE POSITIVE,0,8.4803048,7.5348,2672.9,4.13,777.0,86.01,0.027,70.1,5478.0,4.573,0.812
K00475.02,CONFIRMED,2,15.31296388,3.0935,864.9,2.34,581.0,26.98,0.607,45.3,5081.0,4.596,0.77
K06075.01,FALSE POSITIVE,0,8.947426242,4.89701,85995.2,45.87,1141.0,401.11,0.517,7878.0,6297.0,4.155,1.506
K06076.01,FALSE POSITIVE,0,9.93443795,8.098,2750.0,35.54,830.0,112.23,1.264,92.8,5763.0,4.484,0.998
K06190.01,FALSE POSITIVE,0,10.135401047,5.6831,256062.0,89.16,1035.0,270.76,0.704,4311.3,5895.0,4.103,1.415
K06191.01,CANDIDATE,1,9.7043379,3.515,129.0,1.19,932.0,178.46,0.07,8.6,6273.0,4.442,1.044
K06191.02,CANDIDATE,1,12.7713826,3.347,141.8,1.26,851.0,123.93,0.374,8.0,6273.0,4.442,1.044
K06192.01,FALSE POSITIVE,0,0.829019343,4.8401,278264.0,90.08,2492.0,9089.67,0.72,631.1,6645.0,4.271,1.328
K06193.01,FALSE POSITIVE,0,1.1080999,3.3542,380934.0,124.19,2212.0,5632.6,0.525,155.4,5299.0,3.865,1.769
K06194.01,CANDIDATE,1,42.294739,34.63,254.2,140.14,1083.0,324.71,1.145,25.2,4926.0,3.02,7.849
K00483.01,CONFIRMED,2,4.79860021,3.0384,817.4,2.51,978.0,216.54,0.594,88.1,5631.0,4.557,0.847
K06308.01,FALSE POSITIVE,0,2.163569702,7.60963,54518.0,85.64,1996.0,3760.06,1.116,1513.2,6425.0,4.04,1.718
K06309.01,FALSE POSITIVE,0,0.730956716,2.097,27.8,0.57,2192.0,5431.8,0.129,11.2,6028.0,4.371,1.078
K06310.01,FALSE POSITIVE,0,7.04715073,1.434,282.5,1.54,932.0,178.49,0.272,9.8,5941.0,4.519,0.911
K06311.01,FALSE POSITIVE,0,7.047106212,3.16223,69626.0,119.64,1846.0,2744.25,1.077,548.5,8162.0,3.973,2.321
K06312.01,FALSE POSITIVE,0,1.703347524,3.3039,504406.0,47.62,1202.0,495.27,0.223,1288.0,5325.0,4.657,0.648
K06313.01,FALSE POSITIVE,0,1.70332915,1.663,98.5,0.86,1420.0,965.03,0.307,8.9,5749.0,4.547,0.864
K06314.01,FALSE POSITIVE,0,20.413812,5.806,496.4,16.5,586.0,27.84,1.158,11.6,5514.0,4.569,0.826
K06422.01,FALSE POSITIVE,0,31.005392846,3.073,560314.0,141.82,682.0,51.25,0.305,1236.1,5023.0,3.9,1.784
K00082.03,CONFIRMED,2,27.4536146,3.747,136.4,0.95,457.0,10.34,0.765,27.5,4900.0,4.602,0.741
K00499.01,CONFIRMED,2,9.66857386,2.4656,411.7,1.9,730.0,67.06,0.8,36.9,5288.0,4.541,0.836
K06423.01,FALSE POSITIVE,0,2.189097,5.768,3001.0,13.92,647.0,41.37,1.246,13.5,3624.0,4.848,0.406
K06424.01,FALSE POSITIVE,0,17.51191534,5.678,728.8,52.64,2246.0,6014.16,0.008,41.0,4029.0,1.786,20.888
K06426.01,FALSE POSITIVE,0,41.3701638,29.254,6907.1,59.95,1133.0,389.15,0.653,91.3,4764.0,2.777,6.883
K06427.01,FALSE POSITIVE,0,1.306220168,5.14519,481370.0,83.16,2095.0,4556.14,0.352,2019.4,6600.0,4.238,1.124
K06552.01,FALSE POSITIVE,0,8.784575777,5.3022,262984.0,104.57,1555.0,1380.83,0.5,4761.5,8144.0,4.139,1.914
K00082.04,CONFIRMED,2,7.07136119,2.757,65.7,0.63,719.0,63.11,0.658,22.4,4900.0,4.602,0.741
K00505.01,CONFIRMED,2,13.76710058,2.9105,684.8,2.24,595.0,29.55,0.806,41.6,5001.0,4.582,0.76
K06553.01,FALSE POSITIVE,0,1.949700508,4.35014,38119.2,56.11,1716.0,2048.37,1.153,2271.0,6469.0,4.385,1.193
K06554.01,FALSE POSITIVE,0,9.948701373,3.2922,2749.5,29.19,704.0,57.93,1.277,103.1,5152.0,4.517,0.786
K06555.01,FALSE POSITIVE,0,3.457078812,5.24058,315517.0,86.12,1603.0,1560.4,0.317,6009.0,6526.0,4.182,1.482
K06556.01,FALSE POSITIVE,0,3.735993484,17.4877,617987.0,571.07,2063.0,4283.18,0.993,1587.7,5467.0,3.432,4.055
K00399.01,FALSE POSITIVE,0,5.26640614,3.6163,59294.0,38.05,1163.0,431.87,0.869,339.9,5916.0,4.296,1.175
K04211.01,FALSE POSITIVE,0,0.696286519,3.194,120.8,1.34,1969.0,3537.89,0.985,19.7,5904.0,4.543,0.867
K04211.02,FALSE POSITIVE,0,0.696290095,3.839,120.5,12.63,1969.0,3537.89,1.123,19.4,5904.0,4.543,0.867
K04212.01,CONFIRMED,2,5.79179934,3.474,118.5,1.69,1222.0,528.14,0.896,17.7,6174.0,4.244,1.318
K04212.02,CANDIDATE,1,10.0989634,6.428,57.0,1.03,1016.0,251.36,0.529,8.9,6174.0,4.244,1.318
K04213.01,FALSE POSITIVE,0,3.67515329,7.083,56.0,0.71,1150.0,414.64,0.73,16.7,5968.0,4.534,0.881
K04214.01,FALSE POSITIVE,0,0.715825886,1.212,40.6,0.58,1920.0,3196.46,0.099,11.0,5640.0,4.486,0.909
K04320.01,CONFIRMED,2,20.6579443,8.798,98.2,1.27,728.0,66.27,0.188,14.1,5468.0,4.171,1.306
K04321.01,FALSE POSITIVE,0,0.760941405,1.773,186.6,1.18,1817.0,2591.44,0.26,15.2,5629.0,4.553,0.87
K04323.01,CANDIDATE,1,11.49589567,2.256,108.3,1.59,1057.0,295.46,0.295,13.2,6290.0,4.133,1.506
K04323.02,FALSE POSITIVE,0,12.4250319,1.4446,29.5,0.89,1030.0,266.45,0.777,2.7,6290.0,4.133,1.506
K04324.01,FALSE POSITIVE,0,8.4803326,5.918,35.6,1.35,1390.0,882.07,0.556,11.0,6245.0,3.826,2.179
K04325.01,CANDIDATE,1,0.609926502,1.2529,133.8,1.12,2141.0,4990.14,0.24,15.3,5936.0,4.501,0.965
K04326.01,FALSE POSITIVE,0,0.750744255,1.7921,170.6,17.07,2074.0,4387.1,1.154,50.4,6187.0,4.499,0.937
K04439.01,FALSE POSITIVE,0,1.33258455,5.77,152.7,15.89,1680.0,1884.66,1.141,8.1,6039.0,4.493,0.951
K04441.01,CONFIRMED,2,0.341842017,1.1554,285.6,1.72,2023.0,3991.16,0.957,70.1,5016.0,4.601,0.747
K04442.01,CANDIDATE,1,13.9482197,7.686,119.4,2.53,1063.0,301.8,0.197,14.5,5529.0,3.808,2.346
K04443.01,CANDIDATE,1,5.67577999,3.554,51.2,1.22,1357.0,802.11,0.91,11.2,6681.0,4.233,1.438
K04444.01,CONFIRMED,2,5.94373492,1.847,301.0,1.14,674.0,48.82,0.197,13.2,4391.0,4.598,0.682
K04446.01,CONFIRMED,2,85.7567919,5.695,159.1,2.99,528.0,18.44,0.713,16.9,5037.0,3.783,2.213
K04447.01,CONFIRMED,2,2.18660188,1.585,122.3,0.98,1099.0,345.07,0.828,14.2,4904.0,4.535,0.772
K04546.01,CANDIDATE,1,0.741768294,0.4164,60.3,72.36,3380.0,30981.32,1.201,14.0,5897.0,3.637,3.147
K04547.01,FALSE POSITIVE,0,0.93376962,7.023,125.8,16.3,1937.0,3343.62,1.142,28.5,6056.0,4.448,0.975
K04548.01,CANDIDATE,1,61.083322,10.396,227.5,1.61,465.0,11.01,0.649,11.5,5803.0,4.444,1.015
K04549.01,CANDIDATE,1,2.0481582,1.899,183.3,1.16,1346.0,773.92,0.179,11.7,5799.0,4.548,0.86
K00419.01,FALSE POSITIVE,0,20.131477716,3.2806,8243.2,39.89,670.0,47.49,1.279,427.5,6003.0,4.507,0.932
K04550.01,CONFIRMED,2,140.251943,6.576,567.7,1.84,271.0,1.28,0.323,11.9,4821.0,4.529,0.788
K04659.01,CONFIRMED,2,41.8681996,5.783,150.7,1.25,492.0,13.89,0.923,12.5,5852.0,4.559,0.837
K04660.01,FALSE POSITIVE,0,0.514771509,1.256,43.4,0.57,2113.0,4749.21,0.222,12.0,5730.0,4.545,0.87
K04661.01,CONFIRMED,2,8.61742738,2.713,154.9,1.01,733.0,68.28,0.059,11.3,5009.0,4.491,0.84
K04662.01,FALSE POSITIVE,0,0.933728755,4.363,13.5,0.72,2777.0,14057.75,0.645,17.9,6652.0,4.036,1.863
K04663.01,CANDIDATE,1,5.65690281,3.583,32.2,0.74,1159.0,425.7,0.014,10.4,5687.0,4.191,1.32
K00427.03,CONFIRMED,2,117.033521,6.822,770.4,2.68,349.0,3.49,0.188,21.9,5312.0,4.384,0.986
K04664.01,FALSE POSITIVE,0,0.734573766,1.295,68.4,0.86,2061.0,4270.04,0.044,11.4,5602.0,4.325,1.051
K04784.01,FALSE POSITIVE,0,1.405887031,1.184,216.0,0.95,1086.0,329.99,0.364,13.8,4440.0,4.618,0.653
K04787.01,FALSE POSITIVE,0,2.4826619,2.115,37.0,0.8,1619.0,1627.36,0.731,10.0,6356.0,4.292,1.225
K04789.01,FALSE POSITIVE,0,1.11205787,1.459,118.7,1.02,1799.0,2484.64,0.008,16.1,6098.0,4.488,0.932
K04792.01,CANDIDATE,1,5.75902182,2.687,70.8,0.91,1112.0,362.12,0.329,9.9,6247.0,4.433,1.066
K00434.01,FALSE POSITIVE,0,22.264806569,8.7941,19372.6,12.34,585.0,27.79,0.75,873.4,5681.0,4.566,0.813
K04793.01,CANDIDATE,1,5.2736268,5.291,86.1,0.89,1014.0,249.68,0.595,8.7,5851.0,4.515,0.918
K04794.01,CANDIDATE,1,24.5041103,6.065,119.5,1.03,574.0,25.59,0.178,11.3,5250.0,4.404,0.962
K04912.01,CANDIDATE,1,0.876850385,1.534,59.2,1.35,2543.0,9858.55,0.049,9.7,6102.0,4.069,1.756
K04913.01,CANDIDATE,1,6.78788113,2.26,73.1,2.44,1679.0,1875.92,0.022,7.8,6537.0,3.76,2.829
K04913.02,FALSE POSITIVE,0,8.97377221,2.135,106.5,2.96,1530.0,1294.96,0.237,9.4,6537.0,3.76,2.829
K04914.01,CANDIDATE,1,5.47455167,3.71,73.2,1.4,1155.0,419.95,0.931,10.8,5611.0,4.19,1.312
K00439.01,CONFIRMED,2,1.902208647,2.19877,2343.5,4.45,1346.0,778.26,0.116,363.2,5400.0,4.463,0.937
K04924.01,FALSE POSITIVE,0,3.0031801,2.814,374.7,4.7,1827.0,2630.88,0.98,13.9,6606.0,4.071,1.768
K04925.01,FALSE POSITIVE,0,2.96384168,5.4768,35652.8,43.7,1406.0,925.63,1.059,607.5,6095.0,4.371,1.158
K05149.01,CANDIDATE,1,43.681309,12.37,258.0,1.33,473.0,11.86,0.257,9.8,5726.0,4.564,0.829
K05150.01,CANDIDATE,1,26.524553,2.359,174.5,2.19,695.0,55.06,0.218,10.2,4995.0,3.954,1.703
K05152.01,FALSE POSITIVE,0,0.944598153,4.018,200.9,37.61,4190.0,72795.2,1.012,35.3,4877.0,2.839,9.214
K05155.01,CANDIDATE,1,230.180357,13.436,3689.3,7.57,347.0,3.41,0.102,64.0,6313.0,4.364,1.246
K00446.02,CONFIRMED,2,28.55158187,4.1502,807.8,1.97,418.0,7.21,0.623,36.0,4621.0,4.605,0.668
K05157.01,CANDIDATE,1,0.782068488,1.239,115.7,21.02,6169.0,343029.57,0.279,4.1,4475.0,2.113,20.237
K05169.01,CANDIDATE,1,21.3684341,1.18,492.8,1.72,551.0,21.86,0.063,9.7,5204.0,4.515,0.786
K05417.01,FALSE POSITIVE,0,55.249007325,5.15147,205671.0,60.79,496.0,14.25,0.785,3452.5,6063.0,4.476,1.012
K05418.01,CANDIDATE,1,14.2673439,3.171,217.5,1.21,657.0,44.12,0.042,9.0,5475.0,4.567,0.837
K05426.01,CANDIDATE,1,124.887214,8.599,176.5,1.78,435.0,8.48,0.752,13.3,6103.0,4.209,1.234
K05427.01,FALSE POSITIVE,0,0.533000886,1.54684,4398.5,40.94,2429.0,8170.3,1.271,327.4,5934.0,4.331,1.064
K05433.01,CANDIDATE,1,237.819002,11.324,614.2,2.55,302.0,1.98,0.018,15.4,5878.0,4.424,1.035
K05435.01,CANDIDATE,1,15.9961296,1.656,500.7,1.71,560.0,23.32,0.297,10.7,4949.0,4.588,0.777
K05436.01,FALSE POSITIVE,0,28.297207229,3.94247,23193.1,54.15,713.0,60.99,1.227,2360.6,6327.0,4.277,1.151
K05713.01,FALSE POSITIVE,0,2.53021,21.79,367.9,41.44,1543.0,1338.82,1.275,24.2,5780.0,4.178,1.296
K05714.01,FALSE POSITIVE,0,2.249000963,9.6022,58776.2,59.61,2126.0,4838.14,0.68,1159.5,6025.0,3.8,2.293
K05717.01,FALSE POSITIVE,0,1.33261458,5.161,1335.3,3.65,1208.0,505.52,0.936,17.5,4611.0,4.551,0.76
K05719.01,FALSE POSITIVE,0,27.285315,7.47,396.5,2.19,678.0,49.97,0.213,9.6,6304.0,4.407,1.094
K05721.01,FALSE POSITIVE,0,61.224558,4.103,544.2,2.76,525.0,17.89,0.571,9.7,6343.0,4.408,1.14
K05722.01,FALSE POSITIVE,0,28.507877538,3.13331,24372.3,27.79,613.0,33.32,1.025,449.0,6131.0,4.497,0.945
K05724.01,FALSE POSITIVE,0,8.48039,6.134,133.7,1.23,969.0,208.42,0.008,12.0,6193.0,4.434,1.067
K00471.01,CONFIRMED,2,21.34736612,4.184,630.5,3.2,648.0,41.65,0.885,53.1,5395.0,4.324,1.071
K05988.01,FALSE POSITIVE,0,30.4838006,2.6,18441.0,23.87,315.0,2.32,1.222,9.4,3857.0,4.717,0.531
K05989.01,FALSE POSITIVE,0,5.7584367,2.587,736.6,66.22,3389.0,31195.25,0.101,26.8,4754.0,2.194,25.287
K05990.01,FALSE POSITIVE,0,25.9522913,10.977,557.8,2.03,567.0,24.49,0.142,14.0,5692.0,4.547,0.866
K05991.01,FALSE POSITIVE,0,8.58599537,2.4078,818.0,39.03,2319.0,6831.52,0.316,36.9,4805.0,2.605,13.941
K05992.01,FALSE POSITIVE,0,9.892240848,4.1774,5283.2,40.38,907.0,160.25,1.28,314.0,6225.0,4.461,1.009
K05993.01,FALSE POSITIVE,0,4.264729569,2.2075,22672.0,29.95,1428.0,983.86,0.924,201.6,6052.0,4.084,1.417
K06077.01,FALSE POSITIVE,0,2.173552528,1.6107,3026.0,23.51,1025.0,260.75,1.297,35.9,5008.0,4.663,0.594
K06078.01,FALSE POSITIVE,0,10.157715971,2.9526,9520.1,42.27,853.0,125.42,1.268,168.0,5993.0,4.489,0.986
K06079.01,FALSE POSITIVE,0,15.249335907,3.82224,34565.1,45.92,875.0,138.77,1.077,635.5,6385.0,4.316,1.189
K06080.01,FALSE POSITIVE,0,4.816610903,3.82353,80226.0,26.15,1050.0,287.3,0.431,759.1,5796.0,4.472,0.904
K06081.01,FALSE POSITIVE,0,2.305903447,3.3828,23268.7,39.04,3147.0,23214.46,0.003,511.7,9696.0,4.033,2.492
K06082.01,FALSE POSITIVE,0,1.814128042,3.0646,2063.6,426.98,3773.0,47891.79,1.246,163.9,4822.0,2.662,12.899
K06083.01,FALSE POSITIVE,0,4.128795314,2.771,154870.0,52.0,1244.0,565.91,0.739,1041.8,5949.0,4.311,1.083
K06195.01,FALSE POSITIVE,0,1.444486083,1.437,980.7,1.73,1051.0,290.01,0.305,12.0,4569.0,4.686,0.559
K06196.01,FALSE POSITIVE,0,1.680425996,5.4548,277249.0,102.31,2203.0,5564.77,0.646,440.1,6844.0,4.145,1.629
K06198.01,FALSE POSITIVE,0,20.686460198,37.7424,136154.0,184.22,1210.0,506.27,0.002,1656.7,4809.0,3.106,5.145
K06201.01,FALSE POSITIVE,0,1.123258617,4.27355,377575.0,150.94,3215.0,25226.88,0.513,779.2,7945.0,4.023,2.17
K06203.01,FALSE POSITIVE,0,0.87683182,1.96,449.2,2.47,938.0,183.39,0.583,27.5,5761.0,4.438,0.997
K06204.01,FALSE POSITIVE,0,0.953734449,1.7616,1240.4,47.65,2672.0,12038.6,1.262,120.5,7332.0,4.265,1.46
K06205.01,FALSE POSITIVE,0,2.073873563,6.5605,603811.0,274.78,3150.0,23242.18,0.198,637.1,7803.0,3.688,3.373
K06316.01,FALSE POSITIVE,0,67.41958542,7.645,182171.0,49.46,470.0,11.48,0.72,836.0,6071.0,4.425,0.962
K00490.04,CONFIRMED,2,21.803708,3.369,246.4,1.11,473.0,11.82,0.568,18.5,4799.0,4.631,0.692
K06317.01,FALSE POSITIVE,0,7.363572395,5.7545,129696.0,82.22,1287.0,649.25,0.922,224.9,6793.0,4.208,1.508
K06319.01,FALSE POSITIVE,0,33.693201537,7.44219,508772.0,68.86,518.0,17.07,0.379,1618.4,5427.0,4.448,0.899
K06321.01,FALSE POSITIVE,0,2.115510941,7.2877,415163.0,191.42,2701.0,12609.03,0.492,1351.5,7563.0,3.883,2.638
K06322.01,FALSE POSITIVE,0,1.015044104,10.994,158.2,1.98,1979.0,3627.61,0.984,33.6,5910.0,4.318,1.124
K06429.01,FALSE POSITIVE,0,252.1638623,23.92,103788.0,50.74,242.0,0.81,1.149,864.5,5432.0,4.608,0.745
K06430.01,FALSE POSITIVE,0,2.23416013,2.12,449.2,2.47,938.0,183.39,0.583,27.5,5761.0,4.438,0.997
K06431.01,FALSE POSITIVE,0,22.271198511,4.58598,179042.0,39.79,515.0,16.62,0.775,2141.3,5068.0,4.556,0.73
K06432.01,FALSE POSITIVE,0,73.894163515,9.48995,213900.0,39.18,392.0,5.61,0.27,3902.3,5442.0,4.469,0.841
K06433.01,FALSE POSITIVE,0,1.124033822,5.5728,247561.0,98.04,2547.0,9953.28,0.719,792.9,7141.0,4.208,1.563
K06434.01,FALSE POSITIVE,0,2.796661168,3.3781,2363.8,47.68,1661.0,1797.72,1.276,251.4,6331.0,4.146,1.326
K00500.01,CONFIRMED,2,7.053527145,2.3982,1480.1,2.16,547.0,21.17,0.172,92.3,4041.0,4.697,0.567
K06557.01,CANDIDATE,1,6.63448023,3.603,71.2,1.04,1177.0,453.27,0.116,10.3,6463.0,4.313,1.225
K06558.01,FALSE POSITIVE,0,12.4239677,16.01,162.4,0.87,606.0,31.93,0.007,12.8,4995.0,4.58,0.698
K06559.01,FALSE POSITIVE,0,0.639721284,2.69771,465918.0,46.59,1505.0,1220.53,0.404,1012.9,4794.0,4.633,0.625
K06561.01,FALSE POSITIVE,0,2.025580416,4.48448,44998.1,43.23,2102.0,4618.62,0.434,987.8,6348.0,3.996,1.99
K06563.01,FALSE POSITIVE,0,20.28281916,36.048,2797.5,22.46,1141.0,401.55,0.719,306.7,5043.0,3.284,3.956
K06564.01,FALSE POSITIVE,0,4.931365987,14.7088,255953.0,139.59,1755.0,2239.55,0.686,772.7,6562.0,3.835,2.263
K00505.02,CONFIRMED,2,6.1954595,2.952,296.4,1.37,776.0,85.77,0.647,27.1,5001.0,4.582,0.76
K04215.01,CONFIRMED,2,26.5487294,7.968,142.0,2.54,836.0,115.61,0.21,15.3,5456.0,3.802,2.154
K04216.01,CANDIDATE,1,0.492291661,0.894,1107.6,3.42,1788.0,2415.37,0.957,62.0,4971.0,4.566,0.718
K04219.01,FALSE POSITIVE,0,1.87885327,3.302,120.9,0.97,1406.0,922.49,0.513,12.1,5851.0,4.534,0.863
K04220.01,FALSE POSITIVE,0,0.785473311,1.3911,339.6,1.61,1769.0,2325.64,0.389,57.0,5356.0,4.466,0.871
K00400.01,FALSE POSITIVE,0,44.18938922,6.8151,4293.5,14.0,537.0,19.73,1.03,102.0,6061.0,4.438,0.968
K04221.01,FALSE POSITIVE,0,5.2438982,7.881,162.2,1.24,1026.0,262.14,0.644,18.7,5804.0,4.473,0.927
K04222.01,CONFIRMED,2,3.38557445,1.879,121.9,1.63,1476.0,1122.9,0.129,13.1,5718.0,4.069,1.48
K04327.01,CONFIRMED,2,0.991659646,2.215,77.3,1.19,2102.0,4614.18,0.765,13.5,6117.0,4.315,1.244
K04329.01,CANDIDATE,1,17.8007815,6.547,44.5,1.02,816.0,105.04,0.928,14.2,6240.0,4.326,1.252
K04331.01,CANDIDATE,1,1.717859841,0.908,66.3,1.45,2212.0,5645.85,0.35,9.5,6694.0,4.084,1.732
K00408.01,CONFIRMED,2,7.381980206,3.1152,1433.8,3.42,876.0,138.88,0.096,101.6,5559.0,4.47,0.914
K04332.01,FALSE POSITIVE,0,2.66588544,5.004,167.0,0.98,1041.0,278.03,0.276,17.2,4965.0,4.536,0.771
K04334.01,CANDIDATE,1,2.44232399,1.921,229.0,1.1,1029.0,264.82,0.303,14.1,4849.0,4.561,0.738
K04335.01,CONFIRMED,2,7.61758198,3.545,85.4,1.0,1020.0,255.32,0.234,13.4,6202.0,4.401,1.072
K04449.01,FALSE POSITIVE,0,5.00749378,2.898,56.6,1.68,1499.0,1192.26,0.206,14.7,5242.0,3.644,2.243
K04450.01,CONFIRMED,2,196.436796,8.556,631.9,2.33,292.0,1.72,0.019,14.4,5462.0,4.452,0.946
K00413.02,CONFIRMED,2,24.67458244,3.2648,650.6,2.33,544.0,20.71,0.817,31.9,5456.0,4.562,0.812
K04451.01,CANDIDATE,1,8.8303681,3.426,296.2,1.32,676.0,49.36,0.746,10.9,5051.0,4.628,0.706
K04452.01,CANDIDATE,1,12.85755895,4.831,106.5,1.23,860.0,129.15,0.55,14.2,5860.0,4.276,1.156
K04453.02,FALSE POSITIVE,0,0.83442282,1.873,50.9,0.64,1854.0,2794.84,0.163,8.8,5838.0,4.529,0.897
K04455.01,FALSE POSITIVE,0,1.332580225,2.057,46.3,2.18,3111.0,22103.67,0.519,16.4,6858.0,3.731,3.096
K04551.01,CANDIDATE,1,14.7179342,5.844,132.3,1.25,784.0,89.3,0.704,12.7,6102.0,4.449,1.018
K04553.01,FALSE POSITIVE,0,0.909314811,2.2053,40.5,0.99,2503.0,9311.68,0.722,30.2,6508.0,4.163,1.447
K04554.01,CANDIDATE,1,8.0772455,7.272,79.2,2.61,1228.0,537.66,0.984,12.5,5684.0,3.915,2.032
K04556.01,FALSE POSITIVE,0,21.5819776,13.734,47.6,0.91,746.0,73.01,0.036,17.3,5601.0,4.144,1.342
K04557.01,CANDIDATE,1,5.75651958,2.309,65.3,0.83,1089.0,332.97,0.247,11.2,6208.0,4.454,1.024
K04558.01,CANDIDATE,1,8.8233996,6.735,104.6,1.13,929.0,176.13,0.022,13.3,5602.0,4.269,1.121
K04559.01,FALSE POSITIVE,0,0.566801045,1.7499,188.3,1.42,2348.0,7209.06,0.628,34.9,6106.0,4.405,0.982
K04666.01,CANDIDATE,1,12.4019263,4.043,211.1,1.49,713.0,60.93,0.924,9.5,5555.0,4.514,0.832
K04667.01,CANDIDATE,1,152.823896,7.734,456.2,2.45,395.0,5.77,0.119,9.9,6452.0,4.394,1.137
K04668.01,CANDIDATE,1,15.07277287,0.7794,345.0,1.73,635.0,38.57,0.891,13.0,5521.0,4.594,0.771
K04671.01,FALSE POSITIVE,0,0.75499096,2.485,215.8,1.39,1949.0,3403.34,0.322,9.9,5743.0,4.466,0.946
K04674.01,CANDIDATE,1,4.84350003,3.045,50.2,0.9,1121.0,373.1,0.906,10.4,5762.0,4.348,1.056
K04675.01,FALSE POSITIVE,0,2.17812826,2.601,100.8,0.81,1206.0,500.27,0.344,10.4,5426.0,4.579,0.805
K04676.02,FALSE POSITIVE,0,3.36379289,23.7,136.3,44.77,1840.0,2712.28,1.159,36.9,5947.0,3.814,2.407
K04795.01,FALSE POSITIVE,0,1.316398648,1.169,182.5,1.09,1374.0,842.93,0.392,13.1,5088.0,4.508,0.806
K04797.01,CANDIDATE,1,9.97202023,1.425,329.7,1.26,627.0,36.53,0.401,8.6,4810.0,4.584,0.696
K04799.01,CANDIDATE,1,12.0729757,3.783,99.5,1.69,969.0,208.13,0.312,9.7,5436.0,3.993,1.707
K04800.01,FALSE POSITIVE,0,2.23755641,2.089,101.1,0.93,1397.0,897.8,0.182,7.3,6026.0,4.505,0.924
K04801.01,CANDIDATE,1,82.401274,6.48,430.7,2.21,421.0,7.42,0.703,10.1,5886.0,4.472,1.0
K04802.01,FALSE POSITIVE,0,0.605556082,1.2399,101.7,0.86,2120.0,4796.94,0.176,15.3,6123.0,4.556,0.846
K04803.01,CONFIRMED,2,4.36125889,2.174,189.2,1.2,1000.0,236.01,0.374,10.7,5520.0,4.544,0.873
K04926.01,CANDIDATE,1,69.089357,6.207,475.1,1.47,332.0,2.87,0.051,8.6,4848.0,4.581,0.698
K04927.01,FALSE POSITIVE,0,43.142257,61.73,283.2,37.88,706.0,58.68,1.179,30.5,6198.0,4.069,1.769
K04928.01,CONFIRMED,2,3.290304098,1.7215,13552.6,4.91,540.0,20.06,0.09,220.5,3386.0,4.81,0.427
K04929.01,FALSE POSITIVE,0,18.622214,4.42,5832.0,20.83,1101.0,347.32,0.792,20.1,6235.0,3.801,2.471
K04934.01,FALSE POSITIVE,0,0.7906069,3.3996,689.2,17.97,1503.0,1201.17,1.198,133.3,4994.0,4.62,0.72
K04935.01,FALSE POSITIVE,0,24.5714867,29.96,506.4,3.04,637.0,39.0,0.978,31.1,5977.0,4.462,0.956
K05171.01,FALSE POSITIVE,0,2.845736321,11.5703,3127.0,402.16,3058.0,20649.68,1.294,297.8,4878.0,2.745,10.154
K05172.01,FALSE POSITIVE,0,12.4276185,18.56,147.0,1.14,768.0,82.45,0.303,12.6,5869.0,4.513,0.942
K05173.01,FALSE POSITIVE,0,12.427076,17.447,47.5,0.82,870.0,135.77,0.026,25.3,5841.0,4.278,1.193
K05178.01,CONFIRMED,2,4.13960513,3.31,106.7,1.24,1352.0,789.48,0.344,11.6,6535.0,4.373,1.181
K05179.01,CANDIDATE,1,1.049468616,4.848,22.0,0.84,2808.0,14709.49,0.731,22.8,7479.0,4.162,1.667
K05180.01,FALSE POSITIVE,0,2.362348096,3.5979,724.7,89.55,2104.0,4625.06,1.219,103.6,5088.0,3.502,3.293
K00455.01,FALSE POSITIVE,0,47.878243,4.066,910.0,8.15,317.0,2.38,1.076,30.9,4254.0,4.634,0.624
K05439.01,FALSE POSITIVE,0,0.864651455,3.461,67.7,0.69,1720.0,2062.08,0.235,16.5,5587.0,4.556,0.851
K05440.01,CANDIDATE,1,74.624063,8.881,346.9,1.75,448.0,9.49,0.019,11.0,6187.0,4.499,0.937
K05441.01,CANDIDATE,1,25.4805211,10.701,159.0,1.25,659.0,44.67,0.186,17.7,6250.0,4.472,0.986
K05445.01,FALSE POSITIVE,0,7.1091096,10.67,156.7,1.08,855.0,126.12,0.663,13.0,5665.0,4.568,0.82
K05447.02,CONFIRMED,2,3.87594316,2.314,58.6,0.68,1081.0,323.21,0.025,14.2,5713.0,4.541,0.893
K05448.01,FALSE POSITIVE,0,7.2269859,14.241,160.3,0.79,603.0,31.23,0.561,26.2,4347.0,4.645,0.609
K05728.01,FALSE POSITIVE,0,18.0766788,3.06,28831.0,19.47,694.0,54.73,0.822,26.6,5780.0,4.438,1.0
K05729.01,FALSE POSITIVE,0,1.33255577,4.282,126.5,0.97,1420.0,961.41,0.199,15.4,5122.0,4.469,0.881
K00462.01,FALSE POSITIVE,0,1.576341127,3.1232,335.1,2.96,1797.0,2460.7,0.01,88.7,5087.0,3.967,1.666
K05730.01,FALSE POSITIVE,0,1.33259275,4.014,79.1,0.97,1703.0,1983.27,0.833,15.9,6091.0,4.487,0.967
K05731.01,FALSE POSITIVE,0,36.6092739,1.835,1102.0,52.42,1623.0,1640.55,0.26,7.6,4770.0,2.319,16.114
K05732.01,CANDIDATE,1,39.399926,5.729,341.4,1.52,499.0,14.66,0.544,9.4,5913.0,4.581,0.795
K05733.01,FALSE POSITIVE,0,1.166835206,2.17596,15527.2,96.28,3457.0,33728.08,1.257,388.6,8982.0,4.111,2.123
K05994.01,FALSE POSITIVE,0,4.804469712,3.51946,132624.0,30.97,958.0,198.67,0.567,1177.8,5561.0,4.558,0.809
K05995.01,FALSE POSITIVE,0,6.150529292,4.4562,2417.1,49.79,1421.0,964.26,1.236,301.4,6691.0,4.084,1.565
K05996.01,FALSE POSITIVE,0,4.944927575,3.4648,1028.7,19.43,728.0,66.56,1.215,62.5,4428.0,4.59,0.701
K05997.01,FALSE POSITIVE,0,4.442517008,2.43922,25341.5,26.08,1258.0,593.85,0.936,396.2,6316.0,4.387,1.119
K00471.02,CONFIRMED,2,7.81100952,3.231,126.7,1.36,906.0,159.24,0.816,15.8,5395.0,4.324,1.071
K05998.01,FALSE POSITIVE,0,62.7356439,10.7925,243702.0,90.12,590.0,28.65,0.73,1115.3,6211.0,4.127,1.44
K05999.01,FALSE POSITIVE,0,7.035518449,3.5286,2139.0,24.91,782.0,88.6,1.268,91.5,5288.0,4.566,0.71
K06084.01,FALSE POSITIVE,0,3.269176601,2.7233,59095.0,164.61,1349.0,781.57,2.195,515.5,6372.0,4.453,1.015
K00476.01,CONFIRMED,2,18.42794957,2.9264,706.6,2.24,526.0,18.05,0.727,36.0,4768.0,4.536,0.779
K06085.01,FALSE POSITIVE,0,5.902596818,5.5711,54894.0,25.8,1123.0,376.53,0.168,533.9,6184.0,4.371,1.094
K06086.01,FALSE POSITIVE,0,15.995094054,8.45037,44315.3,17.09,676.0,49.26,0.272,2019.7,5899.0,4.574,0.805
K06087.01,FALSE POSITIVE,0,22.16127178,3.699,5259.0,69.44,877.0,139.67,1.277,56.6,5893.0,3.945,1.745
K06088.01,FALSE POSITIVE,0,2.745121487,2.9845,14608.0,9.55,893.0,150.25,0.861,86.7,4608.0,4.648,0.658
K06206.01,FALSE POSITIVE,0,15.713787218,11.3122,60384.4,27.64,747.0,73.68,0.762,3602.0,5843.0,4.399,1.006
K06207.01,FALSE POSITIVE,0,7.964440392,9.1701,68454.0,18.98,755.0,76.69,0.001,693.8,5250.0,4.548,0.736
K06208.01,FALSE POSITIVE,0,2.151214629,2.226,332.6,14.54,3287.0,27604.18,0.235,28.5,4748.0,2.635,8.179
K00484.01,CONFIRMED,2,17.20522898,3.6688,1080.6,2.22,553.0,22.05,0.012,75.7,5211.0,4.643,0.689
K06209.01,CANDIDATE,1,12.7143635,3.101,524.8,2.2,785.0,89.81,0.071,9.9,5947.0,4.481,0.962
K06209.02,CANDIDATE,1,7.72966941,2.091,426.7,2.1,927.0,174.28,0.668,8.4,5947.0,4.481,0.962
K06211.01,FALSE POSITIVE,0,1.457256942,6.51381,364905.0,98.16,2112.0,4686.52,0.549,2443.8,6630.0,4.235,1.416
K06323.01,FALSE POSITIVE,0,3.711013336,3.31024,24989.1,55.69,1436.0,1003.75,1.192,757.0,6338.0,4.256,1.247
K06324.01,FALSE POSITIVE,0,2.97606298,4.124,72.2,5.65,2615.0,11065.06,0.363,17.8,5321.0,3.158,6.669
K06325.01,FALSE POSITIVE,0,2.97586085,4.513,105.9,0.85,1135.0,392.05,0.117,9.1,5481.0,4.508,0.835
K06326.01,FALSE POSITIVE,0,14.658013949,3.03316,129645.0,121.59,855.0,126.35,1.141,3361.5,5146.0,3.986,1.626
K06327.01,FALSE POSITIVE,0,18.839487435,5.62797,182722.0,45.2,734.0,68.54,0.421,2003.1,6208.0,4.454,1.024
K06328.01,FALSE POSITIVE,0,0.555973803,1.271,75.3,1.9,3049.0,20544.64,0.563,23.3,5445.0,3.776,2.117
K06435.01,FALSE POSITIVE,0,15.288709179,5.00366,512474.0,54.56,509.0,15.84,0.372,1758.7,4464.0,4.577,0.719
K06436.01,FALSE POSITIVE,0,1.83592242,5.9942,30745.9,46.3,1501.0,1195.13,1.189,1378.9,5930.0,4.472,0.976
K06437.01,FALSE POSITIVE,0,1.15495063,2.31,449.2,2.47,938.0,183.39,0.583,27.5,5761.0,4.438,0.997
K06438.01,FALSE POSITIVE,0,0.961292561,4.64294,325530.0,92.55,2344.0,7160.97,0.579,1703.0,6300.0,4.188,1.404
K06439.01,FALSE POSITIVE,0,63.68192888,12.6047,341717.0,71.45,486.0,13.15,0.583,963.5,5979.0,4.386,1.054
K06441.01,FALSE POSITIVE,0,9.455586047,8.42272,115171.0,178.47,1972.0,3576.17,0.791,1876.9,7221.0,3.488,4.24
K06442.01,FALSE POSITIVE,0,1.246585716,4.62051,406770.0,81.28,1992.0,3709.26,0.427,2165.3,6440.0,4.369,1.183
K06565.01,FALSE POSITIVE,0,4.331392455,3.7278,200403.0,38.82,1051.0,288.51,0.306,1234.3,5655.0,4.472,0.854
K06566.01,FALSE POSITIVE,0,345.1846728,6.5468,29988.7,44.91,257.0,1.03,1.179,687.5,5712.0,4.424,0.971
K06567.01,FALSE POSITIVE,0,9.58405667,6.82752,119630.0,99.66,1212.0,510.85,0.798,2595.9,5605.0,3.813,2.275
K06568.01,CANDIDATE,1,6.27651592,1.973,166.0,0.65,532.0,18.89,0.172,8.9,3914.0,4.748,0.515
K06569.01,FALSE POSITIVE,0,3.115304946,4.88748,149524.0,61.66,1404.0,918.39,0.89,1398.8,6367.0,4.419,1.087
K06571.01,FALSE POSITIVE,0,12.422524,13.55,33.9,0.86,1107.0,354.37,0.566,6.7,7225.0,4.281,1.414
K06573.01,FALSE POSITIVE,0,12.4261809,29.09,92.2,1.88,976.0,214.85,0.98,39.0,5948.0,4.106,1.432
K04224.01,FALSE POSITIVE,0,1.975208831,1.513,76.3,1.59,2064.0,4299.89,0.559,15.1,6401.0,4.029,1.744
K04225.01,FALSE POSITIVE,0,0.960843605,3.22,141.7,19.15,1904.0,3120.32,1.143,25.5,5708.0,4.378,1.129
K04226.01,CANDIDATE,1,49.564693,8.54,113.5,1.63,588.0,28.19,0.685,15.0,5907.0,4.212,1.442
K04227.01,FALSE POSITIVE,0,4.29258258,3.069,369.6,1.87,1161.0,428.77,0.339,16.1,6137.0,4.487,0.963
K04228.01,FALSE POSITIVE,0,0.960842633,2.6441,2022.9,67.53,2808.0,14655.53,1.341,176.1,7381.0,4.186,1.597
K04229.01,FALSE POSITIVE,0,14.5893928,15.54,449.2,2.47,938.0,183.39,0.583,27.5,5761.0,4.438,0.997
K04230.01,CONFIRMED,2,5.49548533,2.461,85.8,1.3,1293.0,661.04,0.202,14.2,6157.0,4.159,1.392
K04337.01,CONFIRMED,2,8.18504859,4.673,97.6,0.93,892.0,149.41,0.601,12.5,5984.0,4.521,0.906
K04338.01,FALSE POSITIVE,0,10.78438513,1.408,233.6,75.04,1397.0,900.7,1.18,15.6,5575.0,3.516,3.515
K04339.01,FALSE POSITIVE,0,0.566804221,4.639,166.0,0.85,1737.0,2149.42,0.536,31.0,5277.0,4.625,0.64
K04340.01,FALSE POSITIVE,0,2.022658,3.343,135.7,1.15,1482.0,1139.1,0.419,17.4,6091.0,4.487,0.967
K04341.01,CANDIDATE,1,10.778313,5.256,90.7,1.25,1067.0,306.18,0.591,12.5,6726.0,4.262,1.258
K04342.01,FALSE POSITIVE,0,0.594310785,0.9994,112.5,0.91,2068.0,4338.76,0.161,15.7,5931.0,4.554,0.845
K04343.01,CONFIRMED,2,27.2106807,10.515,99.4,1.73,725.0,65.27,0.973,16.9,5973.0,4.171,1.305
K04456.01,CANDIDATE,1,7.4299322,4.013,164.9,1.81,1024.0,259.7,0.826,9.8,5635.0,4.23,1.252
K04457.01,CANDIDATE,1,79.334347,10.886,164.9,1.56,500.0,14.73,0.652,14.6,6384.0,4.33,1.15
K04458.01,CANDIDATE,1,358.818895,2.503,666.1,2.66,262.0,1.11,0.825,11.5,6056.0,4.47,0.918
K04460.01,CANDIDATE,1,284.727213,10.299,355.3,2.02,278.0,1.41,0.316,12.7,5497.0,4.332,1.08
K04461.01,FALSE POSITIVE,0,3.74786694,3.632,80.9,0.89,1176.0,451.72,0.49,19.1,5957.0,4.498,0.971
K04463.01,CANDIDATE,1,36.7614011,15.982,160.9,1.52,475.0,12.0,0.984,16.2,5305.0,4.504,0.823
K00414.01,FALSE POSITIVE,0,20.35509657,5.33265,25079.5,17.53,720.0,63.6,0.503,1703.2,6081.0,4.404,1.077
K04561.01,CONFIRMED,2,1.5184181,2.842,196.8,1.85,1926.0,3261.65,0.561,15.9,6302.0,4.259,1.269
K04562.01,FALSE POSITIVE,0,0.96807117,1.677,104.8,0.72,1487.0,1157.58,0.53,15.4,5367.0,4.639,0.687
K00420.01,CONFIRMED,2,6.010383339,2.1939,2652.1,3.8,768.0,82.31,0.436,276.1,4882.0,4.558,0.738
K04562.02,FALSE POSITIVE,0,0.968065631,1.772,92.5,0.68,1487.0,1157.58,0.518,14.0,5367.0,4.639,0.687
K04563.01,CANDIDATE,1,54.333582,10.545,152.0,1.7,513.0,16.37,0.823,10.5,5500.0,4.228,1.221
K04565.01,FALSE POSITIVE,0,2.78801663,17.354,14.0,0.91,2287.0,6451.74,0.796,21.8,7523.0,3.986,2.206
K04566.01,CONFIRMED,2,3.94660745,2.705,309.4,1.4,981.0,218.91,0.278,12.7,5376.0,4.576,0.806
K04677.01,FALSE POSITIVE,0,1.33259494,2.783,92.7,0.89,1665.0,1814.46,0.104,7.8,6063.0,4.51,0.918
K04678.01,FALSE POSITIVE,0,2.05048377,3.67,60.5,0.66,1339.0,761.65,0.013,14.3,5568.0,4.451,0.854
K00428.01,CONFIRMED,2,6.8731664,6.8569,3753.8,13.44,1482.0,1140.56,0.055,535.5,6490.0,3.942,2.179
K04679.01,FALSE POSITIVE,0,1.19550618,3.337,26.9,0.78,2152.0,5062.04,0.483,13.3,6088.0,4.15,1.463
K04680.01,CANDIDATE,1,54.0812235,6.279,411.1,1.54,431.0,8.19,0.182,11.6,5757.0,4.597,0.762
K04681.01,FALSE POSITIVE,0,8.2344072,2.808,59.2,1.49,1263.0,601.05,0.812,11.5,6148.0,3.964,1.741
K04683.01,FALSE POSITIVE,0,0.967073359,2.4875,773.5,28.15,1867.0,2870.56,1.222,92.4,5755.0,4.402,1.022
K04804.01,CANDIDATE,1,21.08678557,0.978,499.6,2.08,651.0,42.44,0.702,11.0,6084.0,4.542,0.863
K00435.01,CONFIRMED,2,20.5498184,5.5484,1564.3,4.04,657.0,44.11,0.649,123.1,5688.0,4.415,0.971
K04805.01,FALSE POSITIVE,0,1.19087362,1.785,67.5,0.73,1489.0,1165.78,0.393,8.0,5158.0,4.464,0.888
K04806.01,FALSE POSITIVE,0,1.06484622,3.287,42.4,0.72,2034.0,4059.63,0.242,12.5,6445.0,4.417,1.087
K04807.01,CANDIDATE,1,0.969824139,0.783,23.1,0.49,1839.0,2709.67,0.332,6.8,5780.0,4.438,1.0
K04808.01,CANDIDATE,1,2.40174996,1.413,254.4,0.65,621.0,35.1,0.47,13.2,3606.0,4.855,0.399
K04810.01,CANDIDATE,1,115.238544,7.653,516.7,3.17,372.0,4.52,0.965,10.6,5589.0,4.384,1.037
K04936.01,FALSE POSITIVE,0,0.681137796,2.7287,105189.0,45.75,2025.0,3995.23,0.968,432.5,5872.0,4.474,0.864
K04937.01,FALSE POSITIVE,0,1.8437362,21.04,341.1,25.26,1628.0,1655.74,1.189,83.4,6032.0,4.358,1.114
K00440.01,CONFIRMED,2,15.90688891,3.9879,924.7,2.35,588.0,28.32,0.014,75.0,5097.0,4.554,0.797
K04938.01,CANDIDATE,1,55.180772,9.791,474.6,2.37,531.0,18.79,0.306,11.5,6306.0,4.426,1.076
K04939.01,FALSE POSITIVE,0,281.36926,66.892,12435.0,56.94,507.0,15.57,0.038,135.6,4818.0,3.125,5.303
K04941.01,FALSE POSITIVE,0,262.71162,7.72,1449.0,3.69,272.0,1.29,0.019,7.0,5398.0,4.375,0.99
K04944.01,FALSE POSITIVE,0,1.52327807,3.813,924.2,22.88,3461.0,33813.44,0.026,78.5,4477.0,2.633,7.912
K05187.01,FALSE POSITIVE,0,1.049406508,3.0072,447.5,27.45,4913.0,137177.82,0.112,61.3,4745.0,2.425,13.417
K05189.01,FALSE POSITIVE,0,3.58957045,3.418,1221.2,2.49,862.0,131.02,0.002,53.6,4608.0,4.559,0.746
K00447.01,FALSE POSITIVE,0,4.045057186,2.9954,752.7,30.33,1126.0,381.17,1.292,62.2,5906.0,4.473,0.87
K05190.01,FALSE POSITIVE,0,2.40435325,6.825,349.6,24.16,1359.0,806.18,1.202,23.3,5780.0,4.438,1.0
K05196.01,FALSE POSITIVE,0,392.47291,7.867,345.6,5.46,442.0,9.04,0.761,12.2,6626.0,3.728,2.704
K05204.01,FALSE POSITIVE,0,4.20601251,6.82,106.7,0.82,1004.0,239.82,0.304,10.7,5514.0,4.518,0.79
K05206.01,FALSE POSITIVE,0,4.18236124,6.70175,193983.0,69.37,1303.0,680.56,0.809,2666.0,6188.0,4.314,1.166
K05449.01,CANDIDATE,1,0.762724045,1.98818,9782.2,41.02,1860.0,2827.5,1.252,451.7,5313.0,4.39,0.976
K05449.02,FALSE POSITIVE,0,25.273355,34.48,496.1,24.74,579.0,26.57,1.208,16.9,5313.0,4.39,0.976
K05458.01,CANDIDATE,1,56.648588,4.534,648.9,2.19,377.0,4.77,0.769,11.8,5023.0,4.565,0.782
K05459.01,CANDIDATE,1,53.554546,5.533,127.6,3.1,769.0,82.79,0.62,8.9,6039.0,3.76,2.622
K00456.01,CONFIRMED,2,13.69942266,4.3409,1292.9,3.85,771.0,83.6,0.03,120.0,5541.0,4.332,1.089
K05460.01,FALSE POSITIVE,0,3.1748772,7.089,1741.0,8.8,1410.0,933.1,0.94,98.6,5116.0,3.994,1.619
K05463.01,FALSE POSITIVE,0,1.20608769,2.2272,1660.6,44.46,1941.0,3353.78,1.253,66.9,5657.0,4.186,1.355
K05735.01,FALSE POSITIVE,0,4.99471597,3.44,53.0,2.2,1861.0,2836.06,0.698,14.1,6409.0,3.706,2.83
K05736.01,CANDIDATE,1,161.651504,2.509,253.6,2.22,377.0,4.77,0.736,8.4,5725.0,4.212,1.289
K05738.01,FALSE POSITIVE,0,27.659607786,4.16321,318404.0,50.7,499.0,14.66,0.604,4791.0,5310.0,4.593,0.768
K05739.01,FALSE POSITIVE,0,476.727302,9.327,1035.7,23.42,530.0,18.64,0.008,17.9,5068.0,2.827,7.417
K05742.01,FALSE POSITIVE,0,1.340649911,5.0912,627633.0,127.25,2004.0,3824.87,0.561,791.0,6332.0,4.26,1.222
K05743.01,FALSE POSITIVE,0,30.69537638,5.6634,19941.0,19.39,662.0,45.29,0.846,186.8,6185.0,4.356,1.192
K00463.01,CONFIRMED,2,18.47762694,1.94,2604.6,1.55,267.0,1.21,0.712,75.7,3395.0,4.97,0.283
K06000.01,FALSE POSITIVE,0,12.4297161,15.078,192.7,1.26,742.0,71.78,0.293,13.3,5754.0,4.534,0.905
K06001.01,FALSE POSITIVE,0,12.4288476,16.43,165.4,1.12,725.0,65.27,0.031,15.2,5595.0,4.513,0.886
K06002.01,FALSE POSITIVE,0,12.4258252,21.841,130.2,1.27,822.0,108.1,0.689,30.0,5968.0,4.426,1.048
K06003.01,FALSE POSITIVE,0,12.4257907,19.859,340.1,1.27,589.0,28.51,0.384,28.2,4873.0,4.586,0.693
K06004.01,FALSE POSITIVE,0,12.4253356,27.49,374.4,2.02,683.0,51.57,0.966,35.4,5442.0,4.541,0.783
K06005.01,FALSE POSITIVE,0,12.4254201,18.56,144.5,0.84,659.0,44.57,0.428,24.9,5571.0,4.643,0.691
K06006.01,FALSE POSITIVE,0,12.424995,20.282,51.5,2.06,1293.0,660.61,0.746,21.4,6098.0,3.707,2.657
K06089.01,FALSE POSITIVE,0,282.9656538,21.4259,467860.0,71.61,280.0,1.45,0.426,1365.9,5999.0,4.494,0.959
K06090.01,FALSE POSITIVE,0,37.32030954,6.9616,4325.0,36.96,538.0,19.77,1.282,171.3,5910.0,4.505,0.94
K06091.01,FALSE POSITIVE,0,5.889372452,4.94674,56841.0,50.78,1695.0,1951.4,0.403,4146.7,7249.0,3.993,2.071
K06092.01,FALSE POSITIVE,0,2.581595167,4.9153,171132.0,40.94,1328.0,735.27,0.124,338.2,5720.0,4.407,0.989
K06093.01,FALSE POSITIVE,0,20.5736113,11.222,76.0,3.86,1197.0,484.82,0.032,12.3,5440.0,3.404,4.524
K06093.02,CANDIDATE,1,27.2497521,11.609,102.0,4.49,1090.0,333.56,0.194,14.6,5440.0,3.404,4.524
K00477.01,CONFIRMED,2,16.54295261,3.8516,726.0,2.31,611.0,32.94,0.329,36.1,5215.0,4.518,0.867
K06212.01,FALSE POSITIVE,0,10.818248422,18.2848,13695.9,11.71,830.0,112.55,0.813,581.0,5955.0,4.446,0.894
K06213.01,FALSE POSITIVE,0,2.559236603,1.6706,11273.0,37.66,1296.0,665.95,1.251,45.7,5955.0,4.534,0.883
K06217.01,CANDIDATE,1,7.7016694,10.898,155.7,4.44,1627.0,1656.27,0.01,17.8,5174.0,3.228,3.608
K06219.01,FALSE POSITIVE,0,21.025447023,6.52216,115743.0,135.84,1123.0,376.4,0.978,4881.9,6631.0,3.798,2.438
K06220.01,FALSE POSITIVE,0,0.933753371,4.438,47.3,1.44,3137.0,22850.9,0.311,19.8,7286.0,3.998,2.056
K06221.01,FALSE POSITIVE,0,1.72153588,1.9227,39929.0,12.89,1045.0,281.41,0.002,29.3,4535.0,4.607,0.668
K00491.01,FALSE POSITIVE,0,4.66229074,3.73,345.4,24.12,1166.0,437.35,1.197,29.8,6191.0,4.454,1.025
K06329.01,CANDIDATE,1,12.4701111,3.616,89.7,2.06,1074.0,313.87,0.569,9.3,5623.0,3.877,2.109
K06330.01,FALSE POSITIVE,0,3.495457889,6.9796,114625.0,84.49,2051.0,4186.71,0.965,724.0,8529.0,4.249,1.558
K06331.01,CANDIDATE,1,5.8229815,2.8,281.6,1.36,914.0,165.12,0.395,8.1,5704.0,4.575,0.804
K06332.01,FALSE POSITIVE,0,4.01668015,2.2828,38007.0,22.11,1016.0,252.13,0.911,87.9,5448.0,4.497,0.794
K06333.01,FALSE POSITIVE,0,1.89134156,5.891,68.4,0.99,1673.0,1856.23,0.739,10.3,6387.0,4.41,1.105
K06443.01,FALSE POSITIVE,0,0.898932836,2.437,61.1,1.51,2489.0,9056.7,0.565,22.3,5712.0,3.959,1.872
K06444.01,FALSE POSITIVE,0,3.45423296,2.965,149.8,0.95,743.0,71.74,0.893,10.2,4186.0,4.662,0.635
K06445.01,FALSE POSITIVE,0,7.304451735,4.09326,143628.0,59.02,931.0,177.19,1.013,2096.8,6024.0,4.523,0.9
K00500.02,CONFIRMED,2,9.521644639,2.3569,1491.3,2.16,495.0,14.2,0.023,79.2,4041.0,4.697,0.567
K06446.01,FALSE POSITIVE,0,1.181046137,2.6923,52609.0,37.78,1389.0,878.27,1.165,324.4,5229.0,4.58,0.692
K06447.01,FALSE POSITIVE,0,1.120997701,11.243,145.6,66.58,3992.0,60096.61,1.114,58.1,6720.0,3.373,4.845
K06448.01,FALSE POSITIVE,0,1.874967748,10.0159,31525.9,378.99,4440.0,91765.97,0.817,1566.6,4588.0,2.232,18.328
K06575.01,FALSE POSITIVE,0,1.06995136,1.322,54.8,0.9,1991.0,3730.45,0.176,10.8,5869.0,4.274,1.221
K06576.01,FALSE POSITIVE,0,10.217121652,4.35647,205223.0,81.1,994.0,230.53,0.786,3617.5,5931.0,4.196,1.349
K06577.01,FALSE POSITIVE,0,0.618060842,1.892,25.1,0.51,1854.0,2791.09,0.944,9.6,5339.0,4.503,0.793
K00505.03,CONFIRMED,2,3.25058201,2.2537,218.4,1.19,962.0,202.09,0.684,24.0,5001.0,4.582,0.76
K06578.01,FALSE POSITIVE,0,0.759764419,5.72501,393266.0,138.54,2715.0,12833.03,0.545,1728.1,5807.0,3.93,1.909
K06579.01,CANDIDATE,1,2.6528082,2.297,153.1,1.17,1280.0,633.57,0.434,9.8,5778.0,4.48,0.935
K06580.01,FALSE POSITIVE,0,21.539269242,5.32432,143753.0,53.0,674.0,48.89,0.908,2642.2,6136.0,4.487,0.933
K04232.01,CONFIRMED,2,2.61576515,2.777,120.4,1.06,1379.0,851.6,0.25,15.1,6088.0,4.446,0.958
K00401.01,CONFIRMED,2,29.19899219,5.1227,2047.2,4.15,540.0,20.05,0.043,171.0,5376.0,4.462,0.94
K04234.01,CONFIRMED,2,6.94245216,3.491,160.8,1.34,1003.0,239.39,0.485,14.7,6108.0,4.466,1.03
K04235.01,CANDIDATE,1,66.6434565,2.385,277.3,2.99,476.0,12.17,0.985,14.8,5751.0,4.339,1.164
K04237.01,FALSE POSITIVE,0,0.950735805,1.1434,175.1,1.39,1908.0,3129.59,0.57,17.1,6039.0,4.478,1.005
K04239.01,FALSE POSITIVE,0,2.17815935,1.839,116.3,1.22,1561.0,1398.42,0.503,14.1,6258.0,4.413,1.098
K04240.01,FALSE POSITIVE,0,3.1339356,4.477,203.7,1.58,1315.0,704.95,0.768,21.4,6137.0,4.46,1.018
K00408.02,CONFIRMED,2,12.56096618,3.7647,923.1,2.74,734.0,68.49,0.022,55.1,5559.0,4.47,0.914
K04345.01,CANDIDATE,1,4.32710895,1.387,108.9,26.6,1397.0,900.23,1.158,12.9,5776.0,4.018,1.455
K04346.01,CANDIDATE,1,6.39269778,2.138,174.3,1.21,890.0,148.31,0.011,11.3,5248.0,4.416,0.943
K04347.01,CONFIRMED,2,3.0570982,3.571,144.0,0.99,1202.0,493.09,0.104,15.7,6021.0,4.57,0.819
K04350.01,FALSE POSITIVE,0,1.75649346,3.429,27.5,1.62,2745.0,13425.76,0.242,13.3,6619.0,3.718,3.05
K04352.01,FALSE POSITIVE,0,1.8912501,7.648,731.0,23.5,1159.0,427.26,1.24,31.6,4883.0,4.523,0.794
K04353.01,CANDIDATE,1,17.8075656,1.643,1511.0,3.92,742.0,71.56,0.474,11.8,6194.0,4.45,0.981
K04464.01,CANDIDATE,1,4.373570433,0.623,366.0,1.23,727.0,66.12,0.1,14.5,4362.0,4.623,0.64
K04466.01,CANDIDATE,1,154.674369,9.35,435.8,2.29,371.0,4.47,0.777,13.5,6338.0,4.449,1.002
K04467.01,CANDIDATE,1,2.94242323,1.519,293.3,1.42,1098.0,344.64,0.447,14.7,5436.0,4.573,0.819
K04468.01,FALSE POSITIVE,0,0.791771167,2.4463,509.2,82.71,3419.0,32163.04,1.224,82.4,6218.0,3.678,3.07
K04469.01,FALSE POSITIVE,0,0.894172544,0.8302,86.2,0.68,1461.0,1070.89,0.162,16.9,4982.0,4.591,0.736
K04470.01,FALSE POSITIVE,0,1.68207624,1.519,54.7,1.01,1980.0,3646.1,0.56,11.1,6495.0,4.191,1.311
K04471.01,FALSE POSITIVE,0,0.942997994,1.1658,539.2,1.56,1283.0,639.03,0.153,29.2,4499.0,4.59,0.693
K04567.01,CANDIDATE,1,14.74426,8.168,113.6,8.1,784.0,89.04,1.063,11.9,6146.0,4.454,0.987
K04567.02,CANDIDATE,1,4.67250377,4.441,79.6,1.11,1149.0,412.73,0.95,13.8,6146.0,4.454,0.987
K04568.01,FALSE POSITIVE,0,0.933747395,4.798,30.9,1.24,2596.0,10738.05,0.541,26.7,5574.0,3.818,2.174
K04570.01,CANDIDATE,1,35.0175053,3.608,292.0,2.13,617.0,34.32,0.809,12.8,5944.0,4.293,1.123
K04571.01,CONFIRMED,2,47.3128645,11.444,217.4,3.71,658.0,44.26,0.967,17.6,5749.0,4.002,1.876
K04572.01,FALSE POSITIVE,0,4.60690612,4.176,137.5,0.9,950.0,192.38,0.203,13.3,5529.0,4.583,0.775
K00421.01,CONFIRMED,2,4.454194254,2.3061,16041.5,11.76,1017.0,252.22,0.479,1022.2,5359.0,4.425,0.915
K04684.01,FALSE POSITIVE,0,3.5564279,6.998,131.4,0.8,972.0,211.41,0.359,12.3,5404.0,4.638,0.694
K04685.01,CANDIDATE,1,0.494247662,1.2443,224.9,1.51,2257.0,6096.15,0.366,18.1,5763.0,4.484,0.998
K04686.01,CANDIDATE,1,11.8299383,5.168,41.4,1.6,1177.0,453.44,0.502,11.7,5747.0,3.802,2.431
K04688.01,FALSE POSITIVE,0,1.23521458,0.918,89.5,0.93,1713.0,2032.78,0.458,5.0,5999.0,4.494,0.959
K04689.01,FALSE POSITIVE,0,1.085229874,0.652,238.1,1.37,1632.0,1675.45,0.439,7.6,5713.0,4.554,0.851
K04691.01,CANDIDATE,1,3.3879165,1.818,78.6,1.09,1336.0,750.6,0.117,10.4,5702.0,4.247,1.245
K00429.01,CONFIRMED,2,8.600099313,4.0077,2791.6,4.17,760.0,78.72,0.048,209.2,5246.0,4.501,0.805
K04811.01,CANDIDATE,1,21.7434141,8.143,154.8,2.23,799.0,96.15,0.906,15.8,5767.0,4.082,1.497
K04812.01,FALSE POSITIVE,0,0.77957913,2.457,70.4,0.71,1819.0,2585.39,0.183,11.1,5699.0,4.553,0.853
K04813.01,CANDIDATE,1,9.2294726,2.446,199.3,0.82,601.0,30.83,0.076,7.5,4781.0,4.679,0.596
K04814.01,FALSE POSITIVE,0,1.33254897,3.083,591.7,32.84,4664.0,111977.04,0.241,16.2,4894.0,2.445,13.777
K04815.01,CANDIDATE,1,18.3721835,3.738,152.5,1.12,657.0,43.96,0.78,9.5,5937.0,4.558,0.83
K00435.03,CONFIRMED,2,33.0405509,3.3613,577.4,2.36,561.0,23.4,0.431,27.5,5688.0,4.415,0.971
K04816.01,FALSE POSITIVE,0,18.2260472,3.664,361.1,1.85,648.0,41.67,0.378,10.0,5440.0,4.444,0.98
K04945.01,FALSE POSITIVE,0,45.5827119,3.193,76.5,2.42,957.0,198.31,0.253,9.6,7266.0,3.828,2.715
K04946.01,FALSE POSITIVE,0,1.89140138,9.52,557.6,25.67,1377.0,849.6,1.222,12.4,5504.0,4.466,0.952
K04947.01,FALSE POSITIVE,0,6.70258007,4.632,859.0,403.01,2635.0,11398.6,1.237,23.0,4799.0,2.475,13.652
K04948.01,FALSE POSITIVE,0,6.2095391,2.752,47.9,30.47,4585.0,104479.02,0.308,8.3,3861.0,1.06,46.169
K04950.01,FALSE POSITIVE,0,1.89124738,4.697,410.0,1.2,989.0,225.34,0.452,17.4,4615.0,4.66,0.589
K04951.01,FALSE POSITIVE,0,1.89125883,4.656,274.5,23.6,4480.0,95092.9,0.013,15.3,4449.0,2.031,14.894
K00440.02,CONFIRMED,2,4.973455252,1.6519,741.6,2.46,867.0,133.55,0.817,65.4,5097.0,4.554,0.797
K05207.01,CANDIDATE,1,18.9828305,6.303,49.1,0.72,707.0,59.15,0.021,9.6,5962.0,4.443,1.035
K05209.01,FALSE POSITIVE,0,7.87173698,2.619,34.7,0.54,862.0,130.96,0.001,10.8,5428.0,4.404,0.94
K05211.01,CANDIDATE,1,3.5645249,2.062,53.9,0.6,1029.0,265.37,0.188,8.0,5435.0,4.578,0.824
K05215.01,FALSE POSITIVE,0,146.931518,23.78,257.0,2.89,395.0,5.78,0.99,19.3,6237.0,4.338,1.135
K05218.01,FALSE POSITIVE,0,1.573020098,15.574,292.2,31.6,2113.0,4693.57,1.184,195.5,6770.0,4.232,1.449
K05219.01,FALSE POSITIVE,0,27.765596,19.49,147.6,1.2,605.0,31.66,0.069,14.2,5897.0,4.476,0.999
K00448.01,CONFIRMED,2,10.13958818,2.6446,1155.9,1.68,447.0,9.41,0.078,40.3,3893.0,4.758,0.5
K05466.01,CONFIRMED,2,4.09513876,2.462,181.7,1.75,1122.0,374.3,0.97,11.6,5858.0,4.495,0.963
K05469.01,FALSE POSITIVE,0,0.779615874,3.932,81.5,0.83,1847.0,2735.51,0.699,22.0,5764.0,4.548,0.863
K05471.01,FALSE POSITIVE,0,8.780603773,3.16989,90027.8,52.34,775.0,85.17,1.127,1406.9,5487.0,4.563,0.832
K05475.01,CONFIRMED,2,224.150923,12.455,348.6,2.41,369.0,4.4,0.019,34.2,6072.0,4.133,1.286
K05475.02,CANDIDATE,1,5.68325648,1.778,44.6,0.97,1257.0,589.92,0.844,10.0,6072.0,4.133,1.286
K05476.01,CANDIDATE,1,148.179343,12.733,466.6,2.52,367.0,4.29,0.102,12.5,5635.0,4.278,1.183
K05478.01,FALSE POSITIVE,0,351.2878737,11.2066,134634.0,38.47,252.0,0.96,0.712,1002.8,5911.0,4.519,0.914
K05744.01,FALSE POSITIVE,0,30.69533113,5.94855,88771.2,69.4,737.0,69.65,1.041,7846.3,6335.0,4.171,1.286
K05745.01,FALSE POSITIVE,0,11.374442708,2.30694,27904.9,22.86,687.0,52.84,0.978,643.6,5297.0,4.546,0.808
K05748.01,CANDIDATE,1,29.9371143,4.435,194.3,1.19,501.0,14.87,0.321,11.6,5115.0,4.47,0.866
K05750.01,FALSE POSITIVE,0,12.71368909,1.875,192.2,1.09,700.0,56.78,0.196,9.8,5715.0,4.586,0.782
K05752.01,CANDIDATE,1,1.391716834,1.421,41.0,36.19,8346.0,1150147.99,0.233,9.7,3749.0,0.833,59.684
K05753.01,FALSE POSITIVE,0,70.516233809,4.09296,330180.0,52.74,390.0,5.47,0.587,3168.8,5511.0,4.531,0.789
K06007.01,FALSE POSITIVE,0,12.4227918,27.29,202.6,1.44,634.0,38.29,0.979,15.5,5279.0,4.62,0.72
K00472.01,CONFIRMED,2,4.243748097,3.3603,1409.7,3.16,1063.0,301.46,0.032,139.8,5873.0,4.554,0.843
K06008.01,FALSE POSITIVE,0,12.426469,25.71,180.5,1.66,729.0,66.74,0.978,24.2,5691.0,4.544,0.887
K06009.01,FALSE POSITIVE,0,12.4262889,18.764,94.2,1.23,864.0,131.83,0.879,20.5,6246.0,4.433,1.092
K06010.01,FALSE POSITIVE,0,12.424747,25.24,139.0,1.35,691.0,53.94,0.976,30.7,5514.0,4.569,0.826
K06011.01,FALSE POSITIVE,0,12.4255705,28.88,139.4,1.37,721.0,63.95,0.984,21.1,5742.0,4.564,0.827
K06012.01,FALSE POSITIVE,0,12.426173,30.64,115.1,2.67,1006.0,242.41,0.997,36.9,6367.0,4.181,1.357
K06094.01,FALSE POSITIVE,0,2.283466438,7.7999,864260.0,218.79,2014.0,3883.24,0.457,1103.1,6723.0,4.089,1.719
K06095.01,FALSE POSITIVE,0,0.692807507,1.49242,25338.3,46.44,2057.0,4211.9,1.196,260.9,5780.0,4.438,1.0
K06096.01,FALSE POSITIVE,0,17.279290765,5.07591,164308.0,27.66,556.0,22.63,0.496,2841.5,5251.0,4.623,0.658
K06098.01,FALSE POSITIVE,0,1.129848432,2.07578,4658.5,120.13,3553.0,37690.9,1.042,490.6,4846.0,2.984,7.102
K06099.01,FALSE POSITIVE,0,7.244778994,3.3873,99147.1,25.68,818.0,105.76,0.522,1761.4,5530.0,4.586,0.788
K06100.01,FALSE POSITIVE,0,0.730964241,2.483,44.0,0.99,2467.0,8801.05,0.459,28.7,5929.0,4.152,1.463
K06101.01,FALSE POSITIVE,0,17.734020239,7.27595,186680.0,93.52,892.0,149.48,0.837,2905.9,5883.0,4.04,1.554
K06223.01,FALSE POSITIVE,0,3.103730697,6.93402,369228.0,75.28,1340.0,763.25,0.539,5143.6,6075.0,4.422,1.091
K00485.01,FALSE POSITIVE,0,17.90766147,5.396,1089.3,4.89,731.0,67.59,0.978,78.4,6153.0,4.471,0.993
K06225.01,FALSE POSITIVE,0,5.110771787,2.48392,50681.0,26.98,1048.0,284.85,0.878,394.0,6029.0,4.523,0.894
K06226.01,FALSE POSITIVE,0,1.463773705,1.9123,64776.0,21.79,1329.0,739.19,0.838,119.7,5446.0,4.599,0.668
K06227.01,FALSE POSITIVE,0,4.46255312,14.0957,22720.0,52.74,1795.0,2458.34,0.004,140.9,4847.0,3.277,3.619
K06228.01,CONFIRMED,2,21.0907909,4.751,417.6,1.88,606.0,31.86,0.832,19.7,5723.0,4.546,0.818
K06229.01,FALSE POSITIVE,0,3.371796653,3.4421,366901.0,306.28,1155.0,419.47,3.219,560.2,5615.0,4.455,0.912
K06334.01,FALSE POSITIVE,0,2.881100027,9.43866,662832.0,446.29,2946.0,17809.19,0.829,3316.5,8104.0,3.675,3.369
K06335.01,FALSE POSITIVE,0,0.806277023,7.275,70.8,0.89,2046.0,4119.09,0.697,37.9,6122.0,4.471,0.996
K06336.01,FALSE POSITIVE,0,0.513482156,2.732,91.6,0.83,2072.0,4335.56,0.004,12.6,5495.0,4.495,0.882
K06337.01,FALSE POSITIVE,0,0.892061734,2.24307,75590.0,46.75,1724.0,2090.54,1.079,398.1,5561.0,4.512,0.855
K06338.01,FALSE POSITIVE,0,3.471399214,5.07707,92284.9,89.62,1558.0,1390.76,1.014,3230.4,6026.0,4.101,1.689
K00492.01,CONFIRMED,2,29.9111886,6.6436,942.0,2.9,541.0,20.31,0.041,50.8,5275.0,4.397,0.969
K06339.01,FALSE POSITIVE,0,4.176929219,5.2003,70355.0,31.35,938.0,183.08,0.984,187.0,5462.0,4.628,0.708
K06451.01,FALSE POSITIVE,0,2.40440112,5.49,27.1,0.42,1172.0,447.52,0.669,16.7,5433.0,4.55,0.769
K06452.01,FALSE POSITIVE,0,21.926779,10.05,198.6,1.26,618.0,34.52,0.542,10.5,5853.0,4.544,0.868
K06453.01,FALSE POSITIVE,0,25.706001174,10.969,464960.0,67.11,579.0,26.55,0.43,2008.1,5642.0,4.498,0.903
K06456.01,FALSE POSITIVE,0,4.426344495,5.84235,276139.0,78.3,1316.0,709.74,0.668,732.5,6228.0,4.277,1.226
K06457.01,FALSE POSITIVE,0,0.957823876,3.7232,104692.0,110.91,2649.0,11612.14,0.992,454.1,5908.0,3.865,2.033
K06458.01,FALSE POSITIVE,0,5.024768971,3.82433,53046.4,42.15,1159.0,425.9,1.038,696.5,6322.0,4.444,0.989
K06459.01,FALSE POSITIVE,0,30.960216668,15.4308,340408.0,62.08,527.0,18.3,0.58,4578.3,5291.0,4.423,0.926
K06581.01,FALSE POSITIVE,0,5.270733213,2.7822,293637.0,37.93,693.0,54.59,0.428,553.0,4348.0,4.601,0.678
K06582.01,CANDIDATE,1,2.43135542,1.401,123.6,1.07,1422.0,965.4,0.12,9.3,6231.0,4.488,0.955
K06583.01,FALSE POSITIVE,0,12.4232158,17.67,261.5,1.3,685.0,51.91,0.245,23.6,5497.0,4.577,0.809
K06586.01,FALSE POSITIVE,0,12.4257442,29.122,936.0,8.43,1551.0,1369.63,0.963,49.6,8691.0,4.072,2.193
K06587.01,FALSE POSITIVE,0,12.4254241,24.98,378.9,2.17,755.0,76.9,0.938,36.0,5853.0,4.529,0.895
K06588.01,FALSE POSITIVE,0,2.991884392,7.5583,123880.0,40.11,1486.0,1154.88,0.496,1280.3,6596.0,4.4,1.094
K04241.01,CONFIRMED,2,2.55315031,1.849,185.3,1.25,1312.0,699.7,0.32,15.4,5970.0,4.521,0.908
K04242.01,CANDIDATE,1,145.786556,4.891,378.0,1.82,331.0,2.84,0.133,13.9,5578.0,4.44,0.95
K04243.01,FALSE POSITIVE,0,1.33254212,3.848,37.4,1.45,2694.0,12477.61,0.662,10.6,6613.0,3.87,2.237
K04244.01,FALSE POSITIVE,0,1.288066288,6.4616,10082.6,34.84,1310.0,692.0,1.378,230.7,5233.0,4.625,0.639
K04245.01,CANDIDATE,1,24.6683831,8.556,109.2,1.76,788.0,91.32,0.751,15.3,6059.0,4.151,1.554
K00401.02,CONFIRMED,2,160.0191598,5.472,1552.8,4.28,306.0,2.08,0.852,49.6,5376.0,4.462,0.94
K04246.01,CONFIRMED,2,6.98472143,2.724,90.7,1.19,1059.0,297.15,0.451,11.7,5839.0,4.279,1.227
K04354.01,FALSE POSITIVE,0,0.996023763,5.412,98.3,18.36,1991.0,3727.96,1.147,21.3,6110.0,4.387,1.077
K04356.01,CONFIRMED,2,174.510276,6.689,1530.0,1.74,186.0,0.28,0.024,14.8,4367.0,4.822,0.452
K04357.01,CANDIDATE,1,0.681180633,0.8844,156.4,2.97,2782.0,14116.16,0.31,16.6,4939.0,3.635,2.377
K04358.01,CANDIDATE,1,106.957467,7.006,539.6,2.4,394.0,5.7,0.705,11.7,6075.0,4.486,0.969
K00408.03,CONFIRMED,2,30.8261043,5.914,742.2,3.18,544.0,20.68,0.943,32.3,5559.0,4.47,0.914
K04359.01,CANDIDATE,1,0.629001455,1.263,14.7,0.81,3375.0,30567.67,0.365,9.4,6739.0,3.948,2.059
K04360.01,CONFIRMED,2,2.71603664,1.744,98.5,1.05,1360.0,807.43,0.44,13.1,6011.0,4.452,1.041
K07049.01,FALSE POSITIVE,0,6.099032889,4.82208,55374.3,36.68,1183.0,462.81,0.891,2884.0,6356.0,4.297,1.141
K07050.01,FALSE POSITIVE,0,0.652956712,0.627,50.0,0.76,2146.0,4984.96,0.26,12.7,5812.0,4.419,1.055
K07051.01,FALSE POSITIVE,0,0.772803664,1.368,290.2,1.11,1365.0,826.03,0.199,8.5,4535.0,4.607,0.668
K07052.01,FALSE POSITIVE,0,7.549299761,2.46338,44575.7,18.8,690.0,53.74,0.899,907.2,5085.0,4.679,0.634
K07053.01,FALSE POSITIVE,0,0.530972263,3.653,48.6,9.32,2373.0,7495.0,1.079,12.1,6185.0,4.472,0.991
K07054.01,FALSE POSITIVE,0,0.530967171,3.8102,378394.0,92.29,2312.0,6728.14,0.84,671.9,5951.0,4.439,0.991
K07156.01,FALSE POSITIVE,0,15.926990634,11.5142,394232.0,93.94,566.0,24.16,1.368,3458.3,5191.0,4.615,0.65
K07157.01,CANDIDATE,1,23.9830523,8.77,83.2,1.17,718.0,62.83,0.096,11.3,5696.0,4.178,1.292
K07159.01,FALSE POSITIVE,0,0.64585177,1.97644,308504.0,51.1,1234.0,543.24,1.138,808.3,4399.0,4.788,0.463
K00534.02,CONFIRMED,2,2.735900074,1.9359,428.9,1.56,1075.0,315.95,0.189,44.5,5299.0,4.597,0.766
K07160.01,FALSE POSITIVE,0,0.645850521,1.2082,54.9,0.69,1941.0,3366.81,0.476,16.8,5381.0,4.426,0.911
K07161.01,FALSE POSITIVE,0,18.84497113,4.9442,4143.4,5.35,552.0,21.89,0.895,79.8,5220.0,4.578,0.695
K07162.01,CANDIDATE,1,5.1581317,7.773,37.9,2.02,1642.0,1720.62,0.032,13.0,5155.0,3.511,3.355
K07270.01,CANDIDATE,1,19.2532128,1.674,219.3,1.42,692.0,54.13,0.247,7.4,6060.0,4.495,0.953
K07271.01,FALSE POSITIVE,0,1.34062901,3.076,69.5,0.82,1678.0,1876.57,0.531,13.1,6045.0,4.494,0.955
K07272.01,CANDIDATE,1,14.1011023,4.513,108.2,1.26,904.0,157.56,0.071,8.1,6534.0,4.365,1.199
K07273.01,FALSE POSITIVE,0,7.448375935,4.23892,152666.0,34.37,871.0,136.18,0.35,1837.9,5636.0,4.489,0.867
K07274.01,FALSE POSITIVE,0,9.080194398,8.18777,324573.0,76.4,1013.0,248.49,0.614,3481.8,6461.0,4.396,1.131
K00543.02,CONFIRMED,2,3.137845914,1.91,305.7,1.5,1041.0,277.64,0.454,30.8,5041.0,4.479,0.857
K07275.01,FALSE POSITIVE,0,9.93442075,7.8219,55965.0,34.03,679.0,50.35,1.117,529.0,5382.0,4.654,0.669
K07381.01,FALSE POSITIVE,0,24.261683827,7.1617,192283.0,58.48,659.0,44.55,0.814,5083.9,6151.0,4.473,0.983
K07382.01,FALSE POSITIVE,0,32.532521502,13.3991,83468.4,24.35,535.0,19.39,0.237,1595.1,5845.0,4.558,0.838
K07384.01,FALSE POSITIVE,0,0.876941133,1.296,73.5,0.85,1938.0,3332.14,0.386,12.3,6018.0,4.485,0.975
K07385.01,FALSE POSITIVE,0,39.238141571,6.07183,439208.0,90.93,656.0,43.69,0.459,969.3,6599.0,4.35,1.234
K07386.01,FALSE POSITIVE,0,53.7406575,47.2475,116722.0,25.44,398.0,5.93,0.386,3568.1,5288.0,4.577,0.737
K07387.01,FALSE POSITIVE,0,7.436016459,4.16284,106527.0,31.39,968.0,207.61,0.433,742.1,6214.0,4.501,0.933
K07488.01,FALSE POSITIVE,0,0.734426409,1.569,94.1,0.98,2223.0,5800.4,0.039,10.4,6406.0,4.458,1.005
K07489.01,CANDIDATE,1,0.565713361,0.954,86.4,0.81,1917.0,3197.67,0.23,11.6,5220.0,4.48,0.881
K07490.01,FALSE POSITIVE,0,37.910213899,3.11152,103474.0,29.45,358.0,3.89,0.963,1065.9,4623.0,4.686,0.56
K00556.01,FALSE POSITIVE,0,9.50150926,6.852,509.5,25.77,843.0,119.55,1.237,34.8,5938.0,4.518,0.908
K07491.01,FALSE POSITIVE,0,3.74785307,3.444,145.9,9.04,2440.0,8389.62,0.217,17.0,4929.0,3.001,7.7
K07492.01,FALSE POSITIVE,0,3.747835042,5.28519,188923.0,141.7,2697.0,12482.82,0.547,6016.2,8529.0,3.769,3.065
K07494.01,FALSE POSITIVE,0,1.75643185,2.397,51.6,0.58,1366.0,821.36,0.115,9.6,5696.0,4.57,0.812
K07635.01,CANDIDATE,1,60.458443,8.43,175.2,1.59,511.0,16.14,0.451,9.7,5865.0,4.297,1.181
K07636.01,CANDIDATE,1,0.702739679,1.379,65.1,0.73,1765.0,2292.96,0.742,9.5,5269.0,4.508,0.836
K07637.01,FALSE POSITIVE,0,2.85889907,1.465,55.7,0.73,989.0,226.09,0.936,6.9,4973.0,4.603,0.754
K07638.01,CANDIDATE,1,25.0032023,5.498,64.1,1.47,837.0,116.27,0.756,12.6,6148.0,4.055,1.685
K07639.01,FALSE POSITIVE,0,1.05569286,1.289,37.5,0.45,1395.0,898.72,0.131,7.1,4955.0,4.561,0.751
K00566.01,CONFIRMED,2,25.85499978,3.8737,610.5,2.4,637.0,38.81,0.265,31.7,6122.0,4.487,0.964
K07640.01,FALSE POSITIVE,0,0.643703667,0.801,172.0,1.48,2358.0,7305.66,0.036,40.3,6161.0,4.362,1.114
K07739.01,FALSE POSITIVE,0,6.6751871,2.372,178.3,1.09,890.0,148.28,0.251,7.0,5774.0,4.567,0.818
K07740.01,FALSE POSITIVE,0,1.549979213,7.5945,370546.0,136.64,2141.0,4986.15,0.486,672.7,5408.0,3.777,2.058
K07741.01,FALSE POSITIVE,0,125.288206,3.695,241.6,1.5,363.0,4.1,0.066,9.4,5881.0,4.48,0.973
K07742.01,FALSE POSITIVE,0,372.76888,23.27,1157.2,3.66,242.0,0.81,0.909,22.8,5800.0,4.514,0.894
K00570.01,FALSE POSITIVE,0,12.39894005,4.262,702.9,4.06,890.0,148.37,0.975,50.7,6355.0,4.41,1.108
K07743.01,FALSE POSITIVE,0,2.4044122,4.575,42.7,0.85,1662.0,1805.11,0.559,10.8,6398.0,4.276,1.249
K07846.01,CANDIDATE,1,10.5994606,9.484,128.8,1.28,896.0,152.67,0.671,11.2,6194.0,4.445,1.069
K07847.01,CANDIDATE,1,399.37587,21.25,552.2,3.93,326.0,2.66,0.556,11.9,6098.0,4.069,1.618
K07848.01,FALSE POSITIVE,0,369.181947,3.239,913.0,2.6,245.0,0.85,0.021,9.9,5959.0,4.546,0.859
K07849.01,CANDIDATE,1,5.0263815,4.384,77.2,0.84,1065.0,305.12,0.185,8.5,5783.0,4.418,0.962
K07850.01,CANDIDATE,1,66.119119,3.086,862.0,3.0,452.0,9.89,0.256,9.8,5828.0,4.462,1.028
K07851.01,FALSE POSITIVE,0,25.3710555,3.739,78.6,1.43,779.0,87.17,0.742,8.3,6029.0,4.127,1.494
K00574.01,CONFIRMED,2,20.13490007,3.7962,1035.2,2.98,544.0,20.66,0.798,64.7,4963.0,4.501,0.826
K07951.01,CANDIDATE,1,0.862329309,1.044,140.9,1.09,1825.0,2623.55,0.421,10.8,5806.0,4.528,0.899
K07952.01,FALSE POSITIVE,0,3.850304552,1.5337,158.0,0.28,407.0,6.44,0.29,5.3,3274.0,5.044,0.224
K07953.01,CANDIDATE,1,432.96905,20.76,257.9,1.43,219.0,0.55,0.4,8.1,5580.0,4.538,0.886
K07954.01,CANDIDATE,1,372.15035,21.23,457.4,1.74,232.0,0.69,0.259,12.3,5769.0,4.57,0.812
K07955.01,FALSE POSITIVE,0,1.07383154,4.846,31355.0,137.54,3791.0,48979.38,1.198,137.3,8059.0,3.789,2.859
K00581.01,CONFIRMED,2,6.996926239,2.7374,1317.4,3.21,888.0,147.07,0.022,101.6,5713.0,4.541,0.893
K07956.01,FALSE POSITIVE,0,1.27228771,2.099,82.9,0.63,1275.0,624.11,0.428,9.5,5044.0,4.64,0.686
K08054.01,CANDIDATE,1,43.9088053,6.265,297.8,7.33,885.0,144.75,0.272,13.7,5216.0,3.402,4.303
K08055.01,CANDIDATE,1,4.40660737,2.107,70.7,0.86,1152.0,415.56,0.433,8.1,6063.0,4.47,1.001
K08056.01,FALSE POSITIVE,0,0.527673051,1.631,28.3,1.43,4056.0,63629.23,0.216,13.5,6762.0,3.738,2.637
K08057.01,FALSE POSITIVE,0,117.140785,3.401,337.1,15.87,862.0,130.52,0.643,8.5,5282.0,2.932,8.243
K00586.01,CONFIRMED,2,15.77980122,4.0369,541.4,2.11,713.0,60.96,0.025,39.4,5941.0,4.519,0.911
K08058.01,FALSE POSITIVE,0,0.590281548,2.72,21.6,0.68,2643.0,11597.35,0.801,20.6,6124.0,4.196,1.315
K08059.01,FALSE POSITIVE,0,4.5647147,13.395,99.3,1.04,1131.0,387.76,0.647,18.0,5953.0,4.433,0.99
K08154.01,FALSE POSITIVE,0,391.33068,12.37,277.2,1.68,274.0,1.33,0.508,10.3,6428.0,4.457,0.977
K08155.01,FALSE POSITIVE,0,320.56794551,15.3614,898.9,2.43,234.0,0.71,0.331,7.5,5546.0,4.575,0.81
K08156.01,CANDIDATE,1,364.98242,12.346,533.0,3.12,293.0,1.73,0.926,13.1,6429.0,4.404,1.116
K00593.04,CANDIDATE,1,240.192808,9.72,605.8,2.68,298.0,1.86,0.814,12.0,6004.0,4.484,0.977
K08157.01,CANDIDATE,1,0.58730021,0.82,449.2,2.47,938.0,183.39,0.583,27.5,5761.0,4.438,0.997
K08158.01,FALSE POSITIVE,0,116.025744,3.539,1361.0,37.99,893.0,150.02,0.017,18.5,4575.0,2.592,10.788
K08159.01,FALSE POSITIVE,0,348.68162,10.959,309.3,2.09,302.0,1.96,0.506,11.9,6450.0,4.386,1.155
K08251.01,FALSE POSITIVE,0,371.47786,12.3,264.9,1.2,203.0,0.4,0.128,8.6,5162.0,4.605,0.754
K08252.01,FALSE POSITIVE,0,1.99638423,2.4,29.4,0.59,1590.0,1505.17,0.223,6.2,6249.0,4.428,1.076
K08253.01,CANDIDATE,1,400.11482,12.37,113.4,0.95,226.0,0.62,0.066,6.7,5547.0,4.521,0.911
K00601.02,CONFIRMED,2,11.67894236,1.2641,1185.1,4.17,830.0,112.07,0.94,23.1,6122.0,4.487,0.964
K08254.01,FALSE POSITIVE,0,0.638697833,5.1609,141454.0,162.15,2464.0,8720.57,1.757,206.3,6424.0,4.388,1.18
K08255.01,FALSE POSITIVE,0,539.214259,3.464,300.6,2.04,265.0,1.17,0.001,7.8,6469.0,4.359,1.171
K08256.01,FALSE POSITIVE,0,343.56446,18.94,179.6,1.8,298.0,1.87,0.433,8.4,5770.0,4.2,1.326
K00645.01,CONFIRMED,2,8.50339249,2.9569,188.9,1.95,1021.0,257.22,0.825,28.5,5877.0,4.233,1.265
K00102.02,CONFIRMED,2,4.06844957,2.8349,79.8,0.98,1170.0,442.08,0.55,29.3,5751.0,4.391,1.071
K00645.02,CONFIRMED,2,23.7832097,7.939,256.5,2.01,725.0,65.26,0.01,38.3,5877.0,4.233,1.265
K00646.01,FALSE POSITIVE,0,3.041547148,3.22798,20690.7,60.05,1544.0,1344.31,1.233,1670.6,6431.0,4.293,1.295
K00647.01,CONFIRMED,2,5.16949729,4.5122,210.6,2.06,1309.0,694.32,0.235,66.2,6011.0,4.123,1.409
K00647.02,CANDIDATE,1,8.1134681,4.961,40.5,0.92,1127.0,381.27,0.454,10.5,6011.0,4.123,1.409
K00648.01,FALSE POSITIVE,0,10.47490332,33.7939,1170.2,15.45,1567.0,1427.2,0.972,150.5,6526.0,3.616,3.232
K06707.01,CANDIDATE,1,43.535891,4.712,576.6,1.86,444.0,9.19,0.258,13.9,5481.0,4.592,0.778
K06707.02,FALSE POSITIVE,0,24.7222403,4.53,290.1,1.31,536.0,19.53,0.106,9.3,5481.0,4.592,0.778
K06708.01,FALSE POSITIVE,0,1.39797542,9.06,43.2,0.49,1316.0,709.8,0.077,15.5,5074.0,4.536,0.761
K00510.02,CONFIRMED,2,6.38899658,3.5032,543.3,2.89,970.0,209.17,0.876,45.8,5527.0,4.376,1.054
K06709.01,FALSE POSITIVE,0,2.2127498,3.054,22.7,0.68,1801.0,2494.14,0.229,9.3,6195.0,4.106,1.405
K06710.01,FALSE POSITIVE,0,0.776976021,1.95401,21245.0,48.15,2083.0,4459.03,1.222,1582.9,5999.0,4.423,1.042
K06711.01,FALSE POSITIVE,0,4.3206933,50.68,147.9,1.66,1205.0,499.09,0.973,35.7,6225.0,4.45,1.031
K06825.01,FALSE POSITIVE,0,0.566790294,3.641,64.0,0.89,2432.0,8244.38,0.393,22.6,6100.0,4.358,1.093
K00517.01,CONFIRMED,2,2.752359689,2.0722,791.9,2.54,1178.0,455.43,0.436,115.7,5461.0,4.499,0.897
K06826.01,FALSE POSITIVE,0,0.566799725,4.097,46.7,0.77,2289.0,6460.25,0.33,12.5,5576.0,4.297,1.132
K06827.01,FALSE POSITIVE,0,0.566801325,4.176,92.1,1.07,2383.0,7585.82,0.77,26.4,6273.0,4.454,1.021
K06828.01,FALSE POSITIVE,0,0.566793818,4.929,100.3,1.17,2027.0,3972.65,0.985,18.3,5707.0,4.538,0.828
K06829.01,FALSE POSITIVE,0,0.566797474,2.708,98.8,1.04,2270.0,6276.39,0.575,12.3,6046.0,4.478,1.007
K06830.01,FALSE POSITIVE,0,1.585673651,3.20763,44116.4,50.53,1648.0,1740.78,1.148,717.5,6117.0,4.457,1.025
K06943.01,FALSE POSITIVE,0,7.64941291,6.56935,236246.0,53.4,1050.0,287.83,0.231,9054.7,6387.0,4.398,1.076
K06944.01,FALSE POSITIVE,0,13.174807933,3.37392,71070.9,51.06,811.0,102.2,1.065,1812.6,6067.0,4.433,0.997
K06945.01,FALSE POSITIVE,0,0.655094658,6.159,372.0,26.41,2173.0,5290.98,1.22,59.5,6063.0,4.476,1.012
K06946.01,FALSE POSITIVE,0,3.33287187,7.13,449.2,2.47,938.0,183.39,0.583,27.5,5761.0,4.438,0.997
K06947.01,FALSE POSITIVE,0,0.692239369,2.91121,62962.0,67.05,2594.0,10725.15,1.074,469.2,6163.0,4.137,1.358
K00521.01,CONFIRMED,2,10.161023528,3.1627,1653.9,4.62,904.0,157.97,0.716,111.1,6032.0,4.387,1.06
K06948.01,FALSE POSITIVE,0,17.030857558,4.24308,77832.4,73.8,836.0,115.15,1.047,1947.8,5575.0,4.066,1.423
K07055.01,FALSE POSITIVE,0,1.606163631,4.92516,144603.0,130.46,2943.0,17727.93,0.901,1662.0,8027.0,3.997,2.314
K07056.01,FALSE POSITIVE,0,42.032096076,11.6768,391261.0,79.17,622.0,35.34,0.519,2164.4,6618.0,4.393,1.117
K00528.02,CONFIRMED,2,96.6781852,5.6957,951.3,3.29,392.0,5.55,0.336,44.7,5386.0,4.322,1.076
K07057.01,FALSE POSITIVE,0,0.619303759,6.6038,74.5,4.71,3232.0,25737.02,1.013,3.5,7138.0,4.137,1.684
K07058.01,FALSE POSITIVE,0,22.470494368,7.39097,45979.0,19.12,518.0,17.04,0.86,2393.2,5315.0,4.636,0.697
K07059.01,FALSE POSITIVE,0,31.973311701,13.2105,75053.7,272.44,1289.0,652.01,1.35,1554.1,7854.0,3.669,3.462
K07060.01,FALSE POSITIVE,0,1.64125844,4.51,449.2,2.47,938.0,183.39,0.583,27.5,5761.0,4.438,0.997
K07163.01,FALSE POSITIVE,0,14.759477667,9.7746,357470.0,76.06,862.0,130.69,0.56,3813.5,6522.0,4.407,1.105
K07164.01,FALSE POSITIVE,0,10.476258265,7.77203,120206.0,54.13,1077.0,318.44,0.318,8251.5,6109.0,4.097,1.536
K07165.01,FALSE POSITIVE,0,1.588298157,4.37027,165034.0,120.0,2773.0,13941.82,0.855,1071.6,7742.0,4.024,2.094
K07166.01,FALSE POSITIVE,0,1.58826263,2.655,78.9,0.47,862.0,130.67,0.021,8.5,3931.0,4.717,0.544
K07167.01,FALSE POSITIVE,0,3.909314318,5.36124,97123.4,42.54,1364.0,819.78,0.776,1587.6,6425.0,4.341,1.143
K07168.01,FALSE POSITIVE,0,1.38385822,1.0,449.2,2.47,938.0,183.39,0.583,27.5,5761.0,4.438,0.997
K07169.01,CANDIDATE,1,10.5113779,4.74,29.9,0.72,1052.0,289.46,0.198,8.8,6575.0,4.278,1.305
K07276.01,FALSE POSITIVE,0,2.071939672,4.45367,198766.0,75.64,1696.0,1953.33,0.806,2409.8,6140.0,4.247,1.254
K07277.01,FALSE POSITIVE,0,8.5893644,6.975,179.3,1.21,792.0,93.09,0.791,9.8,5602.0,4.571,0.817
K07278.01,FALSE POSITIVE,0,8.589644815,9.49469,269518.0,140.07,1412.0,940.15,0.686,5324.6,6331.0,3.813,2.194
K07279.01,CANDIDATE,1,11.7728146,4.132,77.1,0.93,788.0,90.86,0.407,9.9,5410.0,4.333,1.056
K07280.01,FALSE POSITIVE,0,1.009671584,4.37759,155117.0,125.31,3287.0,27692.04,0.864,1440.7,7652.0,3.974,2.242
K07284.01,FALSE POSITIVE,0,1.70192371,3.0271,49833.0,40.15,1704.0,1993.63,0.906,351.1,5826.0,4.273,1.262
K07285.01,FALSE POSITIVE,0,1.20693963,6.881,20.0,0.97,2847.0,15568.09,0.701,24.3,7331.0,4.041,2.041
K00549.02,FALSE POSITIVE,0,0.635587392,4.7,147.7,28.58,2587.0,10637.41,1.151,40.9,5671.0,4.075,1.608
K07388.01,FALSE POSITIVE,0,0.750737313,1.712,38.8,0.48,1603.0,1558.69,0.463,13.4,5151.0,4.602,0.761
K07390.01,FALSE POSITIVE,0,14.361021578,13.2895,459877.0,45.9,594.0,29.44,0.003,2599.0,5229.0,4.607,0.668
K07391.01,FALSE POSITIVE,0,2.570431263,5.49699,76826.0,50.18,1411.0,936.9,1.054,822.9,6244.0,4.473,0.971
K07392.01,FALSE POSITIVE,0,6.64024496,6.03491,224329.0,74.4,1114.0,364.44,0.756,2941.0,6085.0,4.293,1.215
K07394.01,FALSE POSITIVE,0,10.6840477,3.515,81901.0,26.43,444.0,9.21,1.012,395.3,3887.0,4.743,0.523
K07395.01,FALSE POSITIVE,0,2.00280845,1.22,449.2,2.47,938.0,183.39,0.583,27.5,5761.0,4.438,0.997
K07495.01,FALSE POSITIVE,0,1.756466865,4.7781,188219.0,87.4,1831.0,2652.65,0.824,541.9,5726.0,4.077,1.465
K07496.01,FALSE POSITIVE,0,33.159475806,9.01353,222167.0,146.47,1068.0,307.53,0.768,3733.6,7967.0,4.001,2.379
K07497.01,FALSE POSITIVE,0,46.14869106,19.092,349630.0,114.2,647.0,41.46,0.002,1021.3,5383.0,3.908,1.935
K07498.01,FALSE POSITIVE,0,60.2976774,14.2561,315892.0,63.57,481.0,12.63,0.596,1215.8,5995.0,4.434,0.977
K07499.01,FALSE POSITIVE,0,1.941635737,2.46683,69814.1,59.71,1728.0,2109.03,1.071,1243.7,6525.0,4.381,1.161
K07500.01,FALSE POSITIVE,0,0.539445498,2.2821,25302.2,68.65,2959.0,18153.51,1.214,511.4,6486.0,4.174,1.456
K07641.01,CANDIDATE,1,3.79437277,2.289,83.2,1.36,1383.0,865.53,0.05,7.7,5455.0,4.025,1.507
K07642.01,FALSE POSITIVE,0,0.502622858,3.085,146.0,1.41,2478.0,8838.66,0.693,41.1,6029.0,4.385,1.098
K07643.01,FALSE POSITIVE,0,4.20253859,5.389,31.5,0.71,1136.0,394.08,0.937,8.8,5596.0,4.343,1.015
K07644.01,CANDIDATE,1,3.39904814,2.922,69.6,0.81,1191.0,477.15,0.596,8.1,5766.0,4.444,0.929
K07645.01,CANDIDATE,1,2.00870696,4.87,53.5,0.55,1232.0,542.87,0.194,12.2,5341.0,4.526,0.759
K07646.01,FALSE POSITIVE,0,85.112898,2.503,513.8,2.21,422.0,7.48,0.033,8.0,6018.0,4.485,0.975
K07647.01,FALSE POSITIVE,0,7.04716175,2.693,150.8,1.1,817.0,105.1,0.856,9.4,5496.0,4.592,0.776
K07744.01,CANDIDATE,1,11.7201693,2.399,154.4,1.34,870.0,135.43,0.292,7.5,6193.0,4.434,1.067
K07745.01,FALSE POSITIVE,0,533.47707,23.71,210.6,2.6,315.0,2.33,0.418,15.3,6077.0,3.931,1.759
K07746.01,CANDIDATE,1,393.95608,13.89,482.2,2.27,263.0,1.14,0.614,10.3,6217.0,4.472,0.989
K07747.01,FALSE POSITIVE,0,0.603086711,1.0869,1242.8,36.0,2459.0,8675.9,1.251,170.0,6353.0,4.397,1.134
K07748.01,FALSE POSITIVE,0,1.55090374,3.028,11.3,1.11,3190.0,24453.38,0.817,11.8,7612.0,3.787,2.968
K07749.01,CANDIDATE,1,133.6348207,1.584,420.9,1.89,317.0,2.38,0.438,10.8,5202.0,4.434,0.918
K07852.01,FALSE POSITIVE,0,1.020713389,0.873,102.3,0.9,1724.0,2079.36,0.425,11.3,5815.0,4.52,0.87
K07853.01,FALSE POSITIVE,0,364.14397,15.37,513.5,2.2,259.0,1.06,0.475,9.3,6039.0,4.493,0.951
K07854.01,FALSE POSITIVE,0,1.72929014,3.609,84.5,0.86,1497.0,1187.75,0.089,9.6,5910.0,4.505,0.94
K07855.01,FALSE POSITIVE,0,25.166806,2.111,1350.0,2.72,483.0,12.84,0.65,7.2,5013.0,4.574,0.704
K07856.01,FALSE POSITIVE,0,363.17077,28.26,384.6,9.82,810.0,101.64,0.008,20.9,10134.0,3.579,4.842
K07857.01,FALSE POSITIVE,0,0.575445783,0.8463,29.3,1.3,3478.0,34528.16,0.144,3.2,6215.0,3.802,2.396
K07858.01,FALSE POSITIVE,0,1.60375114,1.498,51.0,0.82,1688.0,1918.63,0.54,9.4,5818.0,4.292,1.116
K07957.01,FALSE POSITIVE,0,1.886002102,1.021,47.4,0.65,1433.0,997.72,0.361,7.6,5793.0,4.485,0.925
K07958.01,FALSE POSITIVE,0,386.35444,9.594,129.6,1.43,287.0,1.6,0.705,10.9,6165.0,4.319,1.177
K07959.01,FALSE POSITIVE,0,371.21454,19.4,1780.0,28.21,212.0,0.47,1.254,14.4,5189.0,4.557,0.85
K07960.01,FALSE POSITIVE,0,365.5435,14.78,753.1,3.04,283.0,1.51,0.518,13.4,6306.0,4.426,1.076
K07961.01,FALSE POSITIVE,0,7.02932339,2.853,81.6,0.92,974.0,212.66,0.098,8.7,5977.0,4.473,1.022
K07962.01,FALSE POSITIVE,0,19.229478,4.68,115.8,1.97,970.0,209.42,0.699,8.1,6654.0,4.113,1.712
K08060.01,FALSE POSITIVE,0,372.086704,3.686,2494.0,38.4,283.0,1.51,1.266,18.0,6289.0,4.411,1.093
K08060.02,FALSE POSITIVE,0,363.448167,6.013,2124.0,37.03,285.0,1.56,1.259,19.4,6289.0,4.411,1.093
K08061.01,CANDIDATE,1,0.719741,2.628,32.2,0.57,2074.0,4398.76,0.275,6.5,6014.0,4.486,0.993
K08063.01,CANDIDATE,1,405.35457,10.778,545.6,2.11,232.0,0.69,0.285,10.2,5650.0,4.487,0.906
K08064.01,FALSE POSITIVE,0,1.47623061,2.032,39.1,0.71,1802.0,2484.49,0.375,9.7,6325.0,4.409,1.112
K08065.01,FALSE POSITIVE,0,0.520227316,1.7939,68633.0,50.41,2264.0,6193.15,1.052,122.3,5780.0,4.438,1.0
K08066.01,FALSE POSITIVE,0,36.3192885,2.601,400.2,25.43,1410.0,933.26,0.571,8.6,5008.0,2.706,12.39
K08159.02,CANDIDATE,1,353.01861,15.583,375.1,2.25,301.0,1.93,0.064,14.9,6450.0,4.386,1.155
K08160.01,FALSE POSITIVE,0,345.128277,15.925,324.4,1.94,282.0,1.5,0.175,11.4,6214.0,4.442,1.076
K08161.01,FALSE POSITIVE,0,370.38642,23.94,186.2,2.12,328.0,2.74,0.006,13.9,6179.0,4.134,1.555
K08162.01,FALSE POSITIVE,0,267.970682,11.48,357.7,1.7,280.0,1.45,0.008,10.4,6008.0,4.519,0.897
K08163.01,CANDIDATE,1,370.98253,17.84,552.3,119.96,338.0,3.07,1.655,15.7,6028.0,4.013,1.63
K08164.01,FALSE POSITIVE,0,417.829033,15.05,500.8,2.19,248.0,0.9,0.279,8.9,6018.0,4.485,0.975
K08165.01,FALSE POSITIVE,0,331.92622,10.84,809.0,2.25,235.0,0.72,0.026,8.7,5652.0,4.577,0.798
K08257.01,CANDIDATE,1,9.4609418,4.888,47.5,0.54,767.0,81.83,0.161,7.9,5485.0,4.5,0.788
K08258.01,FALSE POSITIVE,0,54.432903,3.554,307.6,1.41,404.0,6.29,0.099,7.7,5119.0,4.493,0.827
K08259.01,CANDIDATE,1,402.27493,15.67,294.5,1.73,262.0,1.11,0.668,11.1,6299.0,4.486,0.95
K08260.01,FALSE POSITIVE,0,235.20613,6.989,642.0,1.71,230.0,0.66,0.297,6.8,5205.0,4.648,0.679
K08261.01,FALSE POSITIVE,0,85.9770426,1.919,1064.0,1.46,202.0,0.4,0.042,8.0,3710.0,4.797,0.452
K08262.01,FALSE POSITIVE,0,370.94353,16.64,1071.3,27.77,228.0,0.64,1.294,14.6,5755.0,4.588,0.776
K08263.01,CANDIDATE,1,280.55544,12.757,401.4,2.17,308.0,2.13,0.031,9.3,6292.0,4.426,1.078
K04147.01,FALSE POSITIVE,0,2.15292788,3.043,41.4,1.02,1841.0,2708.61,0.45,21.5,5851.0,3.969,1.555
K06596.01,FALSE POSITIVE,0,1.025465924,3.71841,152685.0,106.84,2710.0,12744.17,0.88,1120.8,6700.0,4.041,1.883
K06597.01,FALSE POSITIVE,0,74.985292949,6.23451,105346.0,49.22,425.0,7.69,0.987,1754.8,5955.0,4.52,0.91
K06599.01,FALSE POSITIVE,0,25.762056721,14.8694,447716.0,74.87,604.0,31.48,0.445,3469.5,5539.0,4.393,1.027
K06601.01,CANDIDATE,1,17.9925973,2.762,198.5,1.62,748.0,73.97,0.678,8.7,5931.0,4.351,1.087
K06602.01,FALSE POSITIVE,0,0.648775795,4.34648,108824.0,41.58,1714.0,2038.54,0.961,6873.9,5143.0,4.559,0.776
K00505.05,CONFIRMED,2,87.0912594,7.0,1129.1,2.95,321.0,2.52,0.845,41.8,5001.0,4.582,0.76
K06712.01,FALSE POSITIVE,0,16.486796364,7.06797,48942.8,46.92,1053.0,290.46,0.309,3181.5,6020.0,3.86,2.097
K06713.01,FALSE POSITIVE,0,5.7768734,5.762,71.0,3.13,1399.0,905.0,0.994,10.1,5473.0,3.796,2.162
K06714.01,FALSE POSITIVE,0,20.148807707,8.52557,526949.0,68.52,631.0,37.55,0.215,3487.5,5547.0,4.447,0.918
K06715.01,CANDIDATE,1,0.687772143,2.56725,40368.3,46.27,2097.0,4569.67,1.166,679.8,5885.0,4.413,0.933
K06716.01,FALSE POSITIVE,0,0.843651274,2.80468,305452.0,39.98,1553.0,1371.12,0.405,1509.3,5220.0,4.578,0.695
K06717.01,FALSE POSITIVE,0,1.142946648,3.40234,412554.0,43.5,1293.0,660.96,0.479,1054.4,5058.0,4.651,0.608
K06718.01,FALSE POSITIVE,0,7.217010987,4.4215,78713.8,89.71,1096.0,341.36,1.287,1307.0,6047.0,4.246,1.211
K06831.01,FALSE POSITIVE,0,14.797219157,7.61037,252699.0,47.71,787.0,90.8,0.157,7795.3,6343.0,4.495,0.931
K06832.01,FALSE POSITIVE,0,6.49066214,3.47128,195090.0,33.46,621.0,35.28,0.798,1680.0,4448.0,4.684,0.563
K06833.01,FALSE POSITIVE,0,7.11879848,4.11282,107665.0,41.17,819.0,106.52,0.983,1483.2,5578.0,4.601,0.754
K06834.01,FALSE POSITIVE,0,6.99510404,1.7556,71.8,216.92,7492.0,744614.96,0.77,6.3,3681.0,0.25,229.908
K06836.01,FALSE POSITIVE,0,2.25353739,5.74622,182828.0,96.65,2056.0,4215.56,0.82,904.8,6951.0,4.119,1.662
K00518.01,CONFIRMED,2,13.98177862,2.958,1018.4,2.09,553.0,22.1,0.444,95.6,4859.0,4.615,0.651
K06837.01,FALSE POSITIVE,0,17.99646148,4.65638,62755.2,114.45,1004.0,240.38,1.091,1951.8,5684.0,3.788,2.249
K06949.01,FALSE POSITIVE,0,2.352446342,1.6802,32.5,1.24,2173.0,5269.29,0.755,7.2,6749.0,3.941,2.003
K06950.01,FALSE POSITIVE,0,14.854415674,5.13753,77410.4,29.77,798.0,95.83,0.57,2822.1,6214.0,4.444,1.022
K06951.01,FALSE POSITIVE,0,38.47674409,5.10744,173168.0,33.8,463.0,10.85,0.458,3487.8,5294.0,4.507,0.79
K06952.01,FALSE POSITIVE,0,10.643110689,88.1118,316.3,31.72,1038.0,274.67,1.179,153.7,5930.0,4.084,1.473
K06953.01,FALSE POSITIVE,0,1.587485742,7.7489,246568.0,41.52,1460.0,1070.86,0.259,996.8,5863.0,4.566,0.821
K06954.01,CANDIDATE,1,6.613671,4.211,32.8,0.91,1266.0,607.33,0.096,10.2,6056.0,4.071,1.597
K06955.01,FALSE POSITIVE,0,1.79621807,10.16,47.0,1.54,2480.0,8937.14,0.72,42.0,7117.0,3.988,2.09
K07062.01,FALSE POSITIVE,0,20.849919614,13.7687,313094.0,2912.48,1099.0,345.25,13.715,1614.7,7355.0,4.042,1.984
K07063.01,FALSE POSITIVE,0,15.120212531,3.50007,24616.5,33.11,605.0,31.61,1.199,928.2,5232.0,4.554,0.725
K07064.01,FALSE POSITIVE,0,3.481657589,4.75315,347012.0,78.24,1485.0,1151.7,0.245,7428.7,6225.0,4.191,1.291
K07065.01,FALSE POSITIVE,0,0.739769962,1.95901,20729.3,82.29,3013.0,19590.61,1.212,726.2,6465.0,3.947,1.847
K07066.01,FALSE POSITIVE,0,6.570421193,4.4698,60118.0,33.99,946.0,189.25,0.939,712.6,5812.0,4.484,0.908
K07067.01,FALSE POSITIVE,0,0.541405029,2.7481,327656.0,125.64,2679.0,12266.51,0.641,541.2,5096.0,3.889,1.782
K00528.03,CONFIRMED,2,20.55280311,2.2013,727.3,2.99,656.0,43.8,0.568,42.4,5386.0,4.322,1.076
K00535.01,CONFIRMED,2,5.852968845,4.5973,1146.5,3.46,1056.0,293.93,0.316,152.4,6050.0,4.45,1.013
K07170.01,FALSE POSITIVE,0,1.922009494,3.101,6547.8,48.61,1596.0,1534.66,1.312,284.4,5880.0,4.296,1.087
K07171.01,FALSE POSITIVE,0,10.186578749,10.6304,340671.0,67.45,793.0,93.53,0.677,5867.8,5557.0,4.448,0.916
K07172.01,FALSE POSITIVE,0,32.003815635,4.31197,17120.2,180.25,960.0,201.25,1.226,711.4,5260.0,3.459,4.062
K07173.01,FALSE POSITIVE,0,1.250390814,3.7184,231167.0,101.37,2367.0,7420.89,0.73,2046.8,6297.0,4.006,1.663
K07174.01,CANDIDATE,1,1.58487898,1.791,42.9,0.37,943.0,187.91,0.417,9.3,4201.0,4.675,0.566
K07175.01,FALSE POSITIVE,0,9.2742685,13.39,449.2,2.47,938.0,183.39,0.583,27.5,5761.0,4.438,0.997
K07286.01,FALSE POSITIVE,0,3.008602107,4.34296,120272.0,56.15,1343.0,768.47,0.948,502.0,6033.0,4.398,1.026
K07288.01,FALSE POSITIVE,0,0.846291334,1.79962,190191.0,30.8,1243.0,562.86,0.779,1049.3,4627.0,4.721,0.526
K00544.01,FALSE POSITIVE,0,3.74782314,5.133,423.4,25.59,1253.0,583.52,1.202,53.8,6161.0,4.454,1.053
K07289.01,FALSE POSITIVE,0,1.930451347,3.87956,53075.2,58.77,1623.0,1637.68,1.121,602.3,6154.0,4.399,1.168
K07290.01,FALSE POSITIVE,0,2.427967843,4.7847,126975.0,108.33,2275.0,6328.22,0.954,472.8,7652.0,4.104,1.921
K07291.01,CANDIDATE,1,25.9136674,10.498,109.7,3.37,966.0,205.72,0.982,16.1,6167.0,3.804,2.346
K07292.01,FALSE POSITIVE,0,8.5412411,3.654,298.8,1.4,767.0,81.55,0.793,10.7,5602.0,4.614,0.732
K07396.01,FALSE POSITIVE,0,10.67459836,3.82706,16676.0,68.58,1083.0,325.55,1.255,1845.6,6496.0,4.212,1.485
K07397.01,FALSE POSITIVE,0,2.305097141,1.9378,5880.0,89.22,2753.0,13581.41,1.286,133.4,8851.0,4.085,2.178
K07398.01,FALSE POSITIVE,0,0.974477904,2.69834,8846.9,618.37,5205.0,172916.96,1.252,801.7,5210.0,2.631,15.004
K07399.01,FALSE POSITIVE,0,18.525917446,5.9056,455661.0,64.42,618.0,34.58,0.415,2246.9,5492.0,4.533,0.887
K00550.01,CONFIRMED,2,13.02363236,3.9734,607.0,2.3,743.0,71.85,0.032,50.5,5627.0,4.453,0.945
K07400.01,CANDIDATE,1,4.15736472,2.217,200.7,1.09,931.0,178.03,0.226,11.2,5183.0,4.558,0.782
K07501.01,FALSE POSITIVE,0,20.7106853,42.737,1003.0,89.55,1246.0,570.64,1.252,154.4,6956.0,3.738,2.888
K00557.01,CONFIRMED,2,15.65563866,3.9305,955.9,2.55,623.0,35.62,0.304,53.2,5185.0,4.484,0.837
K07502.01,FALSE POSITIVE,0,2.521245368,4.24027,418375.0,56.59,1241.0,560.57,0.231,1495.4,5605.0,4.486,0.854
K07503.01,FALSE POSITIVE,0,2.52122764,2.249,127.3,0.91,1177.0,453.48,0.298,8.9,5546.0,4.575,0.81
K07505.01,FALSE POSITIVE,0,8.202869679,7.29811,345937.0,110.46,1190.0,474.09,0.561,6499.9,6060.0,4.059,1.643
K07506.01,CANDIDATE,1,11.8436119,6.044,199.3,1.41,830.0,111.98,0.067,10.4,6077.0,4.471,0.999
K07507.01,FALSE POSITIVE,0,3.442714533,3.36034,60039.0,47.02,1157.0,423.13,1.142,964.8,5819.0,4.501,0.861
K07648.01,CANDIDATE,1,1.183505016,1.275,116.6,0.8,1293.0,658.87,0.403,10.0,4832.0,4.592,0.746
K07649.01,FALSE POSITIVE,0,494.165759,2.239,1440.0,4.5,265.0,1.17,0.41,7.4,6392.0,4.399,1.162
K00566.02,CANDIDATE,1,14.1573717,3.786,130.0,1.1,778.0,86.67,0.138,9.3,6122.0,4.487,0.964
K07650.01,FALSE POSITIVE,0,0.851678507,2.028,67.9,0.85,1840.0,2698.28,0.418,9.1,5403.0,4.389,1.029
K07651.01,FALSE POSITIVE,0,383.43595,11.059,1228.0,2.53,214.0,0.5,0.025,14.1,5576.0,4.615,0.729
K07652.01,FALSE POSITIVE,0,15.3466028,4.966,238.5,3.64,1194.0,480.12,0.591,13.0,6771.0,3.934,2.259
K07653.01,FALSE POSITIVE,0,324.18028,18.15,87.9,2.2,382.0,5.01,0.733,10.9,5792.0,3.835,2.183
K07750.01,CANDIDATE,1,494.485085,3.905,385.3,5.03,379.0,4.88,0.017,13.9,6303.0,3.774,2.553
K07751.01,FALSE POSITIVE,0,2.25161215,2.1,23.9,1.14,2934.0,17529.42,0.647,9.2,9464.0,4.116,2.184
K07753.01,FALSE POSITIVE,0,0.905675699,1.701,73.2,0.77,1780.0,2374.98,0.008,10.2,5730.0,4.518,0.903
K00571.01,CONFIRMED,2,7.26731094,2.2691,659.1,1.14,464.0,10.93,0.043,47.8,3751.0,4.8,0.443
K07754.01,FALSE POSITIVE,0,0.790049989,2.794,70.8,0.67,1724.0,2082.67,0.185,12.3,5427.0,4.53,0.808
K07756.01,FALSE POSITIVE,0,0.94102954,4.415,34.5,1.41,2761.0,13794.93,0.119,13.3,5766.0,3.783,2.409
K07757.01,FALSE POSITIVE,0,10.828825742,0.7275,92.1,0.76,758.0,78.3,0.137,4.8,5862.0,4.584,0.785
K07859.01,CANDIDATE,1,0.306702491,0.9074,138.8,0.93,2318.0,6868.33,0.173,21.9,5310.0,4.512,0.786
K07860.01,FALSE POSITIVE,0,0.579516759,1.342,27.0,0.6,2484.0,8953.61,0.638,9.8,6339.0,4.387,1.102
K07861.01,FALSE POSITIVE,0,469.52303,5.487,355.7,2.1,252.0,0.95,0.733,10.5,6197.0,4.449,1.035
K00574.02,CONFIRMED,2,10.39986173,3.377,275.3,1.5,678.0,49.86,0.757,22.8,4963.0,4.501,0.826
K07862.01,FALSE POSITIVE,0,2.38793696,17.302,114.3,25.56,1674.0,1860.02,1.193,41.7,6769.0,4.379,1.161
K07863.01,CANDIDATE,1,5.2449156,8.367,35.5,0.52,1015.0,251.14,0.019,11.7,5823.0,4.486,0.878
K07864.01,FALSE POSITIVE,0,117.934158,9.25,187.5,3.76,648.0,41.73,0.658,12.9,6790.0,3.822,2.597
K07963.01,FALSE POSITIVE,0,14.3400358,5.7,1706.0,0.68,248.0,0.89,0.006,8.0,3358.0,5.149,0.174
K07964.01,FALSE POSITIVE,0,0.505079006,1.36737,28077.9,86.41,2997.0,19181.12,1.184,665.5,5398.0,3.822,1.843
K07965.01,FALSE POSITIVE,0,7.19680984,1.683,50.5,1.2,1275.0,625.53,0.27,10.0,6325.0,4.112,1.676
K00581.02,CONFIRMED,2,151.863949,8.577,747.0,2.41,318.0,2.43,0.016,22.5,5713.0,4.541,0.893
K07966.01,FALSE POSITIVE,0,1.33257715,5.158,27.1,0.44,1553.0,1378.01,0.326,15.5,5852.0,4.559,0.837
K07967.01,FALSE POSITIVE,0,1.33254428,3.122,162.2,0.93,1427.0,981.02,0.021,18.1,5460.0,4.543,0.734
K07968.01,FALSE POSITIVE,0,424.623345,9.666,5132.1,8.13,265.0,1.17,0.819,60.2,6339.0,4.454,1.017
K08067.01,FALSE POSITIVE,0,1.901655058,4.6545,87321.0,89.89,2192.0,5467.3,1.032,190.6,6929.0,4.102,1.704
K00587.01,CONFIRMED,2,14.03490255,3.638,851.8,2.41,641.0,39.97,0.66,60.9,5258.0,4.513,0.785
K08068.01,CANDIDATE,1,9.4640413,6.999,209.9,1.28,839.0,117.23,0.048,9.4,5968.0,4.534,0.881
K08069.01,FALSE POSITIVE,0,38.35312,2.9,3090.0,5.57,557.0,22.73,0.017,8.6,5979.0,4.449,1.004
K08070.01,FALSE POSITIVE,0,114.661733,2.784,281.8,1.38,316.0,2.37,0.863,7.3,5412.0,4.562,0.712
K08071.01,FALSE POSITIVE,0,313.19875,8.603,721.0,1.95,216.0,0.51,0.36,9.6,5254.0,4.618,0.73
K08072.01,FALSE POSITIVE,0,134.370692,8.73,432.6,1.95,351.0,3.58,0.174,8.1,5910.0,4.505,0.94
K00596.01,CONFIRMED,2,1.682695938,1.3867,703.8,1.23,750.0,74.7,0.025,75.4,3669.0,4.787,0.47
K08166.01,FALSE POSITIVE,0,346.31688,21.92,1435.0,5.21,278.0,1.42,0.954,17.0,6060.0,4.408,1.068
K08166.02,FALSE POSITIVE,0,365.61087,16.102,1116.0,4.42,273.0,1.32,0.935,12.3,6060.0,4.408,1.068
K08167.01,FALSE POSITIVE,0,259.85736,24.04,307.7,1.33,237.0,0.74,0.512,14.2,5374.0,4.61,0.744
K08168.01,FALSE POSITIVE,0,5.29731736,3.341,167.5,1.13,989.0,226.1,0.192,8.7,5815.0,4.54,0.877
K08169.01,FALSE POSITIVE,0,447.97028,10.857,512.7,2.0,230.0,0.67,0.021,9.2,5911.0,4.53,0.887
K08170.01,FALSE POSITIVE,0,374.80095,10.691,144.4,1.53,286.0,1.59,0.539,11.4,5804.0,4.214,1.234
K00601.03,CONFIRMED,2,1.208462378,1.544,227.3,1.64,1767.0,2307.65,0.831,17.4,6122.0,4.487,0.964
K08264.01,FALSE POSITIVE,0,30.6261927,1.107,162.6,1.55,655.0,43.61,0.386,6.6,5860.0,4.244,1.197
K08265.01,FALSE POSITIVE,0,364.42189,38.14,2498.0,36.37,264.0,1.14,1.276,28.5,6047.0,4.47,1.002
K08266.01,FALSE POSITIVE,0,440.584562,10.534,65.9,1.67,505.0,15.38,0.062,16.1,9935.0,4.205,1.996
K08267.01,FALSE POSITIVE,0,269.331027,4.891,515.7,2.54,304.0,2.02,0.679,7.9,6129.0,4.419,1.055
K08268.01,FALSE POSITIVE,0,368.5224,36.29,1330.2,26.7,260.0,1.09,1.22,22.7,6063.0,4.473,0.941
K08269.01,FALSE POSITIVE,0,371.4589776,10.0734,456.6,2.22,283.0,1.51,0.037,10.8,6388.0,4.427,1.033
K06603.01,FALSE POSITIVE,0,4.132521615,12.4949,156249.0,93.1,1628.0,1660.29,0.877,440.0,6567.0,4.045,1.636
K06606.01,FALSE POSITIVE,0,0.938905082,5.00453,358893.0,205.64,4281.0,79148.54,0.54,2584.7,8615.0,3.784,3.003
K06607.01,FALSE POSITIVE,0,0.93891532,2.134,39.1,1.13,2667.0,11944.88,0.069,8.2,6534.0,4.074,1.797
K06608.01,FALSE POSITIVE,0,16.294213708,6.01687,174006.0,68.05,929.0,176.22,0.612,7486.2,6237.0,4.145,1.508
K06609.01,FALSE POSITIVE,0,11.02520205,12.8097,429759.0,164.02,1294.0,663.18,0.439,2585.5,6047.0,3.724,2.3
K06611.01,FALSE POSITIVE,0,1.21607873,4.686,29.4,1.92,2803.0,14545.24,0.991,11.2,6234.0,3.741,2.5
K00510.03,CONFIRMED,2,14.62709685,4.097,396.4,2.7,736.0,69.31,0.945,22.7,5527.0,4.376,1.054
K06719.01,FALSE POSITIVE,0,1.75251585,3.489,125.9,1.02,1447.0,1035.27,0.738,14.2,5952.0,4.554,0.844
K06720.01,FALSE POSITIVE,0,1.752450163,3.0255,55.5,0.79,1552.0,1372.36,0.728,3.4,5779.0,4.364,0.99
K06721.01,FALSE POSITIVE,0,8.27923132,2.355,164.9,1.08,815.0,104.49,0.187,10.9,5631.0,4.557,0.847
K06722.01,FALSE POSITIVE,0,2.212877035,4.66961,376200.0,69.18,1507.0,1221.98,0.518,2731.0,6153.0,4.405,1.0
K06723.01,FALSE POSITIVE,0,0.845097627,1.873,86.5,0.78,1584.0,1496.92,0.717,10.7,5252.0,4.593,0.783
K06724.01,FALSE POSITIVE,0,17.445640466,6.08966,334158.0,63.46,682.0,51.15,0.588,4093.9,5759.0,4.481,0.945
K06838.01,FALSE POSITIVE,0,1.386249249,2.99104,47187.6,78.6,2137.0,4939.8,1.135,560.0,6226.0,4.135,1.594
K06840.01,FALSE POSITIVE,0,0.566799833,5.543,198.0,1.27,1900.0,3084.6,0.851,54.0,5488.0,4.584,0.789
K06841.01,FALSE POSITIVE,0,0.566795728,2.79,18.9,0.64,2755.0,13656.59,0.653,12.4,6130.0,4.151,1.393
K06842.01,FALSE POSITIVE,0,14.665759784,3.65814,336981.0,67.17,712.0,60.89,0.576,1143.6,5385.0,4.369,1.002
K06843.01,FALSE POSITIVE,0,0.566780836,4.937,60.9,0.75,2204.0,5608.62,0.005,18.7,5949.0,4.493,0.962
K06844.01,FALSE POSITIVE,0,0.566791802,2.2,49.3,0.66,2040.0,4113.39,0.679,15.6,5691.0,4.544,0.887
K06845.01,FALSE POSITIVE,0,2.245738777,8.61629,483487.0,99.05,1737.0,2156.25,0.397,2121.8,6508.0,4.287,1.312
K06956.01,FALSE POSITIVE,0,20.2594232,19.27,82.6,1.23,837.0,116.05,0.707,23.7,6602.0,4.301,1.269
K06957.01,CANDIDATE,1,1.48062814,2.898,62.5,0.76,1653.0,1770.63,0.479,10.3,6187.0,4.499,0.937
K00521.02,CANDIDATE,1,10.8206034,2.848,116.7,1.19,885.0,145.06,0.592,7.3,6032.0,4.387,1.06
K06958.01,FALSE POSITIVE,0,1.489442254,5.51392,417901.0,115.45,2328.0,6938.66,0.455,2309.2,6962.0,4.148,1.62
K06959.01,FALSE POSITIVE,0,2.897829967,3.17788,163091.0,54.35,1454.0,1054.79,0.756,1305.8,6318.0,4.366,1.077
K06960.01,CANDIDATE,1,4.88698386,1.127,125.4,1.2,1133.0,389.31,0.661,10.1,6152.0,4.464,1.009
K06961.01,FALSE POSITIVE,0,0.706428634,1.75182,372128.0,47.64,1416.0,951.77,0.393,1066.7,4429.0,4.569,0.736
K07068.01,FALSE POSITIVE,0,48.79936881,8.80873,324547.0,67.36,525.0,17.9,0.622,1151.6,6170.0,4.472,0.992
K07069.01,CANDIDATE,1,1.01485981,1.65,243.0,1.61,1928.0,3274.72,0.185,8.4,6158.0,4.453,1.024
K07070.01,FALSE POSITIVE,0,5.882036054,5.16326,238518.0,119.09,1114.0,363.01,1.183,2168.4,5837.0,4.282,1.187
K07071.01,FALSE POSITIVE,0,4.059428737,5.26926,245217.0,67.38,1455.0,1059.83,0.216,5461.0,6610.0,4.281,1.33
K07072.01,CANDIDATE,1,15.3902613,3.431,76.8,4.39,1459.0,1069.24,0.231,9.4,5649.0,3.282,4.994
K07073.01,CANDIDATE,1,279.036565,31.92,395.2,30.25,323.0,2.58,1.198,31.7,6072.0,4.285,1.273
K07075.01,FALSE POSITIVE,0,19.35954117,12.8464,386979.0,101.44,942.0,186.12,0.328,3590.2,6198.0,3.96,1.567
K07176.01,FALSE POSITIVE,0,5.748815953,1.9216,11657.0,26.94,799.0,96.29,1.172,43.3,4961.0,4.545,0.753
K07177.01,FALSE POSITIVE,0,13.691790011,5.64674,97563.5,49.2,994.0,230.66,0.269,8326.3,6295.0,4.158,1.554
K07178.01,FALSE POSITIVE,0,21.570508432,13.8604,134176.0,63.68,923.0,171.91,0.388,8616.1,6322.0,4.003,1.692
K07181.01,FALSE POSITIVE,0,14.199840087,5.98531,214604.0,85.76,907.0,159.99,0.772,1408.6,5864.0,4.139,1.414
K00536.01,CONFIRMED,2,81.1701587,8.358,1183.2,4.71,436.0,8.55,0.875,51.0,5460.0,4.263,1.165
K07182.01,CANDIDATE,1,6.853888,2.561,653.8,1.74,613.0,33.32,0.469,8.2,4199.0,4.609,0.684
K07183.01,FALSE POSITIVE,0,2.136834989,4.34882,346183.0,66.59,1415.0,948.25,0.559,644.7,5753.0,4.42,0.989
K07293.01,FALSE POSITIVE,0,1.013922622,1.6393,34957.0,31.98,1392.0,883.9,1.178,79.8,5110.0,4.618,0.647
K07294.01,FALSE POSITIVE,0,17.918743061,4.36387,118355.0,56.94,942.0,186.0,0.252,4696.8,5870.0,3.903,1.63
K07295.01,FALSE POSITIVE,0,2.287515702,10.0879,358575.0,86.76,1801.0,2484.21,0.346,3017.9,6773.0,4.306,1.391
K07296.01,FALSE POSITIVE,0,659.2907,22.106,338.1,4.66,322.0,2.53,0.982,27.0,6917.0,4.05,1.837
K07297.01,FALSE POSITIVE,0,24.847087207,7.28274,317670.0,52.38,569.0,24.75,0.52,6707.7,5644.0,4.55,0.854
K07299.01,FALSE POSITIVE,0,20.867855659,5.73122,82601.4,53.53,716.0,62.09,1.045,2768.6,6095.0,4.378,1.016
K00545.01,FALSE POSITIVE,0,1.09173174,1.9719,186.9,1.07,1488.0,1153.1,0.334,32.2,5354.0,4.587,0.788
K07402.01,FALSE POSITIVE,0,0.678137665,1.00718,885.0,30.37,2274.0,6364.7,1.263,172.7,6429.0,4.449,0.942
K07403.01,FALSE POSITIVE,0,2.069415479,5.71941,16188.3,55.45,1768.0,2310.53,1.241,1148.3,6640.0,4.343,1.25
K07404.01,CANDIDATE,1,1.817079849,0.889,204.6,1.39,1454.0,1056.39,0.276,10.8,5808.0,4.503,0.963
K07405.01,FALSE POSITIVE,0,8.04963472,6.00488,279647.0,95.98,1247.0,571.1,0.671,5246.5,6698.0,4.171,1.485
K07406.01,FALSE POSITIVE,0,11.578946873,4.6373,299739.0,58.32,869.0,134.91,0.441,2456.3,6028.0,4.355,1.014
K07407.01,FALSE POSITIVE,0,1.47258471,4.76885,224011.0,123.25,2705.0,12617.53,0.75,741.5,7360.0,4.008,2.024
K07508.01,FALSE POSITIVE,0,4.627775175,3.4079,5675.1,32.62,1039.0,275.68,1.248,197.5,5845.0,4.541,0.874
K07510.01,CANDIDATE,1,5.60682001,2.714,150.7,1.04,942.0,186.43,0.156,9.9,5699.0,4.553,0.853
K07511.01,FALSE POSITIVE,0,6.096030635,18.4531,901661.0,406.97,1925.0,3246.2,0.642,4885.3,7598.0,3.867,2.692
K07512.01,FALSE POSITIVE,0,31.953038766,8.0461,17703.4,47.96,864.0,131.55,0.907,1364.9,5524.0,3.693,2.734
K07514.01,FALSE POSITIVE,0,0.577844035,4.291,320.4,18.93,1980.0,3647.63,1.194,94.0,5693.0,4.57,0.816
K00558.01,CONFIRMED,2,9.17858526,2.1945,796.5,2.3,753.0,76.14,0.582,50.6,5506.0,4.584,0.788
K07515.01,FALSE POSITIVE,0,2.630090609,13.6817,516932.0,83.5,1551.0,1371.02,0.285,1694.6,6315.0,4.292,1.108
K07654.01,FALSE POSITIVE,0,1.6911935,9.479,2801.0,6.36,1528.0,1292.5,0.903,26.7,5780.0,4.438,1.0
K07655.01,FALSE POSITIVE,0,2.9761504,6.079,259.5,1.02,811.0,102.54,0.064,8.3,4236.0,4.612,0.664
K07656.01,FALSE POSITIVE,0,0.776950288,1.288,396.0,1.72,1882.0,2974.07,0.047,25.8,5861.0,4.546,0.865
K07657.01,FALSE POSITIVE,0,62.060783,28.203,472.9,2.11,400.0,6.07,0.928,19.9,5526.0,4.578,0.784
K07658.01,FALSE POSITIVE,0,3.47148164,4.679,122.7,0.85,970.0,209.73,0.719,9.5,5297.0,4.626,0.716
K07659.01,FALSE POSITIVE,0,358.96247,23.49,670.8,2.37,242.0,0.81,0.424,12.1,5743.0,4.527,0.904
K00566.03,CANDIDATE,1,42.068554,5.723,186.3,1.32,541.0,20.28,0.022,9.8,6122.0,4.487,0.964
K07759.01,CANDIDATE,1,6.2253374,4.388,108.6,1.92,1378.0,851.73,0.692,11.8,6263.0,4.024,1.726
K07761.01,FALSE POSITIVE,0,495.71095,4.514,443.1,4.41,330.0,2.8,0.718,8.5,6054.0,3.911,1.953
K07762.01,CANDIDATE,1,8.5073512,2.266,209.5,1.38,891.0,148.86,0.223,8.9,5914.0,4.483,0.955
K07763.01,FALSE POSITIVE,0,406.45737,9.554,284.2,1.96,278.0,1.42,0.428,12.7,6217.0,4.364,1.141
K07764.01,CANDIDATE,1,227.83457,21.59,155.3,2.83,449.0,9.59,0.56,13.1,6004.0,3.814,2.193
K07766.01,FALSE POSITIVE,0,3.06026014,2.545,59.9,0.83,1284.0,642.06,0.675,10.1,5878.0,4.426,1.01
K07768.01,FALSE POSITIVE,0,0.789171236,1.734,73.4,0.69,1527.0,1291.41,0.417,9.0,4776.0,4.516,0.811
K07865.01,CANDIDATE,1,0.518060209,1.8062,2258.4,61.49,2921.0,17224.79,1.262,140.6,5405.0,3.853,1.772
K07866.01,FALSE POSITIVE,0,0.518071538,1.7865,2195.5,42.1,2536.0,9823.05,1.264,152.1,5876.0,4.273,1.209
K07867.01,FALSE POSITIVE,0,0.575925434,2.4676,137404.0,38.24,1834.0,2666.7,0.905,354.4,5461.0,4.586,0.683
K07868.01,FALSE POSITIVE,0,513.42784,6.278,523.2,14.87,424.0,7.67,0.714,11.5,4833.0,3.13,6.065
K07869.01,FALSE POSITIVE,0,11.4132144,2.371,76.4,1.03,925.0,172.97,0.439,10.4,6188.0,4.33,1.155
K07870.01,CANDIDATE,1,92.552007,2.135,282.6,2.1,440.0,8.87,0.513,7.3,5808.0,4.306,1.22
K07871.01,FALSE POSITIVE,0,1.247121237,9.363,966.7,18.39,1237.0,552.82,1.223,92.1,4852.0,4.613,0.651
K07969.01,FALSE POSITIVE,0,1.456383399,11.838,212.2,52.87,2721.0,12950.97,1.169,94.0,6184.0,3.665,2.646
K07970.01,CANDIDATE,1,1.98514635,1.625,233.4,1.28,1299.0,675.28,0.126,11.0,5581.0,4.559,0.845
K07971.01,FALSE POSITIVE,0,1.33259003,3.962,11.9,0.69,2909.0,16962.04,0.454,7.4,8133.0,4.146,1.935
K07972.01,FALSE POSITIVE,0,1.33254024,3.16,35.8,0.59,1658.0,1777.13,0.815,12.1,6071.0,4.511,0.887
K07973.01,FALSE POSITIVE,0,1.33199285,4.33,449.2,2.47,938.0,183.39,0.583,27.5,5761.0,4.438,0.997
K07974.01,FALSE POSITIVE,0,1.33255492,3.63,66.6,0.92,1850.0,2765.99,0.462,10.1,6310.0,4.417,1.095
K07975.01,FALSE POSITIVE,0,1.33259095,4.947,105.5,1.14,1776.0,2349.35,0.711,13.6,6184.0,4.448,1.038
K08073.01,FALSE POSITIVE,0,2.52123022,4.739,145.9,9.68,726.0,65.58,1.158,8.9,3932.0,4.745,0.52
K08074.01,FALSE POSITIVE,0,47.4314857,4.511,172.8,8.83,1029.0,265.1,0.014,10.3,5166.0,3.12,6.891
K08075.01,FALSE POSITIVE,0,6.0962602,10.4,30.4,0.62,1048.0,284.96,0.787,10.0,6108.0,4.466,1.03
K08076.01,CANDIDATE,1,71.10684,6.933,128.4,1.42,523.0,17.68,0.466,10.5,6339.0,4.315,1.224
K08077.01,CANDIDATE,1,77.177672,2.312,318.6,1.29,327.0,2.7,0.026,8.0,4840.0,4.551,0.749
K00588.01,CONFIRMED,2,10.35586478,2.8431,660.9,1.92,620.0,34.93,0.178,49.5,4646.0,4.539,0.778
K08078.01,CANDIDATE,1,0.805941833,1.4432,3180.4,29.85,1498.0,1189.65,1.339,55.4,5022.0,4.597,0.672
K08171.01,FALSE POSITIVE,0,472.6038,12.15,672.0,2.28,218.0,0.54,0.476,7.7,5764.0,4.548,0.863
K08172.01,FALSE POSITIVE,0,371.51852,30.94,263.0,2.28,284.0,1.53,0.962,17.0,6227.0,4.377,1.089
K08173.01,FALSE POSITIVE,0,323.66542,20.37,1178.0,1.58,133.0,0.07,0.031,9.1,3737.0,4.779,0.466
K08174.01,CANDIDATE,1,295.06066,16.18,72.2,0.64,233.0,0.7,0.052,10.4,5332.0,4.524,0.762
K00597.01,CONFIRMED,2,17.30795548,5.1126,633.0,3.56,815.0,104.37,0.0,46.4,5565.0,4.117,1.439
K08175.01,FALSE POSITIVE,0,367.01607,15.48,738.6,2.46,245.0,0.85,0.633,11.2,5931.0,4.545,0.863
K08176.01,FALSE POSITIVE,0,568.08251,13.608,508.3,2.14,205.0,0.42,0.4,18.1,5359.0,4.403,0.95
K08270.01,CANDIDATE,1,338.00692,16.745,544.3,2.09,249.0,0.91,0.184,15.3,5741.0,4.502,0.898
K08271.01,FALSE POSITIVE,0,34.9989085,1.764,427.1,1.65,376.0,4.74,0.896,7.5,4559.0,4.653,0.648
K08272.01,CANDIDATE,1,432.42787,19.63,110.3,1.14,259.0,1.07,0.716,6.0,6263.0,4.46,1.009
K08273.01,FALSE POSITIVE,0,386.78734,15.51,743.7,2.34,224.0,0.6,0.479,10.3,5425.0,4.484,0.847
K00602.01,CONFIRMED,2,12.91385906,5.3685,487.9,2.49,849.0,122.66,0.845,40.5,6253.0,4.41,0.997
K08274.01,FALSE POSITIVE,0,449.557346,17.227,1193.1,55.33,721.0,64.05,0.69,28.4,5323.0,2.51,15.075
K08275.01,CANDIDATE,1,389.875816,3.336,2134.0,3.76,207.0,0.44,0.576,8.9,5289.0,4.588,0.79
K06612.01,FALSE POSITIVE,0,38.49536985,12.8716,93327.0,124.34,824.0,109.13,1.013,201.9,6050.0,3.823,2.345
K06612.02,FALSE POSITIVE,0,2.404483552,0.2961,0.8,0.48,2078.0,4402.44,1.0,0.0,6050.0,3.823,2.345
K06613.01,FALSE POSITIVE,0,4.18224416,6.209,57.2,1.07,1206.0,500.7,0.99,13.8,6057.0,4.392,0.999
K06614.01,FALSE POSITIVE,0,0.643002821,1.02608,2671.5,36.82,2188.0,5409.39,1.261,295.6,5681.0,4.315,1.036
K00506.01,CANDIDATE,1,1.583160478,1.1935,732.6,3.27,1619.0,1625.93,0.897,97.7,6063.0,4.476,1.012
K06616.01,FALSE POSITIVE,0,53.220416998,17.7344,72895.3,55.22,655.0,43.63,0.248,4563.5,5653.0,3.905,2.057
K06617.01,CANDIDATE,1,8.0018897,3.425,102.7,0.9,864.0,131.75,0.442,9.8,5830.0,4.54,0.876
K06725.01,FALSE POSITIVE,0,14.313157391,8.90236,21566.9,34.98,1144.0,404.48,0.004,4262.9,5750.0,3.703,2.379
K06726.01,FALSE POSITIVE,0,0.676990194,1.69459,20505.9,37.5,1919.0,3192.15,1.223,997.0,5813.0,4.568,0.816
K06728.01,FALSE POSITIVE,0,1.195516859,6.17216,513813.0,75.54,1715.0,2045.19,0.327,1153.4,5780.0,4.438,1.0
K06729.01,FALSE POSITIVE,0,1.995728294,6.43532,251876.0,45.2,1409.0,928.82,0.465,1496.5,5807.0,4.455,0.861
K00510.04,CONFIRMED,2,35.1184432,4.59,542.4,3.26,550.0,21.57,0.958,20.4,5527.0,4.376,1.054
K06730.01,FALSE POSITIVE,0,10.768391927,12.5252,107382.0,52.8,970.0,209.25,0.001,2085.7,5226.0,3.97,1.643
K06731.01,CANDIDATE,1,3.84615171,2.24,137.1,1.14,1199.0,487.47,0.153,9.3,6106.0,4.487,0.966
K06846.01,FALSE POSITIVE,0,2.24572117,3.88,48.2,0.74,1479.0,1131.64,0.596,13.6,6158.0,4.455,1.026
K06847.01,FALSE POSITIVE,0,0.566801906,1.626,89.7,0.55,1344.0,774.11,0.155,27.0,4208.0,4.662,0.583
K00518.02,CONFIRMED,2,44.0003975,5.1115,599.6,1.56,377.0,4.79,0.032,43.3,4859.0,4.615,0.651
K06848.01,FALSE POSITIVE,0,2.316171991,4.03025,251484.0,49.53,1288.0,651.03,0.7,2338.3,5932.0,4.58,0.795
K06849.01,CANDIDATE,1,12.54474243,1.24,263.1,1.88,840.0,117.9,0.185,10.8,5767.0,4.316,1.159
K06850.01,FALSE POSITIVE,0,0.56680208,1.22,449.2,2.47,938.0,183.39,0.583,27.5,5761.0,4.438,0.997
K06851.01,FALSE POSITIVE,0,0.566810701,6.19,200.0,1.49,1921.0,3220.92,0.982,45.9,5593.0,4.584,0.752
K06962.01,FALSE POSITIVE,0,10.8632531,37.68,188.2,19.93,802.0,98.04,1.187,25.4,5896.0,4.516,0.914
K06963.01,FALSE POSITIVE,0,1.46842648,6.6666,150998.0,40.3,1559.0,1402.93,0.633,622.8,5539.0,4.381,0.959
K06964.01,FALSE POSITIVE,0,4.305917719,5.61993,361389.0,71.49,1266.0,607.76,0.549,6104.8,6502.0,4.44,1.037
K06965.01,FALSE POSITIVE,0,1.28659726,3.53,449.2,2.47,938.0,183.39,0.583,27.5,5761.0,4.438,0.997
K06966.01,CANDIDATE,1,8.47484677,2.067,217.8,1.35,780.0,87.55,0.872,9.7,5564.0,4.587,0.785
K06967.01,FALSE POSITIVE,0,2.535389624,2.902,418.1,16.24,1113.0,362.73,1.189,27.3,5488.0,4.629,0.706
K00522.01,CANDIDATE,1,12.82993461,2.942,1417.4,3.31,734.0,68.41,0.594,79.6,5862.0,4.555,0.844
K07076.01,CANDIDATE,1,16.2347636,4.2,115.5,1.28,852.0,124.25,0.046,10.7,6478.0,4.371,1.188
K07077.01,FALSE POSITIVE,0,43.797829003,7.70289,415020.0,93.43,668.0,47.15,0.489,1375.1,6860.0,4.326,1.292
K07078.01,FALSE POSITIVE,0,4.254417651,6.55436,294547.0,133.79,1360.0,806.64,1.165,2074.5,6292.0,4.256,1.235
K00529.01,FALSE POSITIVE,0,2.023123903,1.1829,1288.9,2.87,1266.0,608.26,0.026,76.0,5559.0,4.578,0.803
K07079.01,FALSE POSITIVE,0,18.778162159,8.1018,488408.0,127.57,1002.0,238.5,0.357,3788.7,6794.0,4.102,1.71
K07081.01,FALSE POSITIVE,0,1.575710265,6.83787,173954.0,246.75,2630.0,11307.3,0.83,1975.1,5017.0,3.35,4.293
K07184.01,FALSE POSITIVE,0,2.51690133,2.521,59.6,0.97,1430.0,986.6,0.093,10.0,5403.0,4.201,1.284
K07185.01,FALSE POSITIVE,0,37.482223878,4.81451,28976.8,114.14,902.0,156.47,1.2,1262.3,6422.0,3.78,2.415
K07186.01,FALSE POSITIVE,0,3.71186243,1.032,53.9,0.95,1406.0,922.9,0.469,7.0,6302.0,4.299,1.258
K07187.01,FALSE POSITIVE,0,1.077358008,3.6713,311051.0,70.64,1925.0,3242.53,0.619,537.4,6100.0,4.397,1.064
K07188.01,FALSE POSITIVE,0,3.55643514,8.529,45.8,0.75,1297.0,669.38,0.146,13.4,5831.0,4.289,1.109
K07189.01,FALSE POSITIVE,0,0.5366497,2.887,105.4,0.92,2142.0,4982.76,0.042,10.6,5822.0,4.529,0.898
K07190.01,FALSE POSITIVE,0,1.12284501,0.95,449.2,2.47,938.0,183.39,0.583,27.5,5761.0,4.438,0.997
K07300.01,FALSE POSITIVE,0,0.517573708,2.23102,87205.0,37.02,1863.0,2827.01,1.021,740.2,5427.0,4.633,0.7
K07301.01,CANDIDATE,1,20.9525604,3.986,232.9,1.19,495.0,14.2,0.74,9.8,4885.0,4.61,0.72
K07302.01,FALSE POSITIVE,0,24.70932686,5.0698,29265.0,25.1,662.0,45.33,0.928,284.7,6065.0,4.427,1.023
K07303.01,FALSE POSITIVE,0,13.68369259,4.22504,185514.0,30.6,635.0,38.37,0.089,3641.6,5359.0,4.566,0.708
K07304.01,FALSE POSITIVE,0,9.726748645,19.4093,393412.0,277.38,997.0,233.38,1.883,4414.3,5618.0,4.107,1.406
K07307.01,FALSE POSITIVE,0,1.35337091,2.2396,104562.0,26.69,1444.0,1031.53,0.579,303.0,5426.0,4.511,0.784
K07308.01,FALSE POSITIVE,0,1.854491777,5.14771,383431.0,63.08,1511.0,1232.64,0.285,1070.6,5843.0,4.413,0.99
K07408.01,CANDIDATE,1,5.15998178,3.356,412.4,19.07,574.0,25.63,1.306,9.9,3900.0,4.727,0.534
K07409.01,FALSE POSITIVE,0,4.446459958,2.558,5663.8,36.15,1030.0,265.42,1.277,178.3,5615.0,4.504,0.893
K07410.01,CANDIDATE,1,1.260575815,2.36064,154278.0,29.91,1410.0,935.7,0.58,781.2,5388.0,4.576,0.715
K00551.01,CONFIRMED,2,11.6370303,3.3372,604.3,2.9,857.0,127.46,0.066,36.4,5576.0,4.257,1.198
K07411.01,CANDIDATE,1,1.88912273,4.219,60.2,0.59,1248.0,573.44,0.477,15.5,5413.0,4.578,0.754
K07412.01,FALSE POSITIVE,0,0.609125246,0.655,139.2,0.96,1896.0,3049.07,0.242,10.9,5595.0,4.581,0.796
K07516.01,FALSE POSITIVE,0,43.204596783,15.0402,202488.0,43.15,519.0,17.15,0.399,4750.2,6003.0,4.507,0.932
K07517.01,FALSE POSITIVE,0,14.844240386,6.83577,83412.4,28.97,810.0,101.98,0.275,4542.8,6161.0,4.367,0.988
K07518.01,FALSE POSITIVE,0,4.42158021,10.4532,61032.0,188.89,2565.0,10243.23,1.146,370.6,8026.0,3.65,3.461
K07519.01,FALSE POSITIVE,0,25.321698729,4.45367,119590.0,56.62,655.0,43.39,0.954,673.3,6109.0,4.455,1.029
K07520.01,CANDIDATE,1,3.14735789,3.643,51.8,3.45,2209.0,5635.4,0.03,9.3,5189.0,3.352,4.93
K07521.01,FALSE POSITIVE,0,37.878483588,10.5972,222232.0,46.42,503.0,15.19,0.763,1157.6,5985.0,4.603,0.758
K07521.02,FALSE POSITIVE,0,7.334073405,2.7308,326.9,1.42,870.0,135.81,0.559,2.6,5985.0,4.603,0.758
K07660.01,FALSE POSITIVE,0,358.96844,21.71,807.8,2.7,263.0,1.13,0.151,13.3,6117.0,4.496,0.947
K07661.01,FALSE POSITIVE,0,0.673684895,1.161,51.1,0.7,2001.0,3803.56,0.547,7.0,5645.0,4.453,0.951
K07662.01,CANDIDATE,1,4.72519164,3.751,98.8,3.98,2250.0,6060.79,0.6,10.0,6655.0,3.49,3.831
K07663.01,FALSE POSITIVE,0,2.31894284,5.321,66.5,0.87,1375.0,844.12,0.72,13.6,5780.0,4.438,1.0
K07664.01,FALSE POSITIVE,0,1.540398683,1.5676,73.0,12.65,4689.0,114263.25,0.47,4.8,4971.0,2.373,14.678
K07665.01,FALSE POSITIVE,0,319.30633,6.74,155.2,1.26,279.0,1.44,0.092,7.2,6095.0,4.459,1.014
K07666.01,FALSE POSITIVE,0,0.570953851,0.998,76.1,1.01,2464.0,8688.17,0.059,8.9,6238.0,4.396,1.145
K00571.02,CONFIRMED,2,13.3430025,2.7399,799.7,1.29,379.0,4.87,0.517,47.1,3751.0,4.8,0.443
K07769.01,FALSE POSITIVE,0,3.652810043,1.5132,119.4,0.89,1015.0,250.33,0.086,6.0,5213.0,4.489,0.831
K07770.01,FALSE POSITIVE,0,3.54828691,3.281,70.9,1.69,1795.0,2458.09,0.036,9.9,6573.0,4.01,1.987
K07771.01,FALSE POSITIVE,0,0.805267592,0.887,146.6,1.35,2165.0,5216.79,0.082,9.8,6268.0,4.429,1.1
K07772.01,FALSE POSITIVE,0,3.7228679,9.557,52.1,0.74,1182.0,461.27,0.8,9.8,6046.0,4.509,0.927
K07773.01,CANDIDATE,1,2.69339974,1.936,147.5,1.04,1151.0,415.96,0.279,8.7,5355.0,4.511,0.863
K07774.01,CANDIDATE,1,6.32589574,1.383,192.5,1.14,901.0,156.27,0.181,8.8,5749.0,4.568,0.818
K00575.01,CONFIRMED,2,24.31574009,4.1344,643.3,2.8,683.0,51.53,0.653,42.5,6242.0,4.442,1.047
K07872.01,FALSE POSITIVE,0,153.725848,117.52,5257.7,259.36,734.0,68.48,1.255,302.3,4794.0,2.781,6.816
K07873.01,CANDIDATE,1,1.93188768,1.087,37.8,0.57,1427.0,977.65,0.256,8.8,5896.0,4.516,0.914
K07874.01,FALSE POSITIVE,0,0.562273947,3.1572,67.0,0.73,2083.0,4412.19,0.662,52.4,5632.0,4.45,0.847
K07875.01,CANDIDATE,1,21.9711574,5.012,178.1,1.32,649.0,41.86,0.119,7.8,5763.0,4.436,0.997
K07876.01,FALSE POSITIVE,0,0.579108481,1.659,68.4,0.42,1377.0,849.52,0.424,9.3,4604.0,4.749,0.501
K07877.01,FALSE POSITIVE,0,6.70995253,2.297,86.0,1.1,1120.0,372.31,0.616,9.8,6461.0,4.396,1.131
K00582.01,CONFIRMED,2,5.945043548,2.7004,800.2,2.69,857.0,127.64,0.763,67.6,5105.0,4.469,0.868
K07976.01,CANDIDATE,1,5.82561701,3.246,142.8,1.21,1037.0,273.08,0.635,9.2,5999.0,4.459,0.967
K07977.01,FALSE POSITIVE,0,0.9439372,7.27446,279437.0,88.91,2273.0,6347.81,0.681,6351.7,5959.0,4.126,1.365
K07978.01,CANDIDATE,1,7.2681817,4.985,46.7,1.66,1444.0,1027.95,0.78,9.7,6297.0,3.89,2.219
K07979.01,FALSE POSITIVE,0,1.075158342,1.295,30.2,20.09,6988.0,565413.02,0.157,8.0,4067.0,1.541,38.446
K07980.01,FALSE POSITIVE,0,1.33255801,4.74,48.7,0.62,1443.0,1025.1,0.397,8.7,5161.0,4.452,0.892
K07981.01,FALSE POSITIVE,0,1.33250451,4.143,27.4,0.62,1993.0,3726.12,0.295,11.6,6600.0,4.364,1.157
K08079.01,FALSE POSITIVE,0,0.608074963,0.879,117.5,1.15,2362.0,7350.47,0.11,10.8,6309.0,4.441,1.044
K08080.01,FALSE POSITIVE,0,0.559643825,0.677,1812.6,27.21,1860.0,2854.44,1.264,130.7,5240.0,4.521,0.774
K08081.01,FALSE POSITIVE,0,0.502446098,1.803,11.4,0.43,2705.0,12572.01,0.636,10.1,6306.0,4.311,1.197
K08082.01,CANDIDATE,1,8.2766028,4.834,73.1,2.48,1623.0,1639.28,0.638,10.0,6787.0,3.762,2.753
K08083.01,FALSE POSITIVE,0,234.524445,3.9,876.0,2.33,226.0,0.62,0.741,6.8,4987.0,4.613,0.727
K08084.01,FALSE POSITIVE,0,317.74527,17.54,206.6,2.1,336.0,3.03,0.787,13.6,6050.0,4.08,1.333
K08085.01,CANDIDATE,1,419.2615,21.53,287.8,1.7,256.0,1.02,0.5,10.1,5979.0,4.379,0.975
K08177.01,FALSE POSITIVE,0,3.0447752,7.35,74.9,0.68,1061.0,299.07,0.383,8.6,5390.0,4.591,0.78
K08178.01,FALSE POSITIVE,0,256.45616,35.35,17283.0,9.44,175.0,0.22,0.779,14.4,4070.0,4.628,0.646
K08179.01,FALSE POSITIVE,0,138.62902498,4.93,449.2,2.47,938.0,183.39,0.583,27.5,5761.0,4.438,0.997
K08180.01,CANDIDATE,1,185.97534,8.744,54.5,2.76,688.0,53.05,0.4,2.6,7365.0,3.628,3.638
K08181.01,FALSE POSITIVE,0,388.519605,10.613,151.2,2.3,350.0,3.56,0.478,15.1,6164.0,3.985,1.825
K08182.01,FALSE POSITIVE,0,60.049737,20.17,16650.0,28.92,320.0,2.47,1.217,17.5,4538.0,4.607,0.663
K08183.01,CANDIDATE,1,5.8877038,4.009,39.7,0.6,1026.0,262.67,0.185,9.3,6065.0,4.495,0.947
K08276.01,CANDIDATE,1,385.858683,12.071,548.4,3.23,300.0,1.92,0.877,21.2,6551.0,4.367,1.195
K08277.01,CANDIDATE,1,0.757261281,0.905,36.5,0.58,1908.0,3119.75,0.322,10.2,5651.0,4.479,0.953
K08278.01,FALSE POSITIVE,0,172.280975,12.24,313.8,1.6,301.0,1.95,0.602,10.2,5659.0,4.538,0.869
K08279.01,CANDIDATE,1,367.0896,28.02,2092.3,35.3,281.0,1.48,1.242,27.7,6268.0,4.429,1.1
K08280.01,CANDIDATE,1,66.67305,6.381,472.1,2.64,542.0,20.35,0.415,9.6,6592.0,4.369,1.19
K08281.01,FALSE POSITIVE,0,244.547128,3.59,587.0,1.74,228.0,0.64,0.003,6.4,5094.0,4.612,0.736
K06619.01,CANDIDATE,1,1.330333096,5.045,61867.0,24.3,1634.0,1691.25,0.692,700.5,5984.0,4.521,0.906
K06620.01,FALSE POSITIVE,0,1.140133012,9.251,223.2,126.77,4370.0,86385.22,1.181,63.4,6715.0,3.211,5.97
K06621.01,FALSE POSITIVE,0,7.946367138,2.58667,278086.0,36.01,629.0,36.92,0.636,1228.9,4789.0,4.678,0.573
K06622.01,FALSE POSITIVE,0,16.832079803,7.79748,48374.6,61.35,1243.0,565.17,0.218,5156.6,6300.0,3.646,2.755
K06623.01,FALSE POSITIVE,0,7.346159047,6.5974,121807.0,44.48,835.0,114.57,0.945,2541.2,5616.0,4.574,0.81
K06624.01,FALSE POSITIVE,0,26.2402438,3.024,174.0,1.16,583.0,27.36,0.36,7.9,5649.0,4.45,0.875
K06625.01,FALSE POSITIVE,0,10.738427243,2.3544,1684.2,6.96,1137.0,394.4,0.036,112.8,6180.0,4.007,1.686
K06732.01,FALSE POSITIVE,0,0.733724504,2.208,45.9,0.96,2601.0,10830.96,0.257,21.4,6175.0,4.099,1.405
K06733.01,CANDIDATE,1,1.28940823,3.652,32.1,2.48,3112.0,22119.66,0.628,10.3,5826.0,3.465,4.189
K06735.01,FALSE POSITIVE,0,5.08840787,4.77204,386682.0,55.3,937.0,181.75,0.513,3095.0,5618.0,4.583,0.791
K06736.01,FALSE POSITIVE,0,18.527824075,5.88678,76231.1,64.66,1080.0,322.19,0.171,5547.2,6154.0,3.793,2.321
K06737.01,FALSE POSITIVE,0,10.819169459,5.50262,437142.0,67.76,850.0,123.51,0.275,5258.2,5955.0,4.429,0.991
K06738.01,FALSE POSITIVE,0,2.680514453,3.21178,195748.0,48.86,1431.0,989.89,0.359,665.5,6038.0,4.356,1.076
K06739.01,CANDIDATE,1,19.164111,2.773,215.9,1.11,519.0,17.12,0.805,8.1,5103.0,4.65,0.674
K06852.01,FALSE POSITIVE,0,0.566813319,3.752,129.1,23.19,2313.0,6742.52,1.196,17.0,6108.0,4.466,1.03
K06854.01,FALSE POSITIVE,0,0.566803996,3.399,141.6,0.64,1350.0,786.1,0.123,23.4,4373.0,4.722,0.544
K06856.01,FALSE POSITIVE,0,0.566799927,4.71,145.1,0.77,1649.0,1738.27,0.188,28.9,5092.0,4.671,0.645
K06857.01,FALSE POSITIVE,0,0.566786121,3.404,81.8,0.79,1984.0,3678.65,0.591,14.0,5603.0,4.556,0.846
K06858.01,FALSE POSITIVE,0,0.56679797,4.503,72.6,0.65,1799.0,2467.38,0.176,14.0,5230.0,4.594,0.777
K06859.01,FALSE POSITIVE,0,0.566802891,1.861,49.2,1.29,3111.0,22107.66,0.628,14.4,6487.0,4.08,1.748
K00518.03,CONFIRMED,2,247.354914,8.677,1291.8,2.29,212.0,0.48,0.044,49.0,4859.0,4.615,0.651
K06968.01,FALSE POSITIVE,0,15.44605962,4.5963,330907.0,52.93,701.0,57.04,0.3,2025.2,5838.0,4.529,0.897
K06969.01,CANDIDATE,1,1.790518325,3.34624,61541.9,32.19,1850.0,2761.65,0.643,2493.3,6586.0,4.319,1.219
K06970.01,CANDIDATE,1,40.7698541,2.997,239.8,1.87,585.0,27.73,0.202,8.8,5884.0,4.306,1.21
K06971.01,CANDIDATE,1,129.222771,7.272,445.3,2.01,288.0,1.63,0.867,12.0,4934.0,4.515,0.809
K06974.01,FALSE POSITIVE,0,7.140373046,7.07032,205256.0,61.56,1132.0,388.56,0.309,3250.0,5945.0,4.168,1.333
K06975.01,FALSE POSITIVE,0,53.647084859,19.9499,219095.0,142.04,753.0,75.91,0.432,3272.4,5261.0,3.506,2.943
K07082.01,FALSE POSITIVE,0,2.534740757,4.85013,364349.0,52.52,1230.0,541.27,0.51,675.7,5810.0,4.56,0.781
K07083.01,FALSE POSITIVE,0,37.59406667,8.9943,28617.7,43.08,554.0,22.2,1.197,485.8,5941.0,4.426,0.917
K07084.01,FALSE POSITIVE,0,3.6972959,21.335,19.7,1.07,1571.0,1438.97,0.995,23.6,6313.0,4.12,1.594
K07085.01,FALSE POSITIVE,0,6.855624762,3.02199,70873.0,33.93,987.0,224.32,0.877,1397.7,6109.0,4.476,0.931
K07086.01,FALSE POSITIVE,0,1.12679793,12.079,227.2,21.07,1590.0,1514.63,1.215,21.1,5662.0,4.56,0.84
K07087.01,FALSE POSITIVE,0,0.998217563,3.90851,87567.2,88.64,2795.0,14421.97,1.003,3979.1,6980.0,4.06,1.755
K07088.01,CANDIDATE,1,2.68814059,1.12,145.2,0.92,1135.0,392.64,0.532,9.1,5636.0,4.613,0.734
K07191.01,FALSE POSITIVE,0,1.480324075,3.20209,400007.0,47.81,1313.0,701.93,0.388,1095.9,5260.0,4.56,0.717
K00537.01,CONFIRMED,2,2.820190603,2.554,467.5,2.53,1367.0,824.92,0.614,64.2,5831.0,4.359,1.121
K07192.01,FALSE POSITIVE,0,12.08353781,7.90317,43086.6,50.33,1310.0,696.82,0.749,3799.5,6770.0,3.89,2.214
K07193.01,FALSE POSITIVE,0,2.17814186,1.988,127.7,0.92,1174.0,447.79,0.012,11.2,5101.0,4.506,0.84
K07196.01,FALSE POSITIVE,0,0.609662423,4.24033,140917.0,110.14,3834.0,51214.99,0.799,3250.1,7498.0,3.964,2.274
K07197.01,CANDIDATE,1,1.74145041,1.712,370.6,1.46,1234.0,547.5,0.33,10.9,5238.0,4.598,0.764
K07198.01,CANDIDATE,1,0.953299962,1.69478,2236.6,35.67,2011.0,3850.25,1.267,298.0,6183.0,4.407,1.02
K07309.01,FALSE POSITIVE,0,9.296746368,6.88069,213838.0,400.4,1552.0,1370.16,1.623,4407.8,6461.0,3.67,2.884
K07310.01,FALSE POSITIVE,0,18.060078203,11.5759,58975.4,20.71,618.0,34.4,0.328,1797.6,5330.0,4.464,0.855
K07311.01,FALSE POSITIVE,0,18.74072534,5.19791,125477.0,35.61,717.0,62.46,0.203,2964.7,6122.0,4.471,0.996
K00546.01,CONFIRMED,2,20.68420772,6.4415,858.5,3.28,729.0,66.83,0.488,59.6,6246.0,4.433,1.092
K07312.01,FALSE POSITIVE,0,0.93371313,2.971,66.0,0.69,1642.0,1724.34,0.133,8.9,5436.0,4.548,0.869
K07313.01,FALSE POSITIVE,0,0.93373716,5.015,144.9,1.14,1666.0,1811.1,0.793,16.0,5390.0,4.479,0.852
K07413.01,FALSE POSITIVE,0,1.566528935,3.2593,92511.0,49.66,1551.0,1371.7,1.033,485.0,5883.0,4.471,0.905
K07414.01,FALSE POSITIVE,0,4.52977632,26.752,1582.2,12.22,2264.0,6213.27,0.968,55.2,8912.0,4.05,2.299
K07415.01,FALSE POSITIVE,0,1.291964282,1.8378,28640.0,10.97,1249.0,572.64,0.461,45.8,4995.0,4.624,0.638
K07416.01,CANDIDATE,1,37.4646974,4.954,51.6,0.97,677.0,49.61,0.2,10.3,6266.0,4.209,1.342
K07417.01,FALSE POSITIVE,0,6.840305932,4.32742,124933.0,62.08,945.0,188.58,1.094,2025.7,5970.0,4.521,0.908
K07418.01,FALSE POSITIVE,0,1.032967155,1.17,127.3,21.22,5990.0,304226.71,0.025,8.3,5283.0,2.352,18.959
K07419.01,FALSE POSITIVE,0,2.489550708,2.84685,29838.9,36.91,1281.0,636.43,1.185,443.6,6018.0,4.569,0.794
K07522.01,FALSE POSITIVE,0,10.116144515,2.70314,58143.5,17.21,549.0,21.56,0.879,1144.8,4717.0,4.737,0.519
K07523.01,FALSE POSITIVE,0,0.684496369,2.263,28.4,1.12,2913.0,17099.5,0.501,16.3,5800.0,3.866,2.053
K00560.01,CONFIRMED,2,23.67513153,4.647,980.4,2.76,528.0,18.38,0.822,32.6,5309.0,4.588,0.781
K07524.01,FALSE POSITIVE,0,1.953285321,1.67598,1520.3,151.56,2927.0,17363.68,1.312,237.7,6450.0,3.501,3.928
K07525.01,FALSE POSITIVE,0,0.502454299,2.31547,37454.3,43.95,2336.0,7025.25,1.17,873.6,6134.0,4.498,0.901
K07526.01,FALSE POSITIVE,0,27.308150159,4.43906,388005.0,47.06,523.0,17.75,0.167,820.9,5541.0,4.574,0.739
K07668.01,CANDIDATE,1,2.5093344,1.833,184.3,1.47,1483.0,1143.04,0.019,8.4,6278.0,4.425,1.081
K07669.01,FALSE POSITIVE,0,137.665706,3.732,536.9,15.41,720.0,63.38,0.041,11.7,4832.0,2.953,6.897
K07670.01,CANDIDATE,1,8.4795266,6.052,163.3,1.18,865.0,132.02,0.136,8.0,5841.0,4.52,0.931
K00567.01,CONFIRMED,2,10.68758211,3.3812,777.7,2.64,780.0,87.41,0.818,78.9,5788.0,4.524,0.848
K07671.01,FALSE POSITIVE,0,0.918510251,2.587,52.6,1.77,2795.0,14485.22,0.622,20.3,5837.0,3.791,2.338
K07672.01,FALSE POSITIVE,0,111.741576,3.83,238.8,6.88,676.0,49.4,0.057,9.9,5267.0,3.338,4.525
K07673.01,CANDIDATE,1,80.769893,4.2,128.5,1.87,475.0,12.07,0.158,6.7,4965.0,3.961,1.708
K07775.01,CANDIDATE,1,89.945828,2.286,335.6,3.46,509.0,15.86,0.171,6.6,5115.0,3.819,1.924
K07776.01,CANDIDATE,1,541.92452,21.4,1504.2,3.15,144.0,0.1,0.95,18.1,4378.0,4.64,0.614
K07777.01,FALSE POSITIVE,0,27.6760342,4.234,266.8,5.15,951.0,193.23,0.071,14.4,5123.0,3.442,3.224
K07778.01,FALSE POSITIVE,0,0.56678228,4.725,146.8,0.88,1661.0,1814.33,0.153,15.1,4796.0,4.56,0.749
K00571.03,CONFIRMED,2,3.886795001,1.7574,471.3,0.97,571.0,25.26,0.119,41.8,3751.0,4.8,0.443
K07779.01,FALSE POSITIVE,0,1.71024931,2.833,98.6,1.2,1766.0,2298.2,0.508,9.4,6418.0,4.395,1.171
K07780.01,CANDIDATE,1,5.3360574,3.877,54.7,1.52,1667.0,1823.9,0.006,7.0,6742.0,3.925,2.032
K07878.01,CANDIDATE,1,36.566324,4.832,2943.0,15.41,828.0,110.92,0.018,8.1,5294.0,3.599,2.884
K07879.01,FALSE POSITIVE,0,128.208643,2.745,212.2,6.15,792.0,93.05,0.811,8.9,7128.0,3.52,3.811
K07880.01,CANDIDATE,1,623.70774,6.688,250.9,1.81,258.0,1.05,0.003,10.2,6626.0,4.347,1.132
K07881.01,FALSE POSITIVE,0,2.2502073,2.203,260.1,19.94,3637.0,41377.92,0.268,7.8,4507.0,2.391,12.787
K00576.01,FALSE POSITIVE,0,199.443024,7.409,4036.0,9.3,332.0,2.86,0.932,55.1,5646.0,4.278,1.153
K07882.01,CANDIDATE,1,65.415183,4.224,417.1,1.31,295.0,1.79,0.377,8.9,4348.0,4.62,0.646
K07883.01,FALSE POSITIVE,0,185.103836,4.19,581.4,14.63,670.0,47.72,0.019,10.9,4992.0,2.921,6.226
K07982.01,CANDIDATE,1,376.37989,13.99,1140.0,3.26,265.0,1.16,0.305,13.3,6231.0,4.488,0.955
K07983.01,FALSE POSITIVE,0,453.64875,18.34,523.4,2.18,239.0,0.77,0.519,9.0,6060.0,4.509,0.925
K07984.01,FALSE POSITIVE,0,8.5898708,4.806,87.7,1.11,929.0,176.4,0.765,8.4,5638.0,4.296,1.088
K07985.01,FALSE POSITIVE,0,0.527698548,3.2221,1579.2,29.35,2088.0,4500.53,1.252,453.3,5638.0,4.529,0.903
K00582.02,CONFIRMED,2,17.73842886,3.0049,605.5,2.47,596.0,29.74,0.845,29.8,5105.0,4.469,0.868
K07986.01,CANDIDATE,1,1.73984941,3.114,48.5,0.72,1608.0,1585.81,0.043,10.6,6119.0,4.444,1.031
K07987.01,FALSE POSITIVE,0,0.681401611,0.865,103.6,1.07,2218.0,5713.41,0.147,12.3,6173.0,4.447,1.041
K08086.01,FALSE POSITIVE,0,18.384953,5.92,92.9,1.36,872.0,136.82,0.012,6.0,6335.0,4.214,1.401
K08087.01,FALSE POSITIVE,0,1.085965104,10.716,10578.7,29.66,6297.0,371873.86,0.916,675.9,15896.0,4.152,2.404
K00590.01,CONFIRMED,2,11.38840217,3.6949,438.0,3.04,979.0,216.55,0.243,34.7,5876.0,4.151,1.456
K08088.01,FALSE POSITIVE,0,308.185801,3.689,708.7,2.12,230.0,0.66,0.023,9.5,5380.0,4.581,0.813
K08089.01,CANDIDATE,1,141.400279,3.031,790.1,41.55,945.0,188.78,0.401,12.9,4936.0,2.609,14.907
K08090.01,FALSE POSITIVE,0,0.594274521,2.162,4691.5,8.7,2436.0,8367.99,0.833,83.9,6321.0,4.417,1.125
K08091.01,FALSE POSITIVE,0,239.179477,2.93,750.9,18.27,583.0,27.38,0.165,12.1,4915.0,3.063,6.877
K08184.01,FALSE POSITIVE,0,237.26601,8.74,150.4,1.23,299.0,1.89,0.034,8.6,5786.0,4.402,1.007
K00597.02,CONFIRMED,2,2.09227115,2.4062,207.6,2.06,1648.0,1746.66,0.271,30.0,5565.0,4.117,1.439
K08185.01,FALSE POSITIVE,0,398.71694,21.6,893.9,21.25,205.0,0.42,1.219,13.7,5303.0,4.594,0.771
K08186.01,FALSE POSITIVE,0,241.8591,12.77,659.0,2.81,315.0,2.34,0.313,9.7,5790.0,4.283,1.088
K08187.01,FALSE POSITIVE,0,353.04037,14.102,239.6,1.04,196.0,0.35,0.431,11.2,5061.0,4.635,0.668
K08188.01,FALSE POSITIVE,0,522.33888,13.53,423.7,5.65,327.0,2.69,0.039,12.0,5103.0,3.606,2.816
K08189.01,FALSE POSITIVE,0,473.56314,5.087,327.4,5.39,449.0,9.65,0.158,8.7,7056.0,3.722,2.937
K08282.01,FALSE POSITIVE,0,456.55308,4.435,116.2,1.48,270.0,1.26,0.673,7.3,5678.0,4.161,1.298
K08283.01,FALSE POSITIVE,0,209.941369,2.97,477.3,14.36,651.0,42.43,0.157,10.2,5125.0,2.988,6.69
K00603.01,FALSE POSITIVE,0,2.192009479,2.9453,1475.6,35.9,1446.0,1030.69,1.248,131.2,5499.0,4.28,1.125
K08284.01,FALSE POSITIVE,0,49.763624,2.749,412.0,2.43,588.0,28.31,0.02,6.8,6477.0,4.361,1.187
K08285.01,FALSE POSITIVE,0,320.347208,7.159,262.8,1.58,274.0,1.33,0.548,8.8,6146.0,4.497,0.943
K08286.01,CANDIDATE,1,191.03728,3.595,1607.0,3.54,286.0,1.58,0.091,7.0,5440.0,4.497,0.901
K08287.01,FALSE POSITIVE,0,358.74318,19.76,760.5,2.25,224.0,0.6,0.151,15.9,5482.0,4.566,0.826
K06626.01,FALSE POSITIVE,0,9.459993213,5.3012,237595.0,51.89,766.0,81.31,0.743,3164.4,5569.0,4.566,0.829
K00507.01,CONFIRMED,2,18.49234792,3.4744,1655.5,3.34,603.0,31.27,0.034,61.4,5289.0,4.477,0.838
K06627.01,FALSE POSITIVE,0,1.208524388,1.8478,4759.6,26.71,1286.0,647.48,1.259,181.3,4963.0,4.63,0.701
K06628.01,FALSE POSITIVE,0,3.79187443,3.5521,230736.0,47.49,1004.0,240.31,0.798,1111.9,5622.0,4.619,0.723
K06629.01,FALSE POSITIVE,0,17.844323157,5.07999,222364.0,90.67,874.0,138.25,0.757,4456.6,5993.0,4.114,1.485
K06630.01,CANDIDATE,1,34.6506368,10.287,502.5,12.35,1191.0,476.15,0.973,21.6,6681.0,3.465,4.185
K06631.01,CANDIDATE,1,2.56271232,2.163,29.4,0.48,1171.0,443.49,0.346,8.2,5190.0,4.446,0.899
K06740.01,FALSE POSITIVE,0,1.053573674,1.70116,3063.0,299.87,4319.0,81969.77,1.308,445.3,5838.0,3.038,7.385
K00511.01,CONFIRMED,2,8.00579096,3.0549,629.7,2.36,956.0,197.06,0.092,69.2,6032.0,4.395,0.935
K06741.01,FALSE POSITIVE,0,0.970085646,1.129,153.0,18.65,5119.0,162048.58,0.035,9.8,4555.0,2.346,15.63
K06742.01,FALSE POSITIVE,0,63.52017525,17.1759,32548.4,77.1,745.0,72.92,0.375,1708.1,4938.0,3.388,4.33
K06743.01,FALSE POSITIVE,0,11.300987626,10.5199,325703.0,97.12,1019.0,254.84,0.606,5027.8,6143.0,4.165,1.448
K06744.01,FALSE POSITIVE,0,0.92098747,2.04,449.2,2.47,938.0,183.39,0.583,27.5,5761.0,4.438,0.997
K06746.01,CANDIDATE,1,2.564012541,0.9433,2551.9,7.27,1720.0,2065.56,0.166,5.3,6274.0,4.139,1.428
K06747.01,FALSE POSITIVE,0,0.71538172,5.0,449.2,2.47,938.0,183.39,0.583,27.5,5761.0,4.438,0.997
K06860.01,CANDIDATE,1,0.576732089,1.856,35.4,0.43,1537.0,1316.33,0.518,9.1,4524.0,4.576,0.717
K06861.01,FALSE POSITIVE,0,12.155241119,6.84353,85531.5,34.62,788.0,91.2,0.825,1767.8,5761.0,4.413,0.932
K06863.01,CONFIRMED,2,4.48559215,0.8161,2265.0,0.95,365.0,4.2,0.442,15.0,3236.0,5.097,0.193
K06865.01,FALSE POSITIVE,0,0.566811926,4.181,82.6,0.91,2293.0,6584.06,0.681,22.5,6165.0,4.474,0.942
K06866.01,FALSE POSITIVE,0,2.525386934,3.71613,124878.0,67.24,1701.0,1982.55,0.934,1003.0,6826.0,4.337,1.233
K06867.01,FALSE POSITIVE,0,0.566801506,1.738,29.5,0.62,2557.0,10156.53,0.369,19.2,6398.0,4.358,1.111
K06869.01,FALSE POSITIVE,0,2.182515126,6.8413,114931.0,128.15,2703.0,12627.67,0.968,861.6,8051.0,3.966,2.347
K06976.01,FALSE POSITIVE,0,28.787257509,13.953,49618.4,91.26,971.0,210.02,0.559,1292.0,5154.0,3.461,3.981
K06977.01,FALSE POSITIVE,0,0.835315046,2.45449,16876.4,30.54,1490.0,1160.98,1.224,939.5,5009.0,4.584,0.69
K06978.01,CANDIDATE,1,3.07551068,1.683,46.1,0.84,1389.0,879.95,0.005,10.1,5763.0,4.256,1.242
K06979.01,FALSE POSITIVE,0,26.0164225,4.1768,41109.0,61.04,755.0,76.63,1.147,285.4,6287.0,4.231,1.28
K00523.01,CONFIRMED,2,49.41121127,5.278,3184.0,6.77,497.0,14.48,0.885,125.4,5768.0,4.434,1.015
K06980.01,CANDIDATE,1,6.29340543,3.024,96.4,1.08,1072.0,312.61,0.431,8.7,6214.0,4.442,1.076
K07089.01,FALSE POSITIVE,0,0.58640848,2.616,61.3,0.48,1444.0,1029.91,0.352,23.6,4556.0,4.676,0.615
K00530.01,CONFIRMED,2,10.94026745,2.3494,538.6,2.08,764.0,80.52,0.595,30.6,5749.0,4.547,0.864
K07090.01,FALSE POSITIVE,0,33.46947449,11.8874,164608.0,127.38,972.0,211.38,0.315,1255.2,5934.0,3.581,3.075
K07091.01,FALSE POSITIVE,0,1.827558898,4.72808,314683.0,118.28,2178.0,5331.71,0.093,920.8,5977.0,3.854,2.077
K07093.01,FALSE POSITIVE,0,97.991569,4.665,126.8,1.41,467.0,11.21,0.711,9.0,6499.0,4.378,1.169
K07095.01,FALSE POSITIVE,0,1.627538928,5.583,39.0,1.42,2520.0,9504.13,0.769,29.9,6854.0,3.934,2.088
K07200.01,FALSE POSITIVE,0,2.745640575,3.04508,45264.7,47.22,1300.0,673.9,1.117,918.0,5780.0,4.438,1.0
K07201.01,FALSE POSITIVE,0,1.287097944,1.94,106.1,0.89,1631.0,1678.58,0.382,12.3,5906.0,4.494,0.852
K07202.01,FALSE POSITIVE,0,3.5565617,6.691,68.0,0.52,883.0,143.89,0.262,10.0,4964.0,4.628,0.633
K07203.01,FALSE POSITIVE,0,3.55646511,4.72,46.1,0.56,1076.0,317.0,0.344,7.8,5475.0,4.479,0.818
K07204.01,FALSE POSITIVE,0,3.661895766,35.6374,35477.1,374.78,1708.0,2012.26,2.959,291.7,6793.0,4.101,1.589
K00538.01,CONFIRMED,2,21.21712312,5.89,636.0,2.97,706.0,58.63,0.89,56.2,6191.0,4.438,1.007
K07205.01,CANDIDATE,1,2.3518268,5.797,576.6,39.82,1535.0,1313.37,1.23,24.5,5445.0,4.14,1.426
K07314.01,FALSE POSITIVE,0,0.933735579,3.892,351.4,10.28,3696.0,43890.28,0.565,27.1,5016.0,3.013,5.344
K07315.01,FALSE POSITIVE,0,58.28819056,21.6014,156160.0,42.57,462.0,10.79,0.499,2927.4,5463.0,4.353,1.044
K07316.01,FALSE POSITIVE,0,3.989144446,20.7947,630524.0,60.26,996.0,233.19,0.252,2055.9,5538.0,4.555,0.719
K07317.01,FALSE POSITIVE,0,32.77897303,19.1378,410080.0,69.08,588.0,28.29,0.496,2126.1,6122.0,4.487,0.964
K07318.01,FALSE POSITIVE,0,0.934926138,3.1925,131941.0,58.67,1957.0,3455.76,0.905,1149.3,5962.0,4.423,1.078
K07320.01,CANDIDATE,1,8.50207749,3.057,117.3,0.75,679.0,50.14,0.073,10.5,4889.0,4.57,0.715
K07321.01,FALSE POSITIVE,0,0.93374699,6.168,172.1,103.98,3442.0,33070.3,1.167,25.5,4909.0,3.136,5.272
K07420.01,FALSE POSITIVE,0,2.980479588,3.72527,375343.0,70.52,1370.0,833.83,0.479,1737.7,6065.0,4.377,1.047
K00551.02,CONFIRMED,2,5.68798675,2.2682,476.4,2.76,1088.0,330.44,0.663,33.0,5576.0,4.257,1.198
K07421.01,FALSE POSITIVE,0,4.81712182,2.45699,35756.4,43.45,922.0,170.42,1.233,445.3,5419.0,4.581,0.795
K07422.01,FALSE POSITIVE,0,2.479948394,5.7219,150682.0,35.62,1169.0,441.85,0.67,489.6,5391.0,4.539,0.822
K07423.01,FALSE POSITIVE,0,1.58742695,2.66475,76162.0,37.64,1893.0,3023.98,0.718,1150.7,6440.0,4.313,1.241
K07424.01,FALSE POSITIVE,0,19.668404822,21.1764,352808.0,42.91,555.0,22.36,0.0,1834.5,5260.0,4.56,0.717
K07527.01,FALSE POSITIVE,0,1.262742487,1.7433,15911.0,134.45,2548.0,9925.41,1.213,60.8,5273.0,3.621,3.15
K07528.01,FALSE POSITIVE,0,0.59586463,1.5,449.2,2.47,938.0,183.39,0.583,27.5,5761.0,4.438,0.997
K07529.01,FALSE POSITIVE,0,1.222127938,2.2613,2486.5,30.32,1470.0,1107.41,1.258,200.9,5157.0,4.465,0.87
K07530.01,FALSE POSITIVE,0,8.627475562,4.65505,36784.3,188.55,1446.0,1031.92,1.141,1157.5,5146.0,3.475,4.063
K07531.01,FALSE POSITIVE,0,0.589753355,0.606,216.0,1.03,1760.0,2262.14,0.318,12.4,5414.0,4.648,0.678
K07532.01,FALSE POSITIVE,0,2.751566365,5.2403,72609.0,42.98,1171.0,445.35,1.041,180.0,5461.0,4.497,0.861
K07533.01,FALSE POSITIVE,0,0.760935268,2.77023,370600.0,35.68,1285.0,640.66,0.527,1289.0,4675.0,4.74,0.511
K07674.01,FALSE POSITIVE,0,25.9528725,12.434,164.1,1.53,697.0,55.82,0.741,16.9,6370.0,4.41,1.106
K07675.01,FALSE POSITIVE,0,25.94947,15.7,238.3,1.22,508.0,15.74,0.678,8.2,5348.0,4.609,0.748
K07676.01,CANDIDATE,1,5.3694084,3.949,40.0,0.62,974.0,212.68,0.837,8.0,5753.0,4.538,0.869
K07677.01,FALSE POSITIVE,0,43.0759115,90.95,3452.0,213.46,1032.0,268.5,1.256,323.1,4766.0,2.919,5.915
K07678.01,CANDIDATE,1,13.0914878,2.037,37.5,0.79,892.0,149.52,0.145,8.0,5919.0,4.238,1.288
K07679.01,CANDIDATE,1,1.8679943,1.087,73.4,0.7,1291.0,658.77,0.173,10.0,5487.0,4.568,0.815
K07680.01,CANDIDATE,1,219.20579,14.5,207.8,2.66,456.0,10.18,0.517,15.2,6990.0,4.115,1.785
K07781.01,FALSE POSITIVE,0,0.715802309,1.5586,2208.6,25.52,1656.0,1787.96,1.251,137.7,5239.0,4.6,0.757
K07782.01,FALSE POSITIVE,0,0.566813677,2.458,61.2,0.77,2269.0,6276.41,0.449,11.5,6106.0,4.487,0.966
K07783.01,FALSE POSITIVE,0,0.542636318,1.2536,74.6,1.39,2659.0,11844.28,0.056,17.3,5277.0,3.96,1.633
K07784.01,FALSE POSITIVE,0,19.4444573,5.509,182.3,1.53,749.0,74.47,0.634,7.1,6278.0,4.425,1.081
K07785.01,CANDIDATE,1,433.220461,2.725,725.1,2.07,203.0,0.4,0.178,9.5,5232.0,4.519,0.777
K07786.01,FALSE POSITIVE,0,1.49131759,4.721,25.8,1.26,2475.0,8873.77,0.467,10.3,6014.0,3.782,2.429
K07787.01,FALSE POSITIVE,0,1.33253834,3.737,62.4,0.64,1453.0,1051.03,0.164,9.7,5520.0,4.572,0.818
K07884.01,CANDIDATE,1,0.70965042,1.318,223.4,1.49,2036.0,4086.46,0.145,9.4,5618.0,4.373,1.002
K07885.01,FALSE POSITIVE,0,9.72869627,5.628,252.2,42.47,1126.0,379.75,1.274,19.1,6881.0,4.301,1.351
K07886.01,FALSE POSITIVE,0,366.71923,9.8,246.4,3.35,383.0,5.09,0.592,9.8,6295.0,3.907,2.049
K07887.01,FALSE POSITIVE,0,6.35216475,3.251,185.7,18.1,2698.0,12523.45,0.196,10.9,4820.0,2.471,13.654
K07888.01,CANDIDATE,1,4.7368156,2.84,35.3,0.6,1137.0,395.05,0.218,6.9,6088.0,4.456,1.011
K07889.01,CANDIDATE,1,130.235324,5.678,750.1,2.44,332.0,2.86,0.075,9.7,5616.0,4.529,0.903
K07890.01,FALSE POSITIVE,0,349.85525,5.42,842.0,2.63,251.0,0.94,0.485,7.9,5941.0,4.533,0.885
K07988.01,FALSE POSITIVE,0,333.486169,3.199,639.1,19.3,557.0,22.68,0.214,14.0,4989.0,2.992,7.824
K07989.01,FALSE POSITIVE,0,4.85603482,3.078,76.7,1.05,1266.0,607.42,0.134,8.2,6469.0,4.385,1.193
K07990.01,CANDIDATE,1,87.487573,5.881,528.7,1.87,377.0,4.79,0.127,8.4,5774.0,4.567,0.818
K07991.01,CANDIDATE,1,11.9451376,6.893,63.3,3.32,1337.0,755.16,0.443,12.4,5094.0,3.38,4.163
K07992.01,CANDIDATE,1,277.13367,9.67,321.2,1.84,307.0,2.09,0.662,8.7,6461.0,4.474,0.971
K07993.01,FALSE POSITIVE,0,3.381607,7.627,440.6,117.25,6037.0,314164.85,0.088,16.6,3974.0,1.056,59.437
K07994.01,FALSE POSITIVE,0,0.660655454,7.111,566.9,16.81,2497.0,9210.84,1.098,77.7,6520.0,4.375,1.215
K08092.01,FALSE POSITIVE,0,405.65377,11.02,521.0,2.03,246.0,0.87,0.102,7.7,6102.0,4.528,0.887
K08093.01,FALSE POSITIVE,0,73.992267,5.692,225.6,2.86,546.0,20.98,0.446,7.9,5271.0,3.878,1.895
K08094.01,FALSE POSITIVE,0,361.901618,4.984,184.1,0.95,198.0,0.37,0.093,8.5,5053.0,4.603,0.717
K08095.01,FALSE POSITIVE,0,508.04103,5.398,371.7,1.89,217.0,0.53,0.476,9.9,5672.0,4.503,0.965
K08096.01,FALSE POSITIVE,0,309.933134,7.165,176.1,1.8,319.0,2.43,0.73,8.3,6299.0,4.325,1.262
K08097.01,FALSE POSITIVE,0,384.09781,12.55,100.1,1.63,330.0,2.8,0.016,8.7,5884.0,3.979,1.628
K00590.02,CONFIRMED,2,50.6985408,5.972,610.9,3.58,595.0,29.58,0.137,30.1,5876.0,4.151,1.456
K08190.01,FALSE POSITIVE,0,1.332565736,6.0828,2319.8,33.69,1674.0,1849.94,1.268,301.7,6014.0,4.494,0.958
K08191.01,FALSE POSITIVE,0,385.39743,21.69,132.3,1.59,285.0,1.57,0.587,10.9,5676.0,4.175,1.336
K08192.01,FALSE POSITIVE,0,266.977677,8.59,389.6,7.86,549.0,21.53,0.895,16.0,6619.0,3.595,3.41
K08193.01,CANDIDATE,1,367.947848,4.249,1301.0,3.72,228.0,0.64,0.902,10.7,5570.0,4.561,0.855
K08194.01,FALSE POSITIVE,0,236.25776888,3.3549,168.4,2.69,460.0,10.61,0.085,5.3,6645.0,3.952,2.054
K00597.03,CONFIRMED,2,52.8148051,7.309,553.7,3.33,562.0,23.57,0.002,27.4,5565.0,4.117,1.439
K08195.01,FALSE POSITIVE,0,330.80879,21.669,274.8,2.13,290.0,1.67,0.92,24.4,6158.0,4.382,1.066
K08288.01,FALSE POSITIVE,0,0.660663034,2.81,134.0,1.32,2385.0,7605.89,0.025,23.3,6353.0,4.397,1.134
K08289.01,FALSE POSITIVE,0,0.93371211,4.76,126.2,0.75,1318.0,715.48,0.119,14.3,4604.0,4.591,0.696
K08290.01,FALSE POSITIVE,0,461.13781,12.91,408.2,1.26,173.0,0.21,0.003,7.4,4988.0,4.663,0.636
K08291.01,FALSE POSITIVE,0,0.93376089,3.027,27.3,0.57,2064.0,4286.78,0.035,9.7,6292.0,4.426,1.078
K08292.01,FALSE POSITIVE,0,367.761848,4.891,428.0,20.06,623.0,35.55,0.025,9.8,5348.0,2.897,9.888
K08293.01,FALSE POSITIVE,0,378.65484,11.3,247.8,1.53,258.0,1.04,0.243,6.8,6000.0,4.463,0.97
K00604.01,FALSE POSITIVE,0,8.254912972,6.8822,19242.4,11.86,793.0,93.46,0.532,438.2,5366.0,4.5,0.835
K06632.01,FALSE POSITIVE,0,12.643303542,5.48853,236718.0,34.94,443.0,9.07,0.739,2907.6,3977.0,4.697,0.562
K06633.01,FALSE POSITIVE,0,1.36293943,10.32,54.4,31.28,2630.0,11346.02,1.13,15.8,6831.0,3.971,2.106
K06634.01,FALSE POSITIVE,0,3.34328534,27.29,166.8,64.0,2094.0,4535.97,1.21,79.5,6541.0,3.773,2.652
K06636.01,FALSE POSITIVE,0,0.905678252,1.249,70.4,0.78,1901.0,3074.42,0.357,11.1,6075.0,4.501,0.909
K06637.01,FALSE POSITIVE,0,0.905672916,1.0,110.4,0.76,1468.0,1096.04,0.033,12.1,4949.0,4.552,0.741
K00508.01,CONFIRMED,2,7.930583519,3.6083,826.1,3.05,899.0,154.36,0.559,89.9,5674.0,4.446,1.032
K06639.01,FALSE POSITIVE,0,0.790046373,4.9939,149304.0,56.93,2541.0,9873.85,0.65,174.5,6785.0,4.321,1.342
K06748.01,FALSE POSITIVE,0,2.264471713,7.1803,187430.0,102.12,2103.0,4637.68,0.81,873.7,6782.0,4.014,1.752
K06750.01,CANDIDATE,1,5.21395046,3.188,78.5,1.24,1201.0,492.29,0.195,8.6,5529.0,4.123,1.412
K06751.01,FALSE POSITIVE,0,24.996068,5.623,621.7,2.4,604.0,31.43,0.409,9.4,5761.0,4.492,0.956
K06751.02,FALSE POSITIVE,0,0.698359996,1.4959,774.1,28.97,1990.0,3702.25,1.247,26.1,5761.0,4.492,0.956
K00511.02,CONFIRMED,2,4.26374378,2.2725,182.0,1.28,1179.0,457.15,0.368,23.8,6032.0,4.395,0.935
K06752.01,CANDIDATE,1,8.9429645,1.803,233.5,0.89,536.0,19.51,0.088,7.2,4183.0,4.655,0.594
K06754.01,FALSE POSITIVE,0,23.832382513,7.06068,278997.0,63.78,623.0,35.58,0.664,2389.2,5722.0,4.454,1.0
K06870.01,FALSE POSITIVE,0,2.659418888,6.98414,305233.0,61.52,1352.0,789.69,0.634,5776.1,6156.0,4.5,0.932
K06871.01,FALSE POSITIVE,0,2.31610674,3.347,33.6,0.7,1559.0,1393.98,0.404,13.0,6025.0,4.3,1.193
K06873.01,FALSE POSITIVE,0,0.948683571,1.676,150.9,1.12,1665.0,1815.32,0.691,13.8,5576.0,4.556,0.852
K00519.01,CONFIRMED,2,11.90352088,4.297,633.0,2.56,827.0,110.54,0.421,47.2,6063.0,4.47,1.001
K06874.01,FALSE POSITIVE,0,1.65546056,3.52,125.1,0.9,1331.0,743.75,0.109,12.4,5438.0,4.574,0.82
K06875.01,FALSE POSITIVE,0,1.655472351,5.09197,174198.0,125.25,2546.0,9914.08,0.836,823.8,6725.0,3.86,2.171
K06876.01,FALSE POSITIVE,0,4.50279037,6.72,449.2,2.47,938.0,183.39,0.583,27.5,5761.0,4.438,0.997
K06982.01,FALSE POSITIVE,0,0.706430188,1.301,50.8,0.41,1473.0,1116.9,0.288,11.0,5037.0,4.689,0.568
K06983.01,CANDIDATE,1,7.7021729,3.987,74.6,0.85,888.0,147.24,0.509,9.5,5618.0,4.449,0.969
K06986.01,FALSE POSITIVE,0,32.440339204,4.50984,287602.0,44.56,448.0,9.52,0.645,2177.0,5081.0,4.578,0.696
K06988.01,FALSE POSITIVE,0,2.62387291,4.61248,232468.0,74.23,1790.0,2430.91,0.49,2607.6,6728.0,4.206,1.46
K06989.01,FALSE POSITIVE,0,0.75509861,2.6423,60334.0,60.74,2359.0,7285.15,1.091,385.4,6038.0,4.206,1.213
K06990.01,FALSE POSITIVE,0,3.671661096,4.29947,129243.0,105.82,1967.0,3539.43,0.923,3152.6,7343.0,4.02,1.94
K06991.01,FALSE POSITIVE,0,22.673145675,6.6324,65410.8,30.92,684.0,51.67,0.605,912.0,5619.0,4.269,1.153
K07096.01,FALSE POSITIVE,0,1.506503686,5.02151,477104.0,178.15,3250.0,26341.29,0.401,3289.1,8751.0,4.026,2.352
K07097.01,FALSE POSITIVE,0,1.679585725,7.34648,101786.0,28.99,970.0,209.45,0.97,1884.3,4462.0,4.7,0.554
K07098.01,FALSE POSITIVE,0,5.40346248,7.6494,261346.0,108.46,1559.0,1398.38,0.521,2851.3,6350.0,3.921,1.984
K07100.01,CANDIDATE,1,0.824851807,1.93637,30099.2,78.0,2539.0,9801.46,1.185,642.2,5658.0,3.903,1.654
K07101.01,FALSE POSITIVE,0,0.82484293,1.383,618.6,97.92,8138.0,1040816.86,0.03,10.0,4148.0,1.458,41.424
K07102.01,FALSE POSITIVE,0,4.4473549,18.99,203.6,1.52,954.0,195.56,0.98,25.9,5531.0,4.597,0.764
K00531.01,CANDIDATE,1,3.687469832,1.0668,5057.6,5.78,690.0,53.6,0.919,363.9,4004.0,4.659,0.606
K07206.01,FALSE POSITIVE,0,2.35195525,5.98883,212828.0,59.62,1678.0,1876.0,0.511,1819.1,6550.0,4.324,1.225
K07207.01,FALSE POSITIVE,0,1.882438182,3.50695,344205.0,74.77,1818.0,2589.75,0.395,2051.3,6322.0,4.211,1.213
K07209.01,CANDIDATE,1,8.2553499,3.959,54.5,3.28,1462.0,1079.27,0.918,10.0,5403.0,3.559,3.6
K07210.01,FALSE POSITIVE,0,80.7060641,6.8899,11851.5,15.47,428.0,7.96,0.956,268.1,6053.0,4.494,0.949
K07210.02,FALSE POSITIVE,0,2.17814513,2.321,136.0,1.22,1428.0,981.63,0.78,13.8,6053.0,4.494,0.949
K07211.01,FALSE POSITIVE,0,1.089077111,3.8834,304072.0,77.59,2045.0,4147.85,0.63,476.6,6126.0,4.285,1.176
K07212.01,FALSE POSITIVE,0,1.089057762,1.637,37.4,0.44,1404.0,917.78,0.185,9.2,5096.0,4.582,0.737
K07322.01,FALSE POSITIVE,0,0.933759404,3.491,114.9,0.99,1763.0,2289.8,0.712,18.9,5766.0,4.514,0.866
K00546.02,CONFIRMED,2,9.82578495,5.2498,433.3,2.66,935.0,180.36,0.888,38.1,6246.0,4.433,1.092
K07323.01,FALSE POSITIVE,0,0.93373711,3.151,12.9,0.37,2077.0,4422.99,0.121,11.2,6300.0,4.391,1.025
K07324.01,FALSE POSITIVE,0,3.0082548,2.38,449.2,2.47,938.0,183.39,0.583,27.5,5761.0,4.438,0.997
K07325.01,FALSE POSITIVE,0,45.43324862,14.242,414352.0,77.25,529.0,18.46,0.489,1337.0,5731.0,4.359,1.08
K07326.01,FALSE POSITIVE,0,1.398890216,4.9641,66012.0,57.48,1784.0,2389.78,1.123,204.0,6134.0,4.378,1.051
K07327.01,CANDIDATE,1,17.9908273,1.436,660.0,1.88,541.0,20.29,0.129,10.9,4918.0,4.546,0.752
K07425.01,FALSE POSITIVE,0,3.401949837,16.5797,2477.0,14.32,2076.0,4391.35,0.958,304.0,7094.0,3.905,2.17
K07426.01,CANDIDATE,1,6.96197304,2.806,151.3,0.97,778.0,86.68,0.103,8.8,5008.0,4.506,0.814
K07427.01,CANDIDATE,1,7.8935324,3.444,47.6,0.78,1052.0,289.79,0.303,8.3,6306.0,4.346,1.109
K07428.01,FALSE POSITIVE,0,2.252822538,3.41062,269847.0,57.6,1462.0,1078.82,0.621,1575.9,6116.0,4.431,0.951
K07429.01,FALSE POSITIVE,0,2.25284817,3.069,60.0,8.61,1940.0,3351.24,1.043,8.8,6850.0,4.196,1.53
K07430.01,CANDIDATE,1,1.320499473,1.184,204.0,18.94,4477.0,95168.65,0.15,12.0,5172.0,2.693,13.454
K00552.01,FALSE POSITIVE,0,3.055171082,1.6798,8665.3,35.24,1358.0,804.33,1.204,143.2,6237.0,4.426,0.987
K00561.01,CONFIRMED,2,5.378868001,2.7222,483.4,1.86,833.0,113.59,0.758,60.6,5077.0,4.567,0.774
K07536.01,FALSE POSITIVE,0,8.207257515,4.23835,391305.0,46.82,650.0,42.1,0.596,1748.3,4859.0,4.637,0.621
K07538.01,FALSE POSITIVE,0,1.22775105,1.602,327.6,1.0,1094.0,340.64,0.262,20.3,4551.0,4.713,0.56
K07540.01,CANDIDATE,1,21.980467,4.78,96.0,0.92,625.0,36.07,0.417,10.1,5573.0,4.418,0.936
K07541.01,FALSE POSITIVE,0,7.214721393,2.36464,46801.5,16.79,630.0,37.12,0.898,582.0,4705.0,4.696,0.552
K07543.01,FALSE POSITIVE,0,0.98376204,10.052,55.0,12.44,4203.0,73867.88,1.01,25.2,6431.0,3.276,5.294
K07544.01,FALSE POSITIVE,0,2.403704619,0.8927,110.6,27.04,3903.0,54903.0,1.007,1.4,6244.0,2.897,10.105
K00567.02,CONFIRMED,2,20.30303506,4.5038,533.4,2.16,630.0,37.12,0.793,44.7,5788.0,4.524,0.848
K07681.01,CANDIDATE,1,6.05552018,2.818,134.6,0.92,844.0,119.89,0.19,9.8,5352.0,4.585,0.805
K07682.01,FALSE POSITIVE,0,58.873429,17.487,226471.0,76.18,679.0,50.35,0.0,106.8,7078.0,4.192,1.568
K07683.01,FALSE POSITIVE,0,0.913244995,0.4931,47.8,0.77,1967.0,3541.46,0.286,10.2,5923.0,4.402,1.049
K07684.01,FALSE POSITIVE,0,10.2239787,1.814,213.5,24.43,2364.0,7383.41,0.439,6.5,4673.0,2.412,16.823
K07685.01,CANDIDATE,1,64.740274,15.082,113.1,1.35,518.0,16.96,0.74,16.4,5999.0,4.263,1.177
K07685.02,CANDIDATE,1,33.502923,11.947,70.9,1.08,645.0,40.79,0.756,12.5,5999.0,4.263,1.177
K07788.01,FALSE POSITIVE,0,0.798467681,0.86,120.7,0.82,1718.0,2064.49,0.331,9.4,5575.0,4.557,0.733
K00571.04,CONFIRMED,2,22.40777833,3.2881,661.3,1.15,319.0,2.44,0.147,33.9,3751.0,4.8,0.443
K07789.01,FALSE POSITIVE,0,175.358905,5.34,215.0,2.9,420.0,7.36,0.034,9.1,5109.0,3.757,2.02
K07790.01,FALSE POSITIVE,0,0.721335207,1.509,31.8,0.54,2162.0,5166.26,0.103,12.0,6328.0,4.489,0.948
K07791.01,CANDIDATE,1,106.18732,10.29,266.1,231.85,2660.0,11829.18,0.027,8.6,3287.0,0.114,152.969
K07792.01,FALSE POSITIVE,0,96.231257,2.488,938.0,29.26,965.0,204.8,0.442,8.8,4895.0,2.674,9.529
K07793.01,CANDIDATE,1,1.99469354,5.297,75.1,0.46,758.0,78.2,0.643,8.9,3799.0,4.738,0.51
K07891.01,FALSE POSITIVE,0,0.79708975,3.301,19.3,0.54,2262.0,6174.2,0.53,9.8,6056.0,4.271,1.196
K00577.01,CONFIRMED,2,39.6766071,5.04,611.2,2.29,473.0,11.85,0.639,24.9,5244.0,4.449,0.888
K07892.01,CONFIRMED,2,10.692115,4.657,408.4,2.71,1008.0,244.47,0.734,9.4,6474.0,4.311,1.242
K07893.01,FALSE POSITIVE,0,55.884827,2.283,497.6,2.11,438.0,8.7,0.752,7.7,5668.0,4.545,0.868
K07894.01,CANDIDATE,1,347.97611,16.77,341.3,1.62,253.0,0.97,0.057,11.9,5995.0,4.536,0.878
K07895.01,FALSE POSITIVE,0,246.87131,10.69,433.6,2.02,302.0,1.97,0.327,6.9,6168.0,4.488,0.96
K07896.01,FALSE POSITIVE,0,85.338393,8.5,633.0,11.4,741.0,71.36,0.004,27.9,4850.0,3.134,4.696
K07995.01,FALSE POSITIVE,0,145.750554,13.999,385.6,15.34,748.0,74.07,0.017,17.0,5096.0,3.007,8.038
K00582.03,CONFIRMED,2,9.93962361,3.432,300.1,1.93,722.0,64.29,0.934,21.5,5105.0,4.469,0.868
K07996.01,FALSE POSITIVE,0,2.17813954,2.063,28.6,1.0,2073.0,4372.75,0.054,9.7,6511.0,4.003,1.851
K07997.01,FALSE POSITIVE,0,321.02094,7.51,592.9,1.96,232.0,0.69,0.295,8.5,5334.0,4.492,0.81
K07998.01,CANDIDATE,1,122.11555,16.07,1104.0,2.96,351.0,3.6,0.23,12.2,5592.0,4.418,0.894
K07999.01,FALSE POSITIVE,0,1.213742728,3.596,31.7,1.18,2599.0,10804.6,0.627,20.3,6532.0,3.961,1.987
K08000.01,CANDIDATE,1,225.48805,19.46,379.9,1.7,267.0,1.2,0.817,11.6,5663.0,4.579,0.782
K08098.01,FALSE POSITIVE,0,0.505322676,5.2727,77349.2,46.59,2275.0,6291.87,1.036,384.6,5941.0,4.49,0.924
K08099.01,FALSE POSITIVE,0,333.71634048,4.8236,420.2,3.53,362.0,4.05,0.093,3.1,6045.0,3.956,1.719
K08100.01,FALSE POSITIVE,0,322.50741,20.688,349.5,2.11,257.0,1.03,0.912,13.7,5708.0,4.465,0.933
K08101.01,FALSE POSITIVE,0,373.8716,16.78,382.7,2.19,279.0,1.44,0.246,10.3,5846.0,4.258,1.116
K08102.01,FALSE POSITIVE,0,171.046664,2.438,731.0,32.31,827.0,110.64,0.387,9.8,4932.0,2.697,12.048
K08103.01,FALSE POSITIVE,0,0.799868354,6.613,4928.8,34.7,1816.0,2581.61,1.274,251.4,5568.0,4.488,0.882
K08104.01,FALSE POSITIVE,0,317.99484,7.28,719.0,2.22,241.0,0.79,0.405,8.4,5665.0,4.568,0.82
K08196.01,FALSE POSITIVE,0,522.64613,17.77,648.1,0.8,92.0,0.02,0.007,10.5,3439.0,4.939,0.318
K08197.01,FALSE POSITIVE,0,392.94247,11.055,120.3,1.6,347.0,3.43,0.01,10.0,6596.0,4.073,1.44
K08198.01,FALSE POSITIVE,0,373.89398,27.66,730.0,2.51,206.0,0.42,0.963,18.5,5263.0,4.574,0.699
K08199.01,FALSE POSITIVE,0,183.836254,13.088,1046.2,51.64,852.0,124.46,0.956,15.7,4959.0,2.569,11.963
K08200.01,FALSE POSITIVE,0,5.959695593,1.8383,151.2,1.13,937.0,182.4,0.626,4.7,5717.0,4.538,0.884
K08201.01,CANDIDATE,1,392.601892,3.21,779.0,2.25,204.0,0.41,0.713,7.8,5307.0,4.605,0.753
K08202.01,FALSE POSITIVE,0,452.65206,19.87,175.1,2.41,345.0,3.33,0.646,17.0,6664.0,4.075,1.73
K08294.01,FALSE POSITIVE,0,384.356448,3.872,715.7,3.03,255.0,1.0,0.848,13.2,5903.0,4.445,0.994
K08295.01,FALSE POSITIVE,0,1.75647084,2.538,69.5,0.69,1405.0,924.14,0.023,10.9,5813.0,4.561,0.833
K08296.01,FALSE POSITIVE,0,272.54288087,3.0246,807.2,2.35,255.0,1.0,0.287,5.7,5677.0,4.563,0.828
K08297.01,FALSE POSITIVE,0,229.957537,7.59,400.0,43.78,444.0,9.22,1.175,10.2,6419.0,3.978,2.057
K00605.01,CONFIRMED,2,2.628117322,1.8289,936.8,1.77,737.0,69.56,0.612,98.1,3939.0,4.705,0.557
K00605.02,CANDIDATE,1,5.06546874,2.203,121.1,0.62,592.0,29.01,0.477,10.4,3939.0,4.705,0.557
K00606.01,FALSE POSITIVE,0,3.170626881,2.7189,14610.0,14.37,1314.0,704.88,0.847,113.2,6068.0,4.428,1.034
K06640.01,FALSE POSITIVE,0,1.804591904,3.85009,137295.0,80.87,1923.0,3221.97,0.879,1666.6,6271.0,4.178,1.515
K06641.01,CANDIDATE,1,1.400903699,0.883,136.5,1.16,1764.0,2284.73,0.196,9.8,6375.0,4.474,0.975
K06642.01,FALSE POSITIVE,0,1.14073528,2.394,13.5,0.68,3190.0,24512.67,0.768,7.8,8847.0,4.2,1.685
K06644.01,FALSE POSITIVE,0,25.150788449,7.72717,37582.6,39.12,686.0,52.23,1.025,1504.9,6015.0,4.329,1.101
K06645.01,FALSE POSITIVE,0,7.21636091,2.218,384.7,18.03,2146.0,5009.17,0.017,37.2,5029.0,2.909,9.476
K06646.01,CANDIDATE,1,7.1356633,1.789,255.5,1.38,751.0,75.39,0.735,9.8,4926.0,4.522,0.793
K06647.01,FALSE POSITIVE,0,12.591656377,5.53385,302584.0,49.21,642.0,40.23,0.629,3990.5,5293.0,4.604,0.756
K06755.01,FALSE POSITIVE,0,1.428766771,3.9753,92.2,1.01,1737.0,2157.42,0.354,3.6,6197.0,4.449,1.035
K06757.01,FALSE POSITIVE,0,1.106560721,2.64151,253683.0,47.63,1782.0,2382.7,0.531,643.6,6205.0,4.534,0.873
K06758.01,FALSE POSITIVE,0,0.721624431,2.54242,157754.0,40.61,1604.0,1560.97,0.855,514.4,5067.0,4.565,0.715
K06760.01,FALSE POSITIVE,0,10.81589054,4.73495,45399.6,32.48,1086.0,328.64,0.219,4313.4,6269.0,4.109,1.508
K06761.01,FALSE POSITIVE,0,1.267693801,3.57993,333641.0,64.84,1606.0,1572.85,0.589,713.8,5446.0,4.388,0.961
K06763.01,CANDIDATE,1,2.44693823,0.954,26.4,0.56,1379.0,855.53,0.611,9.0,5821.0,4.419,1.033
K06764.01,FALSE POSITIVE,0,7.002865192,5.90232,349695.0,75.09,1197.0,486.09,0.358,8168.6,6818.0,4.357,1.216
K06877.01,FALSE POSITIVE,0,281.509095,40.963,5948.7,85.77,685.0,52.05,0.626,182.5,4797.0,2.632,10.709
K06878.01,CANDIDATE,1,2.405625303,0.6283,163.5,1.11,1180.0,459.66,0.467,12.0,5450.0,4.573,0.83
K06879.01,FALSE POSITIVE,0,3.258249472,2.6358,1643.5,79.23,2057.0,4234.38,1.264,202.0,6712.0,3.859,2.361
K06880.01,FALSE POSITIVE,0,552.8295063,16.0851,266298.0,56.89,229.0,0.65,0.653,942.6,5956.0,4.403,0.929
K06881.01,FALSE POSITIVE,0,0.773595312,0.781,93.0,0.96,1976.0,3613.97,0.612,13.2,5973.0,4.506,0.935
K06882.01,CANDIDATE,1,0.7735301,1.335,185.4,1.87,2474.0,8868.22,0.336,14.2,6296.0,4.217,1.35
K06992.01,FALSE POSITIVE,0,1.69421771,4.161,91.1,0.74,1274.0,621.89,0.734,15.0,5402.0,4.591,0.717
K06993.01,CANDIDATE,1,13.8086331,3.613,207.1,1.09,659.0,44.5,0.029,9.0,5515.0,4.568,0.761
K00523.02,CONFIRMED,2,36.8567758,7.495,714.1,2.68,549.0,21.4,0.05,43.8,5768.0,4.434,1.015
K06994.01,CANDIDATE,1,4.25907841,4.513,28.1,0.7,1253.0,583.12,0.362,11.5,5560.0,4.173,1.316
K06995.01,FALSE POSITIVE,0,2.739477089,3.18229,32096.1,50.48,1475.0,1120.19,1.189,593.6,6469.0,4.431,1.056
K06996.01,FALSE POSITIVE,0,1.307761491,2.22271,13941.0,29.17,1298.0,671.75,1.237,531.5,5112.0,4.596,0.673
K06997.01,FALSE POSITIVE,0,4.028671454,8.12253,113967.0,52.42,1492.0,1169.87,0.294,2152.8,6327.0,4.168,1.528
K07103.01,FALSE POSITIVE,0,2.496328637,2.73115,20527.0,112.28,2317.0,6804.42,1.199,1412.4,6757.0,3.842,2.615
K07104.01,FALSE POSITIVE,0,16.31328124,4.45731,71589.0,30.85,747.0,73.51,0.768,982.3,6008.0,4.44,1.006
K07105.01,FALSE POSITIVE,0,1.721313779,3.54768,534625.0,83.69,1627.0,1658.35,0.315,742.8,5960.0,4.371,1.073
K07106.01,CANDIDATE,1,5.01880305,1.823,98.7,1.08,1178.0,455.98,0.172,10.3,6220.0,4.398,1.083
K07107.01,FALSE POSITIVE,0,1.50650745,2.622,27.8,1.13,2498.0,9242.43,0.677,14.4,6839.0,4.003,2.02
K07108.01,FALSE POSITIVE,0,8.209514329,4.14104,141387.0,149.52,1371.0,834.79,1.079,6579.3,6258.0,3.882,2.111
K07213.01,FALSE POSITIVE,0,0.379412331,1.561,594.0,1.59,1643.0,1724.34,0.243,20.2,4331.0,4.62,0.666
K07214.01,FALSE POSITIVE,0,0.585940879,4.6979,1943.6,26.57,1873.0,2897.54,1.254,189.9,5459.0,4.583,0.797
K00540.01,FALSE POSITIVE,0,25.70280003,3.1644,5623.8,33.1,562.0,23.68,1.27,67.9,5532.0,4.488,0.835
K07215.01,CANDIDATE,1,3.90735046,2.896,109.3,0.83,1007.0,243.14,0.088,10.0,5497.0,4.577,0.809
K07216.01,FALSE POSITIVE,0,0.646523404,3.917,25.2,0.85,3163.0,23676.16,0.494,14.2,7257.0,4.185,1.631
K07217.01,FALSE POSITIVE,0,2.488812012,5.94523,131002.0,83.26,1852.0,2776.19,0.931,3290.5,6499.0,4.084,1.497
K07218.01,FALSE POSITIVE,0,0.51811818,0.3969,99.0,1.09,2360.0,7376.27,0.021,7.8,6240.0,4.502,0.929
K07328.01,FALSE POSITIVE,0,12.180721266,4.15602,414950.0,63.25,742.0,71.88,0.479,1809.8,5750.0,4.538,0.882
K07329.01,FALSE POSITIVE,0,50.467024395,8.96181,103144.0,52.88,523.0,17.63,0.973,1435.1,6137.0,4.448,1.012
K07331.01,CANDIDATE,1,0.84986054,1.3875,6571.5,67.45,2260.0,6185.9,1.26,100.1,5164.0,3.949,1.676
K07332.01,CANDIDATE,1,0.933728196,3.441,67.7,0.85,2006.0,3826.49,0.015,13.3,6170.0,4.43,1.032
K07333.01,FALSE POSITIVE,0,2.03742712,3.939,36.0,0.9,1812.0,2550.21,0.791,11.4,6356.0,4.215,1.358
K00547.01,CONFIRMED,2,25.30291816,4.4903,2105.7,3.95,535.0,19.39,0.04,117.7,5121.0,4.457,0.888
K07334.01,FALSE POSITIVE,0,5.274819905,4.6688,108965.0,100.89,1646.0,1733.91,0.99,902.5,7247.0,4.111,1.834
K07431.01,FALSE POSITIVE,0,5.39525573,7.8377,104242.0,152.74,1992.0,3721.55,1.0,175.7,7216.0,3.768,2.804
K07432.01,CANDIDATE,1,13.1538409,11.56,104.6,1.03,750.0,74.8,0.39,10.6,5443.0,4.36,1.008
K07433.01,FALSE POSITIVE,0,4.737713268,6.384,105259.0,29.25,882.0,143.54,0.8,476.7,5335.0,4.624,0.719
K07434.01,CANDIDATE,1,5.704593,1.149,129.9,0.95,900.0,154.92,0.285,8.5,5523.0,4.566,0.832
K07435.01,CANDIDATE,1,1.36752316,1.208,61.0,0.82,1684.0,1899.59,0.299,11.7,5836.0,4.417,1.048
K07436.01,FALSE POSITIVE,0,2.49777454,5.241,78.7,2.14,2264.0,6214.34,0.778,51.1,7117.0,3.964,2.211
K07437.01,CANDIDATE,1,1.9997244,1.976,85.1,0.84,1385.0,870.41,0.37,8.9,5838.0,4.529,0.897
K07544.02,FALSE POSITIVE,0,1.065731229,1.7499,3639.6,384.26,5118.0,161806.81,1.277,109.2,6244.0,2.897,10.105
K07545.01,FALSE POSITIVE,0,33.65766894,40.787,15379.5,78.44,1211.0,508.66,0.306,519.2,4774.0,2.759,6.447
K07547.01,FALSE POSITIVE,0,0.892988877,2.4428,85.0,2.94,3285.0,27545.43,0.71,43.8,6228.0,3.668,2.975
K07548.01,FALSE POSITIVE,0,0.705816203,5.55,149.0,15.33,2109.0,4650.24,1.133,19.6,6106.0,4.487,0.966
K00563.01,CONFIRMED,2,15.28467725,6.0768,321.3,2.7,852.0,124.4,0.774,38.1,5763.0,4.181,1.374
K07550.01,FALSE POSITIVE,0,1.7609276,5.189,57.3,1.53,2860.0,15818.72,0.29,26.1,8784.0,4.156,1.967
K07686.01,FALSE POSITIVE,0,68.538296,3.627,1087.0,25.77,1031.0,267.17,0.002,11.3,4687.0,2.613,8.123
K07687.01,CANDIDATE,1,23.266633,8.315,49.9,2.66,1156.0,422.77,0.092,11.4,5758.0,3.456,3.775
K07689.01,FALSE POSITIVE,0,1.01530474,8.7622,16445.2,64.77,2324.0,6918.45,1.245,1823.0,6428.0,4.226,1.44
K07690.01,FALSE POSITIVE,0,2.2430415,3.63,101.1,0.89,1344.0,770.18,0.147,8.1,5897.0,4.531,0.891
K00567.03,CONFIRMED,2,29.02235217,4.0263,637.6,2.55,559.0,23.06,0.902,41.4,5788.0,4.524,0.848
K07691.01,FALSE POSITIVE,0,0.570828503,0.915,174.4,0.54,986.0,222.55,0.609,13.9,3585.0,4.868,0.388
K07692.01,FALSE POSITIVE,0,0.56256804,1.686,4.5,0.63,5127.0,164220.08,0.692,11.8,9005.0,3.84,2.773
K07794.01,FALSE POSITIVE,0,1.99492332,5.898,77.7,0.94,1451.0,1044.18,0.772,11.1,5957.0,4.498,0.971
K07795.01,CANDIDATE,1,5.44085762,2.119,137.5,0.97,892.0,149.44,0.735,9.3,5519.0,4.59,0.762
K07796.01,CANDIDATE,1,3.52364689,3.439,74.2,0.94,1330.0,739.8,0.004,8.5,6269.0,4.412,1.085
K07797.01,FALSE POSITIVE,0,36.4721523,2.673,52.6,0.7,527.0,18.29,0.738,7.7,5853.0,4.529,0.895
K07798.01,CANDIDATE,1,309.89103,16.4,321.3,2.15,314.0,2.3,0.569,10.7,6450.0,4.386,1.155
K00571.05,CONFIRMED,2,129.945392,5.786,500.1,1.18,177.0,0.23,0.909,13.1,3751.0,4.8,0.443
K07799.01,FALSE POSITIVE,0,0.977170246,3.4842,151.1,5.08,3226.0,25506.22,0.646,94.5,5596.0,3.48,3.938
K07897.01,FALSE POSITIVE,0,31.9714488,8.52,42.9,0.87,674.0,48.92,0.34,9.2,5846.0,4.169,1.323
K07898.01,FALSE POSITIVE,0,1.012174295,4.6617,323029.0,114.4,2737.0,13215.77,0.596,596.0,6987.0,4.096,1.716
K07899.01,FALSE POSITIVE,0,8.39140024,1.193,134.4,1.1,921.0,169.89,0.342,9.2,5892.0,4.389,0.935
K07900.01,FALSE POSITIVE,0,33.8938177,2.012,205.1,1.22,527.0,18.27,0.332,6.8,5818.0,4.554,0.848
K07902.01,FALSE POSITIVE,0,0.603351522,0.8358,164.1,3.91,3730.0,45493.51,0.46,20.6,6240.0,3.679,2.948
K00577.02,CONFIRMED,2,0.638162933,1.2313,109.7,0.91,1874.0,2928.31,0.092,17.6,5244.0,4.449,0.888
K07903.01,CANDIDATE,1,0.694611128,1.115,98.8,0.64,1415.0,945.45,0.176,9.3,4612.0,4.646,0.662
K08002.01,FALSE POSITIVE,0,366.74866,12.446,419.1,2.35,281.0,1.48,0.663,9.1,6136.0,4.368,1.087
K08003.01,FALSE POSITIVE,0,0.93374894,4.637,226.2,0.18,433.0,8.36,0.457,9.3,2661.0,5.283,0.116
K08004.01,FALSE POSITIVE,0,0.734548624,2.207,58.6,0.84,2082.0,4454.22,0.747,25.1,6046.0,4.478,1.007
K08005.01,FALSE POSITIVE,0,375.408923,11.438,87.3,4.48,858.0,128.15,0.529,15.3,11357.0,3.667,4.528
K08006.01,FALSE POSITIVE,0,2.17812769,1.645,61.7,0.78,1421.0,963.16,0.533,10.4,6014.0,4.494,0.958
K00583.01,CONFIRMED,2,2.437029217,3.2005,244.0,2.04,1513.0,1237.66,0.014,49.0,5573.0,4.177,1.329
K08007.01,CANDIDATE,1,67.176626864,3.1147,1689.9,9.66,179.0,0.24,1.236,5.9,3391.0,4.936,0.311
K08105.01,FALSE POSITIVE,0,432.96732,10.85,866.0,1.64,151.0,0.12,0.189,10.0,4403.0,4.7,0.576
K08106.01,FALSE POSITIVE,0,614.39054,9.312,289.1,2.43,269.0,1.24,0.11,10.2,6228.0,4.193,1.427
K08107.01,CANDIDATE,1,578.88761,18.521,76.8,1.69,315.0,2.32,0.24,15.1,6180.0,3.946,1.917
K00591.01,FALSE POSITIVE,0,2.9926465,1.81,105.9,0.89,1170.0,443.12,0.319,16.1,5718.0,4.549,0.863
K08108.01,FALSE POSITIVE,0,238.561202,11.9,260.2,5.75,568.0,24.55,0.732,16.4,6565.0,3.573,3.308
K08109.01,CANDIDATE,1,218.771117,3.201,140.1,250.2,1997.0,3757.91,0.95,8.4,3297.0,0.236,151.184
K08110.01,FALSE POSITIVE,0,375.17737,20.52,1230.0,3.64,264.0,1.15,0.405,13.7,6089.0,4.468,1.024
K08203.01,FALSE POSITIVE,0,234.66319186,7.627,243.5,1.68,328.0,2.73,0.029,5.0,6306.0,4.426,1.076
K08204.01,FALSE POSITIVE,0,351.204993,22.414,1257.9,3.57,258.0,1.04,0.777,21.3,5845.0,4.435,0.918
K00598.01,CONFIRMED,2,8.30783912,3.1516,777.5,2.15,751.0,75.09,0.019,66.4,5320.0,4.589,0.786
K08205.01,CANDIDATE,1,260.446151,9.314,713.9,25.39,608.0,32.37,0.896,16.8,4845.0,2.897,7.796
K08206.01,FALSE POSITIVE,0,345.7671,15.38,212.7,2.5,336.0,3.02,0.391,12.3,5845.0,4.024,1.702
K08207.01,FALSE POSITIVE,0,350.34114,16.97,1363.8,2.5,202.0,0.39,0.01,16.4,5188.0,4.642,0.69
K08208.01,FALSE POSITIVE,0,363.97165,5.702,1966.0,40.48,231.0,0.68,1.394,8.5,5648.0,4.559,0.841
K00607.01,CANDIDATE,1,5.89399142,1.2737,10993.0,11.16,940.0,185.03,0.867,252.5,5713.0,4.541,0.893
K00094.04,CONFIRMED,2,3.743166733,3.6888,126.3,1.5,1423.0,971.76,0.008,47.2,6181.0,4.234,1.331
K00608.01,FALSE POSITIVE,0,25.33709016,9.664,2279.4,3.47,414.0,6.93,0.824,120.3,4469.0,4.625,0.635
K00609.01,FALSE POSITIVE,0,4.396999852,1.875,4576.8,13.57,1231.0,543.48,0.987,63.3,5949.0,4.311,1.156
K00610.01,CONFIRMED,2,14.28228147,2.6588,983.2,1.82,446.0,9.38,0.019,44.7,4102.0,4.675,0.595
K00611.01,CANDIDATE,1,3.251659087,1.5286,4747.9,9.83,1384.0,865.87,0.938,466.2,6367.0,4.419,1.087
K00612.01,CONFIRMED,2,20.73989406,3.1505,616.1,2.11,536.0,19.47,0.777,44.2,5132.0,4.571,0.77
K06649.01,FALSE POSITIVE,0,0.97705114,2.33,20.1,0.77,2501.0,9261.1,0.603,7.4,6527.0,4.162,1.631
K06650.01,FALSE POSITIVE,0,5.407157086,5.8919,74653.3,125.96,1984.0,3667.86,1.062,2882.0,7617.0,3.856,2.439
K00508.02,CONFIRMED,2,16.6658994,4.1934,754.2,2.85,702.0,57.31,0.429,60.8,5674.0,4.446,1.032
K06651.01,FALSE POSITIVE,0,30.971766472,8.31171,228680.0,51.72,523.0,17.73,0.763,3245.9,5633.0,4.558,0.829
K06652.01,FALSE POSITIVE,0,5.06318803,13.8913,662677.0,302.18,908.0,160.52,3.4,1602.7,5375.0,4.531,0.752
K06654.01,FALSE POSITIVE,0,0.957476003,0.6624,450.7,2.47,2138.0,4953.98,0.327,20.2,6312.0,4.338,1.122
K06655.01,FALSE POSITIVE,0,1.559360638,5.4458,280066.0,94.2,2234.0,5905.62,0.647,419.9,7002.0,4.193,1.488
K06765.01,CANDIDATE,1,13.05609,3.498,170.8,1.3,814.0,103.85,0.097,10.8,6078.0,4.434,0.994
K00512.01,CONFIRMED,2,6.51003001,3.3095,602.8,2.78,1017.0,253.24,0.023,48.1,5638.0,4.327,1.153
K06765.02,FALSE POSITIVE,0,8.8249556,2.976,121.1,1.1,928.0,175.17,0.21,8.6,6078.0,4.434,0.994
K06767.01,FALSE POSITIVE,0,30.130130001,13.4919,280751.0,83.75,753.0,76.07,0.631,2583.7,6674.0,4.286,1.347
K06768.01,FALSE POSITIVE,0,7.0435762,15.76,449.2,2.47,938.0,183.39,0.583,27.5,5761.0,4.438,0.997
K06769.01,FALSE POSITIVE,0,9.12208711,4.62417,58790.4,52.66,904.0,157.73,1.104,1599.1,5857.0,4.396,1.039
K06770.01,FALSE POSITIVE,0,0.52880817,2.2865,57.7,1.84,3558.0,37880.12,0.432,38.8,6224.0,3.815,2.368
K06885.01,FALSE POSITIVE,0,44.827323809,6.86103,237120.0,429.0,779.0,87.2,1.494,4484.5,5160.0,3.568,3.279
K00519.02,CONFIRMED,2,34.0350605,6.695,727.8,2.76,583.0,27.24,0.474,41.3,6063.0,4.47,1.001
K06886.01,FALSE POSITIVE,0,4.1747072,11.13,449.2,2.47,938.0,183.39,0.583,27.5,5761.0,4.438,0.997
K06887.01,FALSE POSITIVE,0,0.622303871,1.84,80.9,0.77,2032.0,4050.15,0.338,9.9,5672.0,4.447,0.853
K06890.01,CANDIDATE,1,2.15888911,1.791,102.4,0.72,1130.0,384.49,0.224,9.9,5269.0,4.627,0.713
K06891.01,FALSE POSITIVE,0,4.608901433,8.73393,378548.0,48.72,1007.0,242.9,0.386,2624.6,5938.0,4.605,0.755
K06892.01,CANDIDATE,1,17.5806026,4.17,138.8,1.87,816.0,104.96,0.879,8.4,5839.0,4.199,1.358
K06998.01,FALSE POSITIVE,0,2.30118753,7.8216,87537.0,140.23,2783.0,14194.09,1.033,404.8,7970.0,3.871,2.652
K06999.01,FALSE POSITIVE,0,0.449249224,4.7565,419437.0,95.83,2941.0,17801.78,0.494,1194.9,6338.0,4.239,1.299
K07000.01,FALSE POSITIVE,0,1.759276227,3.19585,32091.2,40.79,1861.0,2828.82,1.026,2857.7,6656.0,4.351,1.232
K07001.01,FALSE POSITIVE,0,1.09206792,1.646,105.9,0.74,1320.0,715.46,0.378,7.7,4856.0,4.609,0.728
K07002.01,CANDIDATE,1,4.83014159,0.957,192.0,1.3,1039.0,275.02,0.034,11.7,5693.0,4.467,0.939
K07003.01,CANDIDATE,1,2.41194057,1.787,67.3,1.35,1654.0,1771.98,0.579,10.6,5598.0,4.045,1.594
K00524.01,CONFIRMED,2,4.592393816,2.2748,1027.7,2.51,924.0,172.6,0.02,105.9,5351.0,4.582,0.796
K07109.01,FALSE POSITIVE,0,3.431126546,2.7986,40248.0,47.48,1251.0,580.05,1.161,308.5,5815.0,4.349,0.969
K07110.01,FALSE POSITIVE,0,1.583334941,4.4854,177074.0,52.0,1548.0,1362.14,0.781,368.8,5846.0,4.472,0.953
K07112.01,CANDIDATE,1,0.78430061,2.952,254.7,1.14,1566.0,1416.91,0.659,20.5,5176.0,4.589,0.681
K07113.01,FALSE POSITIVE,0,2.665875491,7.59461,161389.0,67.43,1502.0,1199.89,0.878,2274.7,6234.0,4.351,1.159
K00532.01,CONFIRMED,2,4.221626193,3.0619,658.0,2.87,1176.0,453.2,0.847,83.7,6123.0,4.472,0.987
K07114.01,FALSE POSITIVE,0,2.6658312,5.771,40.8,0.99,1663.0,1807.48,0.864,12.4,6276.0,4.17,1.353
K07115.01,FALSE POSITIVE,0,1.5765874,15.18,29.2,15.68,2946.0,17781.51,1.04,27.9,6742.0,3.688,3.138
K07220.01,CANDIDATE,1,1.057080807,1.82,60.6,0.97,1805.0,2518.85,0.966,11.3,6000.0,4.487,0.946
K07221.01,FALSE POSITIVE,0,11.567974732,5.96595,416030.0,45.65,628.0,36.66,0.458,2341.5,5290.0,4.669,0.648
K07222.01,FALSE POSITIVE,0,21.294733865,7.60143,123177.0,71.55,771.0,83.71,0.957,2674.6,6039.0,4.242,1.278
K07223.01,CANDIDATE,1,317.062416,7.438,442.9,1.59,218.0,0.54,0.673,9.8,5366.0,4.625,0.715
K07225.01,FALSE POSITIVE,0,0.855763492,3.64361,131660.0,72.82,2464.0,8674.28,0.917,598.4,6679.0,4.286,1.326
K07227.01,FALSE POSITIVE,0,7.51509713,2.62,187.1,1.23,685.0,51.99,0.934,10.1,4867.0,4.63,0.696
K07335.01,FALSE POSITIVE,0,5.682410334,5.33373,220418.0,72.9,1141.0,401.43,0.761,2041.6,5897.0,4.278,1.196
K07336.01,FALSE POSITIVE,0,2.199069234,6.30646,225250.0,118.99,2104.0,4632.97,0.762,5915.4,6613.0,4.014,1.925
K07337.01,FALSE POSITIVE,0,1.481655821,3.4913,59134.0,59.19,1935.0,3314.58,1.103,554.4,6478.0,4.307,1.174
K07338.01,FALSE POSITIVE,0,0.93370968,3.356,62.2,0.38,865.0,131.85,0.848,9.2,3615.0,4.839,0.42
K07339.01,CANDIDATE,1,10.6982275,3.198,246.0,1.73,919.0,168.88,0.032,9.1,6277.0,4.417,1.097
K07340.01,FALSE POSITIVE,0,1.388509353,2.84811,37637.5,52.43,1836.0,2679.88,1.145,454.6,6075.0,4.315,1.13
K07341.01,FALSE POSITIVE,0,9.089355023,6.4006,101478.0,68.91,1511.0,1233.59,0.647,756.4,7675.0,4.051,2.015
K07438.01,FALSE POSITIVE,0,1.51264208,1.871,23842.0,36.72,1357.0,801.0,1.192,262.6,5258.0,4.508,0.811
K07439.01,FALSE POSITIVE,0,323.2575,17.26,286.8,2.01,293.0,1.73,0.034,20.0,5866.0,4.301,1.198
K07440.01,FALSE POSITIVE,0,0.984971822,1.64247,6683.5,56.1,2321.0,6852.37,1.274,279.1,6437.0,4.237,1.369
K00553.01,FALSE POSITIVE,0,2.399069173,3.2576,286.6,1.78,1354.0,792.76,0.649,37.8,5654.0,4.395,1.001
K07441.01,FALSE POSITIVE,0,28.487107336,3.77887,37662.9,116.84,963.0,202.98,1.175,658.2,6351.0,3.814,2.385
K07442.01,FALSE POSITIVE,0,8.61733907,4.05563,185861.0,51.79,796.0,94.74,0.825,1542.6,5387.0,4.482,0.87
K07555.01,FALSE POSITIVE,0,1.525924746,1.955,74.1,8.86,3786.0,48691.77,0.208,11.9,5000.0,2.81,10.533
K07557.01,FALSE POSITIVE,0,12.82252496,18.8,19268.0,20.12,915.0,165.54,0.706,13.7,5845.0,4.178,1.352
K07560.01,FALSE POSITIVE,0,0.648772102,2.614,31.1,2.6,3758.0,47393.05,0.368,15.0,4973.0,3.208,4.708
K07563.01,FALSE POSITIVE,0,0.93705132,4.808,51.5,6.09,5094.0,159426.96,0.773,17.3,6691.0,3.088,7.781
K07570.01,FALSE POSITIVE,0,0.592618966,0.811,91.4,0.86,2103.0,4626.58,0.083,14.9,5926.0,4.532,0.887
K07571.01,FALSE POSITIVE,0,0.532854237,3.231,50.9,1.21,3042.0,20292.47,0.618,27.9,6266.0,4.067,1.613
K07573.01,FALSE POSITIVE,0,0.566802672,3.545,31.7,1.08,2791.0,14458.31,0.128,14.3,5102.0,3.787,1.961
K07693.01,CANDIDATE,1,6.41097179,2.582,233.5,1.4,886.0,146.16,0.261,8.5,5383.0,4.486,0.933
K07694.01,FALSE POSITIVE,0,5.99321872,3.92,203.2,1.23,952.0,194.41,0.02,9.5,5853.0,4.544,0.868
K07695.01,FALSE POSITIVE,0,0.687506554,1.441,130.3,8.73,4748.0,120304.4,0.085,14.4,4643.0,2.595,7.906
K07696.01,FALSE POSITIVE,0,472.071079,5.759,252.6,2.01,268.0,1.22,0.388,6.4,6186.0,4.358,1.253
K07697.01,FALSE POSITIVE,0,1.30627214,5.144,95.4,0.87,1490.0,1161.23,0.57,10.3,5513.0,4.543,0.862
K07698.01,FALSE POSITIVE,0,508.807642,4.495,2127.0,39.59,595.0,29.54,0.016,14.8,4893.0,2.454,8.811
K07699.01,FALSE POSITIVE,0,1.003049079,7.9657,219273.0,42.5,1714.0,2049.63,0.568,1766.7,5775.0,4.518,0.844
K07800.01,FALSE POSITIVE,0,0.887691177,1.644,37.3,1.53,2709.0,12704.16,0.419,20.8,5500.0,3.775,2.491
K07801.01,FALSE POSITIVE,0,2.21396079,3.452,119.4,0.87,1123.0,375.04,0.143,9.6,4922.0,4.505,0.823
K07802.01,FALSE POSITIVE,0,43.8496474,2.217,452.3,21.42,1286.0,645.68,0.02,8.3,4893.0,2.644,10.363
K07803.01,FALSE POSITIVE,0,0.566805514,4.367,85.3,0.82,1920.0,3193.9,0.027,25.1,5115.0,4.439,0.917
K07804.01,FALSE POSITIVE,0,0.566769068,3.011,40.0,1.06,2661.0,11897.94,0.773,14.9,5496.0,3.998,1.533
K07805.01,FALSE POSITIVE,0,1.13353095,3.17,18.5,0.49,2006.0,3840.87,0.117,11.1,6318.0,4.36,1.121
K07806.01,FALSE POSITIVE,0,0.566793534,4.714,92.4,122.64,14667.0,10947554.55,0.06,40.4,3420.0,0.269,138.056
K07904.01,FALSE POSITIVE,0,374.93999098,17.0849,235.1,4.67,381.0,4.99,0.64,8.4,5382.0,3.645,2.909
K07905.01,CANDIDATE,1,7.4751841,5.166,28.1,0.85,1168.0,439.51,0.309,9.2,5616.0,3.98,1.602
K07906.01,FALSE POSITIVE,0,0.616343903,0.7656,161.4,1.72,2513.0,9411.28,0.042,77.8,6045.0,4.264,1.34
K07907.01,FALSE POSITIVE,0,352.710091,2.901,1658.0,3.75,261.0,1.09,0.329,9.6,6112.0,4.513,0.908
K07908.01,FALSE POSITIVE,0,0.532493086,2.145,19.9,1.87,4893.0,135046.96,0.558,8.9,6894.0,3.476,4.032
K07909.01,FALSE POSITIVE,0,361.51099,4.868,235.9,6.85,733.0,68.36,0.443,9.3,9492.0,3.619,4.298
K07910.01,FALSE POSITIVE,0,11.9283194,6.69,182.5,0.98,632.0,37.8,0.052,10.6,5010.0,4.545,0.75
K08008.01,FALSE POSITIVE,0,0.93378068,3.706,72.7,0.63,1427.0,985.2,0.251,9.2,4938.0,4.601,0.753
K08009.01,FALSE POSITIVE,0,0.93373895,4.156,39.6,0.64,1993.0,3723.37,0.259,10.5,6223.0,4.459,1.006
K08010.01,FALSE POSITIVE,0,0.93373718,2.582,18.9,0.48,2097.0,4570.22,0.29,8.4,6367.0,4.419,1.087
K08011.01,CANDIDATE,1,0.93420696,3.5,449.2,2.47,938.0,183.39,0.583,27.5,5761.0,4.438,0.997
K08012.01,CANDIDATE,1,34.573718512,2.1742,399.0,0.42,199.0,0.37,0.22,5.7,3374.0,5.066,0.218
K08013.01,FALSE POSITIVE,0,0.85581563,10.27,449.2,2.47,938.0,183.39,0.583,27.5,5761.0,4.438,0.997
K08014.01,FALSE POSITIVE,0,0.9337491,3.842,98.1,0.79,1662.0,1809.26,0.084,12.6,5628.0,4.575,0.808
K08015.01,FALSE POSITIVE,0,0.93374417,3.385,31.3,0.64,2126.0,4835.58,0.277,9.9,6363.0,4.399,1.131
K08111.01,CANDIDATE,1,359.33831,18.566,977.9,2.33,216.0,0.52,0.176,15.8,5316.0,4.539,0.753
K08112.01,FALSE POSITIVE,0,213.201978,15.396,696.9,1.91,221.0,0.56,0.214,12.9,4594.0,4.557,0.752
K08113.01,FALSE POSITIVE,0,77.773042,2.285,432.6,15.03,955.0,196.5,0.558,7.7,4763.0,2.685,7.068
K08114.01,FALSE POSITIVE,0,381.782641,4.52,367.6,55.75,384.0,5.12,1.204,8.6,6056.0,3.816,2.29
K08115.01,FALSE POSITIVE,0,354.7897,12.62,81.0,0.47,134.0,0.08,0.449,9.2,3778.0,4.742,0.515
K08116.01,FALSE POSITIVE,0,235.544698,8.93,299.3,2.13,316.0,2.36,0.005,9.2,5533.0,4.244,1.255
K08117.01,FALSE POSITIVE,0,0.933745798,6.447,613.8,3.45,2097.0,4570.22,0.961,75.3,6367.0,4.419,1.087
K08208.02,FALSE POSITIVE,0,395.23753,18.494,1298.0,3.17,225.0,0.61,0.629,13.4,5648.0,4.559,0.841
K08209.01,FALSE POSITIVE,0,385.97241,12.167,162.0,1.72,325.0,2.65,0.444,10.8,6732.0,4.271,1.316
K08210.01,FALSE POSITIVE,0,89.667675,3.726,1415.0,78.77,1364.0,818.91,0.324,7.0,4742.0,2.099,21.291
K08211.01,CANDIDATE,1,5.0487451,4.007,67.6,0.67,922.0,170.39,0.133,7.7,5450.0,4.573,0.83
K08212.01,FALSE POSITIVE,0,334.87402,35.42,387.8,47.48,408.0,6.52,1.165,19.1,6122.0,3.811,2.348
K08213.01,FALSE POSITIVE,0,370.2402,31.46,1272.6,29.24,270.0,1.26,1.239,20.5,6296.0,4.481,0.966
K00598.02,CONFIRMED,2,34.0963441,3.896,472.7,1.71,469.0,11.42,0.386,21.5,5320.0,4.589,0.786
K00612.02,CONFIRMED,2,47.4277116,5.2679,820.4,2.33,407.0,6.46,0.678,49.9,5132.0,4.571,0.77
K00612.03,CONFIRMED,2,122.0804953,4.054,799.9,2.92,297.0,1.83,0.957,23.3,5132.0,4.571,0.77
K00613.01,FALSE POSITIVE,0,5.07442951,4.064,250.2,1.38,929.0,175.75,0.53,26.7,5448.0,4.562,0.857
K00614.01,CONFIRMED,2,12.874712426,2.2491,3860.7,11.26,926.0,173.5,0.932,218.5,5963.0,4.218,1.424
K00615.01,FALSE POSITIVE,0,176.2432946,5.0423,4981.4,48.15,353.0,3.68,1.271,86.6,5559.0,4.209,1.231
K00097.01,CONFIRMED,2,4.885488596,5.16165,7458.4,16.66,1496.0,1182.79,0.361,2590.1,6036.0,3.968,1.909
K00616.01,CANDIDATE,1,1.433339604,1.3665,305.2,2.08,1677.0,1873.33,0.902,39.6,6077.0,4.471,0.999
K06656.01,FALSE POSITIVE,0,0.57627248,1.75,449.2,2.47,938.0,183.39,0.583,27.5,5761.0,4.438,0.997
K06657.01,FALSE POSITIVE,0,1.6037058,9.067,32.8,1.54,2492.0,9138.09,0.729,22.4,6400.0,3.877,2.512
K06658.01,FALSE POSITIVE,0,2.313367981,2.42645,13437.5,33.55,1180.0,458.02,1.247,733.6,5508.0,4.598,0.764
K06659.01,FALSE POSITIVE,0,76.01811375,13.4849,80671.0,63.58,652.0,42.65,0.788,604.3,6703.0,4.018,1.892
K06662.01,FALSE POSITIVE,0,0.643171495,2.31285,41160.0,54.03,2193.0,5486.36,1.214,641.4,5899.0,4.387,0.989
K06663.01,FALSE POSITIVE,0,14.086776961,10.1279,106837.0,65.6,1197.0,485.09,0.603,1856.9,7138.0,4.062,1.89
K00509.01,CONFIRMED,2,4.16696628,2.7535,877.7,2.74,1053.0,291.34,0.022,80.1,5456.0,4.45,0.943
K06771.01,FALSE POSITIVE,0,0.700606479,0.993,23.5,1.22,3312.0,28551.69,0.37,9.0,6280.0,3.795,2.449
K06772.01,FALSE POSITIVE,0,9.469191607,9.55999,63501.9,49.17,1679.0,1875.84,0.627,4419.3,9454.0,4.244,1.832
K06773.01,FALSE POSITIVE,0,15.53753378,5.8262,209006.0,40.9,694.0,54.73,0.425,2807.8,5704.0,4.476,0.868
K06774.01,CANDIDATE,1,17.3816224,2.73456,59099.4,26.55,756.0,77.09,0.666,1149.7,6116.0,4.407,1.02
K06775.01,FALSE POSITIVE,0,2.172042913,8.0331,154381.0,100.79,2169.0,5231.88,0.881,583.6,7128.0,4.105,1.775
K00513.01,CONFIRMED,2,35.18105723,7.545,987.7,4.17,664.0,45.89,0.772,63.1,6520.0,4.375,1.215
K06776.01,CANDIDATE,1,28.655498,8.58,173.6,1.45,658.0,44.37,0.079,10.1,6268.0,4.429,1.1
K06893.01,FALSE POSITIVE,0,3.326193904,2.08375,178470.0,14.72,521.0,17.41,0.001,502.0,3520.0,4.906,0.349
K06894.01,FALSE POSITIVE,0,6.373454978,3.9377,6084.6,51.6,1169.0,441.1,1.284,258.1,5953.0,4.161,1.254
K06895.01,FALSE POSITIVE,0,1.075577069,4.11779,140584.0,69.11,2094.0,4551.51,0.886,1589.6,6011.0,4.217,1.267
K06896.01,FALSE POSITIVE,0,0.811390968,1.0114,139.9,14.74,5043.0,153237.23,0.345,19.2,4994.0,2.682,12.487
K06899.01,FALSE POSITIVE,0,27.81892382,8.3777,238224.0,50.0,610.0,32.75,0.606,156.8,6126.0,4.513,0.915
K00520.01,CONFIRMED,2,12.75934489,3.5889,882.1,2.58,633.0,37.95,0.657,70.4,4963.0,4.501,0.826
K07004.01,FALSE POSITIVE,0,1.613014741,4.39594,152120.0,157.33,3145.0,23173.2,0.882,1096.1,7832.0,3.836,2.779
K07007.01,CANDIDATE,1,0.800263219,0.729,170.5,0.77,1240.0,561.84,0.16,13.2,4336.0,4.656,0.59
K07008.01,FALSE POSITIVE,0,7.535894184,8.3059,172126.0,24.64,642.0,40.28,0.644,1446.7,4969.0,4.736,0.537
K07009.01,FALSE POSITIVE,0,0.562498925,0.6743,420.1,2.88,2129.0,4880.5,0.971,44.1,5638.0,4.437,0.933
K07010.01,FALSE POSITIVE,0,0.755049082,2.09643,26067.9,30.47,1551.0,1372.84,1.225,683.7,5242.0,4.64,0.622
K07011.01,FALSE POSITIVE,0,1.012694226,3.6017,108504.0,42.51,2230.0,5846.79,0.534,185.1,6487.0,4.292,1.233
K07012.01,FALSE POSITIVE,0,10.303356001,5.98633,520067.0,69.66,787.0,90.76,0.364,2039.1,5497.0,4.423,0.9
K07116.01,CANDIDATE,1,2.52557582,2.32,35.4,0.62,1364.0,818.81,0.372,10.7,5821.0,4.421,1.036
K07120.01,FALSE POSITIVE,0,17.329965871,8.43812,252721.0,42.58,548.0,21.34,0.705,1938.7,5079.0,4.588,0.683
K07121.01,FALSE POSITIVE,0,1.890227354,3.855,112262.0,42.05,1236.0,551.66,0.957,252.0,5356.0,4.589,0.78
K07122.01,FALSE POSITIVE,0,1.387206724,3.82527,151432.0,103.41,2619.0,11126.98,0.856,1752.6,7207.0,4.06,1.894
K07123.01,FALSE POSITIVE,0,1.38718209,2.595,45.5,0.68,1707.0,2011.41,0.28,7.2,6122.0,4.471,0.996
K07124.01,FALSE POSITIVE,0,35.026564845,2.90121,120249.0,34.88,489.0,13.56,0.777,1607.2,5546.0,4.575,0.81
K07124.02,FALSE POSITIVE,0,379.11996,7.22,1107.7,2.74,221.0,0.57,0.483,9.2,5546.0,4.575,0.81
K00541.01,CONFIRMED,2,13.64617478,3.4098,633.0,2.06,678.0,49.89,0.115,43.4,5569.0,4.566,0.829
K07228.01,FALSE POSITIVE,0,7.51514595,3.54486,117463.0,35.8,842.0,118.99,0.84,1676.8,5624.0,4.516,0.777
K07229.01,FALSE POSITIVE,0,19.230038188,7.04412,266180.0,186.53,1361.0,810.65,0.694,7232.1,7703.0,3.844,2.916
K07230.01,FALSE POSITIVE,0,21.120005744,2.05573,13054.3,31.2,880.0,141.75,0.986,443.9,6195.0,4.069,1.598
K07231.01,FALSE POSITIVE,0,0.82206761,3.8281,26189.8,91.21,2941.0,17747.85,1.216,486.3,6531.0,3.962,1.921
K07232.01,CANDIDATE,1,1.96682825,1.645,214.3,1.18,1283.0,638.54,0.415,9.5,5595.0,4.581,0.796
K07342.01,FALSE POSITIVE,0,0.94808587,8.03,229.8,37.72,3359.0,30040.23,1.105,145.3,6875.0,3.798,2.856
K07343.01,FALSE POSITIVE,0,0.626431697,2.0171,37224.0,34.05,1709.0,2003.98,1.145,174.0,5134.0,4.56,0.721
K00547.03,CONFIRMED,2,12.3860474,2.604,151.3,1.11,679.0,50.23,0.538,9.1,5121.0,4.457,0.888
K07344.01,FALSE POSITIVE,0,2.696354974,5.39585,245988.0,80.71,1815.0,2560.78,0.324,2717.0,6472.0,4.08,1.579
K07345.01,CANDIDATE,1,377.501257,11.98,541.4,2.16,242.0,0.81,0.033,13.9,5751.0,4.508,0.94
K07346.01,FALSE POSITIVE,0,14.762889172,6.52705,79329.6,53.72,759.0,78.43,1.046,1779.1,5691.0,4.354,1.031
K07348.01,FALSE POSITIVE,0,1.463775066,0.953,45.1,1.2,2308.0,6722.29,0.719,12.7,6781.0,4.125,1.651
K07443.01,FALSE POSITIVE,0,2.16146908,3.643,84.8,0.95,1487.0,1155.45,0.41,11.8,6047.0,4.422,1.013
K07444.01,FALSE POSITIVE,0,10.26782676,6.02685,247175.0,73.59,1136.0,393.02,0.277,5758.7,6664.0,4.176,1.44
K07445.01,CANDIDATE,1,6.933574,2.43,276.7,1.3,829.0,111.53,0.05,8.0,5510.0,4.584,0.793
K07446.01,CANDIDATE,1,1.057335679,1.5795,47337.0,14.59,1276.0,623.51,0.262,476.0,4664.0,4.594,0.683
K07447.01,FALSE POSITIVE,0,1.149198426,4.1603,37721.0,42.03,1690.0,1922.43,1.167,164.2,5858.0,4.486,0.867
K07450.01,FALSE POSITIVE,0,12.314402323,5.8903,393895.0,75.21,864.0,131.33,0.506,2540.6,6247.0,4.433,1.066
K07574.01,FALSE POSITIVE,0,0.566796331,5.194,114.8,1.5,2411.0,7979.99,0.981,33.3,6319.0,4.447,1.032
K07575.01,FALSE POSITIVE,0,0.566785459,2.893,63.8,0.84,2280.0,6410.46,0.588,16.5,6063.0,4.476,1.012
K00564.01,CONFIRMED,2,21.05349939,7.1605,496.6,2.75,731.0,67.48,0.008,39.1,5751.0,4.254,1.247
K07576.01,FALSE POSITIVE,0,0.566792936,2.846,23.0,0.79,3114.0,22251.32,0.467,14.3,6432.0,4.018,1.603
K07577.01,FALSE POSITIVE,0,0.5668004,3.813,93.2,0.88,2222.0,5739.87,0.593,18.3,6215.0,4.543,0.872
K07579.01,FALSE POSITIVE,0,0.566798676,2.777,59.9,0.68,2051.0,4160.07,0.01,12.8,5490.0,4.436,0.887
K07580.01,FALSE POSITIVE,0,0.5667638,1.73,64.5,0.75,2178.0,5335.09,0.158,2.4,5766.0,4.433,0.94
K07700.01,CANDIDATE,1,631.56889,14.37,789.0,3.13,237.0,0.75,0.636,20.7,6382.0,4.432,1.059
K00568.01,CONFIRMED,2,3.383540239,1.403,255.7,1.65,1133.0,389.19,0.63,36.2,5300.0,4.385,0.986
K07702.01,FALSE POSITIVE,0,1.71051215,1.284,42.2,1.04,2004.0,3820.16,0.057,11.2,5925.0,3.989,1.589
K07703.01,CANDIDATE,1,413.51856,10.395,391.1,1.96,254.0,0.98,0.019,7.9,6031.0,4.45,0.992
K07704.01,CANDIDATE,1,5.4398033,3.256,85.5,1.0,1112.0,361.47,0.136,8.4,6108.0,4.43,1.08
K07706.01,CANDIDATE,1,42.049523793,2.1372,607.9,1.19,303.0,2.0,0.23,5.1,4281.0,4.761,0.48
K07707.01,FALSE POSITIVE,0,0.559517155,0.596,57.9,1.04,2762.0,13839.66,0.328,12.7,6462.0,4.266,1.309
K07807.01,FALSE POSITIVE,0,0.566792595,2.637,19.9,0.5,2548.0,10020.28,0.068,9.4,6277.0,4.322,1.121
K07808.01,FALSE POSITIVE,0,361.526458,6.947,525.1,5.7,410.0,6.67,0.971,14.0,7196.0,4.064,1.923
K00572.01,CONFIRMED,2,10.64021008,5.4381,455.3,2.87,963.0,203.48,0.77,58.6,6112.0,4.281,1.233
K07810.01,FALSE POSITIVE,0,308.255238,11.959,637.1,18.98,576.0,26.05,0.018,13.8,4852.0,2.896,7.797
K07811.01,FALSE POSITIVE,0,0.566814046,4.049,42.1,0.56,2039.0,4073.9,0.633,23.8,5724.0,4.53,0.827
K07812.01,FALSE POSITIVE,0,3.40076682,4.7,21.1,0.69,1540.0,1328.5,0.256,7.4,6134.0,4.142,1.496
K07813.01,FALSE POSITIVE,0,0.56676437,2.326,76.5,0.92,2267.0,6222.58,0.594,11.7,6039.0,4.478,1.005
K07911.01,FALSE POSITIVE,0,328.0485,13.75,398.0,2.22,292.0,1.72,0.329,6.9,6268.0,4.429,1.1
K07912.01,FALSE POSITIVE,0,224.591055,3.232,125.2,2.17,392.0,5.56,0.768,8.2,5786.0,3.992,1.771
K00578.01,CONFIRMED,2,6.412512953,5.2677,1156.4,3.89,1069.0,308.76,0.553,183.1,6026.0,4.366,1.108
K07913.01,CONFIRMED,2,24.2783801,4.564,714.4,2.03,432.0,8.27,0.717,13.6,4450.0,4.583,0.707
K07914.01,FALSE POSITIVE,0,1.72128752,2.366,58.5,0.65,1415.0,944.49,0.449,7.7,5813.0,4.561,0.833
K07915.01,CANDIDATE,1,382.5891,11.7,298.2,2.15,305.0,2.05,0.042,10.5,6337.0,4.261,1.239
K07916.01,FALSE POSITIVE,0,0.784294574,4.18831,212526.0,87.26,2651.0,11702.6,0.764,1751.1,6576.0,4.171,1.455
K08016.01,FALSE POSITIVE,0,0.93374635,3.074,34.3,0.63,1895.0,3029.67,0.096,7.3,5593.0,4.349,1.094
K00584.01,CONFIRMED,2,9.9267215,3.8428,725.5,2.76,803.0,98.34,0.625,97.3,5475.0,4.43,0.982
K08017.01,FALSE POSITIVE,0,0.9337465,3.629,49.9,0.63,1863.0,2852.33,0.167,11.6,6102.0,4.528,0.887
K08018.01,FALSE POSITIVE,0,0.93371631,4.344,61.3,0.7,1743.0,2180.39,0.401,10.3,5734.0,4.538,0.883
K08019.01,FALSE POSITIVE,0,0.93376131,3.747,55.6,0.61,1682.0,1891.81,0.312,10.5,5665.0,4.568,0.82
K08020.01,FALSE POSITIVE,0,0.93377253,2.544,30.0,0.43,1644.0,1734.32,0.004,8.4,5595.0,4.581,0.796
K08021.01,FALSE POSITIVE,0,0.93376021,3.182,56.5,0.4,1019.0,253.97,0.297,9.5,3885.0,4.71,0.54
K00592.01,CONFIRMED,2,39.7529915,4.9641,549.3,2.37,568.0,24.54,0.046,40.9,6072.0,4.411,1.01
K08118.01,FALSE POSITIVE,0,260.02265,12.009,2060.7,3.13,217.0,0.53,0.842,25.7,5250.0,4.684,0.608
K08119.01,FALSE POSITIVE,0,443.66,7.99,360.7,33.2,331.0,2.85,1.194,6.3,6743.0,4.144,1.433
K08120.01,FALSE POSITIVE,0,366.28999,10.869,2568.0,68.39,666.0,46.47,0.654,11.9,5083.0,2.708,12.868
K08121.01,FALSE POSITIVE,0,72.6549842,5.503,389.3,34.52,699.0,56.33,1.141,22.1,6793.0,3.926,1.96
K08122.01,CANDIDATE,1,54.753883835,2.0865,442.3,2.21,521.0,17.47,0.009,0.9,6242.0,4.442,1.047
K08123.01,FALSE POSITIVE,0,379.42818,11.24,403.9,1.89,252.0,0.95,0.006,11.1,5947.0,4.487,0.945
K08214.01,FALSE POSITIVE,0,1.6749812,2.707,94.0,79.51,8986.0,1540745.8,0.382,8.9,3940.0,0.76,84.461
K08215.01,FALSE POSITIVE,0,288.678554,9.197,242.5,0.96,172.0,0.21,0.717,10.8,4326.0,4.667,0.575
K08216.01,FALSE POSITIVE,0,307.94735718,15.0,11296.0,76.66,492.0,13.83,0.966,16.5,4878.0,3.08,4.461
K08217.01,FALSE POSITIVE,0,277.25118,8.742,1517.4,5.02,304.0,2.02,0.932,15.3,6046.0,4.357,1.048
K08218.01,FALSE POSITIVE,0,264.63654,42.77,431.8,42.55,376.0,4.75,1.247,28.2,6564.0,4.198,1.461
K08219.01,FALSE POSITIVE,0,115.28415,11.39,415.1,2.05,374.0,4.63,0.39,9.5,5780.0,4.438,1.0
K08220.01,FALSE POSITIVE,0,423.73074,19.4,834.9,2.48,225.0,0.6,0.37,12.1,5743.0,4.553,0.853
K00617.01,FALSE POSITIVE,0,37.86511904,2.9799,6941.7,40.36,535.0,19.31,1.28,222.3,5858.0,4.495,0.963
K00618.01,CONFIRMED,2,9.07098164,2.6903,1026.2,2.94,825.0,109.61,0.013,59.1,5672.0,4.506,0.929
K00619.01,CANDIDATE,1,2.879243323,2.6273,48050.0,21.02,1244.0,565.39,0.709,200.5,5941.0,4.533,0.885
K00620.01,CONFIRMED,2,45.15535633,5.7845,6208.7,7.65,523.0,17.68,0.063,285.1,6046.0,4.486,0.972
K00620.02,CONFIRMED,2,130.17802962,8.4534,11570.9,10.44,367.0,4.31,0.022,365.2,6046.0,4.486,0.972
K00620.03,CONFIRMED,2,85.3162004,2.7441,1902.6,6.34,423.0,7.57,0.972,32.6,6046.0,4.486,0.972
K00621.01,FALSE POSITIVE,0,17.761998411,2.4644,24176.9,14.25,538.0,19.78,0.907,731.7,5088.0,4.612,0.669
K06664.01,FALSE POSITIVE,0,14.7639145,3.14,162.5,0.93,632.0,37.74,0.016,7.7,5541.0,4.613,0.733
K06665.01,FALSE POSITIVE,0,1.872620976,1.7626,1530.6,31.43,1550.0,1362.23,1.242,181.9,6031.0,4.427,1.004
K06666.01,CANDIDATE,1,1.118510435,1.111,72.7,0.75,1684.0,1898.51,0.251,9.9,5918.0,4.544,0.865
K06667.01,FALSE POSITIVE,0,17.527826808,5.78491,347519.0,49.36,554.0,22.31,0.567,2450.1,5079.0,4.579,0.732
K06668.01,FALSE POSITIVE,0,27.467217305,4.17961,71766.5,38.87,527.0,18.22,1.076,1986.1,5503.0,4.536,0.742
K06669.01,FALSE POSITIVE,0,25.836831272,6.32201,145045.0,50.72,587.0,28.08,0.899,3016.9,5691.0,4.477,0.897
K06777.01,CANDIDATE,1,13.4450174,2.118,196.2,1.08,606.0,31.92,0.531,8.3,5003.0,4.553,0.759
K06778.01,FALSE POSITIVE,0,10.88242209,5.51934,206811.0,63.14,894.0,150.98,0.788,4284.2,6200.0,4.422,1.045
K06779.01,FALSE POSITIVE,0,1.926366998,3.98088,399528.0,53.63,1204.0,497.84,0.498,1093.2,5176.0,4.542,0.76
K06780.01,FALSE POSITIVE,0,2.325185422,7.2871,268.5,81.88,3738.0,46102.7,1.247,256.3,11076.0,3.989,2.896
K06782.01,FALSE POSITIVE,0,40.877841988,9.88456,256094.0,164.06,915.0,166.06,0.71,5260.3,6807.0,3.848,2.59
K06783.01,CANDIDATE,1,11.8496351,3.319,183.8,1.31,802.0,97.71,0.607,9.6,6032.0,4.508,0.929
K06784.01,FALSE POSITIVE,0,36.75892725,15.5723,261730.0,51.31,575.0,25.82,0.298,4263.6,6085.0,4.438,0.979
K06900.01,FALSE POSITIVE,0,8.467706136,4.05376,77323.6,43.98,844.0,120.02,1.054,976.0,5873.0,4.554,0.843
K06901.01,FALSE POSITIVE,0,24.70361995,6.9719,217538.0,30.13,464.0,10.99,0.206,268.7,5030.0,4.665,0.65
K06903.01,FALSE POSITIVE,0,38.058140058,8.82403,308873.0,94.1,736.0,69.39,0.63,3602.0,6894.0,4.25,1.419
K06905.01,FALSE POSITIVE,0,4.800232532,3.57105,277001.0,48.67,941.0,184.84,0.669,893.6,5591.0,4.59,0.756
K06907.01,CANDIDATE,1,4.60687717,2.295,258.7,1.14,865.0,132.78,0.341,7.5,5110.0,4.582,0.711
K06908.01,FALSE POSITIVE,0,1.507100589,5.8097,497657.0,131.16,2378.0,7555.78,0.336,711.8,6919.0,4.099,1.748
K07013.01,FALSE POSITIVE,0,2.214029545,5.64264,349110.0,94.23,1894.0,3041.8,0.371,2680.5,6604.0,4.178,1.526
K07014.01,FALSE POSITIVE,0,2.441988077,3.94526,95343.5,90.39,1993.0,3721.74,0.888,1174.5,6078.0,3.874,2.059
K07015.01,FALSE POSITIVE,0,2.44200193,3.146,128.6,0.95,1217.0,518.48,0.124,9.6,5587.0,4.556,0.851
K00525.01,FALSE POSITIVE,0,11.53029332,1.8385,1209.3,3.98,873.0,137.08,0.027,57.6,5770.0,4.289,1.152
K07016.01,CONFIRMED,2,384.847556,9.969,189.9,1.09,220.0,0.56,0.059,12.3,5579.0,4.58,0.798
K07017.01,FALSE POSITIVE,0,12.823275455,5.32062,121991.0,44.29,743.0,72.0,0.93,2541.7,5973.0,4.562,0.826
K07018.01,FALSE POSITIVE,0,37.183276326,14.0996,221205.0,55.0,594.0,29.41,0.003,2648.4,5657.0,4.23,1.168
K07125.01,CANDIDATE,1,7.918267,3.478,83.7,0.93,953.0,195.36,0.219,8.4,5966.0,4.418,1.016
K00533.01,CONFIRMED,2,16.54967098,4.3808,744.5,2.95,656.0,43.72,0.88,46.8,5372.0,4.434,0.916
K07126.01,FALSE POSITIVE,0,3.138580493,4.16343,233337.0,59.24,1281.0,635.61,0.619,2387.8,5593.0,4.311,1.083
K07127.01,FALSE POSITIVE,0,0.687004402,3.829,93.7,2.89,3535.0,36888.8,0.689,45.0,6240.0,3.684,2.803
K07128.01,FALSE POSITIVE,0,0.91839938,4.479,152.1,1.0,1558.0,1389.28,0.519,16.8,5222.0,4.556,0.795
K07130.01,FALSE POSITIVE,0,0.94356284,5.721,13.4,0.76,3176.0,23945.42,0.569,16.0,7693.0,4.083,1.984
K07131.01,CANDIDATE,1,2.243569483,4.14769,66328.2,21.11,1364.0,817.05,0.381,1107.7,6081.0,4.526,0.801
K07233.01,FALSE POSITIVE,0,45.035589512,9.8341,404836.0,82.4,600.0,30.66,0.499,1763.5,6484.0,4.386,1.153
K07234.01,FALSE POSITIVE,0,8.429438192,3.94306,456346.0,49.49,582.0,27.16,0.428,3072.5,4268.0,4.602,0.68
K07236.01,CANDIDATE,1,14.461834,7.156,80.2,1.05,785.0,89.86,0.065,9.0,5457.0,4.239,1.196
K07238.01,FALSE POSITIVE,0,1.374249107,5.3181,136655.0,96.85,2725.0,13078.76,0.771,520.3,7053.0,3.958,2.121
K07239.01,FALSE POSITIVE,0,8.4804737,6.157,337.0,1.85,930.0,176.51,0.33,14.5,6092.0,4.471,0.998
K00542.01,CONFIRMED,2,41.8854433,6.763,687.4,3.28,540.0,20.05,0.917,47.0,5735.0,4.356,1.028
K07349.01,FALSE POSITIVE,0,8.098754149,5.62354,56616.3,123.02,1176.0,452.03,1.467,5402.0,6328.0,4.16,1.45
K07350.01,FALSE POSITIVE,0,0.587938916,1.40211,7339.5,29.98,1800.0,2476.75,1.257,563.0,5237.0,4.543,0.74
K07351.01,FALSE POSITIVE,0,2.045166206,6.84312,263637.0,131.41,2422.0,8125.86,0.661,1488.6,7128.0,3.95,2.135
K07352.01,FALSE POSITIVE,0,2.41349123,11.29,57.0,2.11,2348.0,7197.15,0.728,38.1,6628.0,3.783,2.595
K07353.01,FALSE POSITIVE,0,0.447820618,0.4199,58.3,1.42,3141.0,23149.06,0.317,28.4,5927.0,3.988,1.607
K07354.01,CANDIDATE,1,43.2675604,8.331,69.1,1.61,664.0,45.99,0.818,10.0,5747.0,4.018,1.729
K07452.01,FALSE POSITIVE,0,25.431861399,5.23771,46564.7,43.42,601.0,30.92,1.126,785.0,5754.0,4.458,0.9
K07454.01,FALSE POSITIVE,0,20.413052415,4.4621,92672.5,35.03,668.0,47.14,0.777,1620.8,5941.0,4.487,0.963
K00554.01,CANDIDATE,1,3.65849707,2.573,4398.0,14.61,1583.0,1486.35,0.906,47.0,5857.0,3.972,1.822
K07456.01,FALSE POSITIVE,0,0.527679032,1.395,84.1,0.79,2115.0,4714.94,0.284,14.8,5799.0,4.548,0.86
K07457.01,FALSE POSITIVE,0,0.527673075,1.3693,26.1,0.42,1970.0,3535.35,0.134,2.3,5367.0,4.514,0.828
K07458.01,FALSE POSITIVE,0,0.527678272,2.33166,247744.0,75.31,2551.0,9989.53,0.385,706.1,5321.0,4.069,1.475
K07459.01,FALSE POSITIVE,0,3.55027051,1.879,212.7,1.15,1036.0,272.61,0.022,7.6,5497.0,4.581,0.8
K07581.01,FALSE POSITIVE,0,38.51077573,38.8558,84633.4,18.68,352.0,3.64,0.467,3567.5,4374.0,4.626,0.635
K07583.01,FALSE POSITIVE,0,0.577910513,1.362,144.1,1.1,2081.0,4429.84,0.367,18.1,5730.0,4.503,0.908
K07584.01,FALSE POSITIVE,0,0.566807725,2.16,31.5,0.94,2524.0,9645.51,0.155,12.3,5018.0,3.953,1.734
K07585.01,FALSE POSITIVE,0,0.566807422,5.148,26.1,1.13,2680.0,12227.82,0.985,28.8,5616.0,4.04,1.547
K07587.01,CANDIDATE,1,366.088938,11.887,537.9,2.57,257.0,1.03,0.89,29.0,5941.0,4.464,0.945
K07595.01,FALSE POSITIVE,0,10.4212788,28.4832,148.0,36.9,1235.0,549.92,1.151,31.0,6183.0,3.908,2.073
K00564.02,CONFIRMED,2,127.905412,14.475,4020.6,8.03,401.0,6.09,0.47,171.0,5751.0,4.254,1.247
K07708.01,CANDIDATE,1,6.70242786,1.221,65.3,1.82,1367.0,827.56,0.369,8.8,5466.0,3.735,2.224
K07709.01,FALSE POSITIVE,0,2.69487041,2.553,62.1,0.97,1440.0,1020.03,0.554,10.3,5823.0,4.283,1.187
K07710.01,FALSE POSITIVE,0,1.23517588,5.476,232.9,1.59,1697.0,1955.7,0.625,19.3,5780.0,4.438,1.0
K07711.01,CANDIDATE,1,302.779824,16.847,270.9,1.31,246.0,0.87,0.001,12.3,5734.0,4.572,0.797
K07712.01,CANDIDATE,1,4.8302364,7.983,22.5,1.06,1453.0,1052.42,0.316,11.6,5086.0,3.678,2.247
K00568.02,CONFIRMED,2,2.358952404,1.593,94.1,0.96,1278.0,630.43,0.385,17.3,5300.0,4.385,0.986
K07713.01,FALSE POSITIVE,0,1.381257093,1.125,92.3,1.1,1728.0,2110.47,0.351,11.0,5861.0,4.385,1.131
K07814.01,FALSE POSITIVE,0,0.566717263,2.6079,18.5,0.43,2096.0,4581.82,0.606,11.1,5544.0,4.438,0.957
K07815.01,FALSE POSITIVE,0,0.566812588,3.596,17.1,0.71,3089.0,21653.56,0.079,17.5,6194.0,3.971,1.718
K07816.01,FALSE POSITIVE,0,0.566789505,5.835,54.6,3.37,2038.0,4051.92,1.03,12.6,5894.0,4.585,0.784
K07817.01,FALSE POSITIVE,0,0.56679641,2.324,26.7,0.46,1940.0,3349.38,0.322,14.1,5403.0,4.54,0.888
K07818.01,CANDIDATE,1,2.52443998,2.369,45.8,1.53,2145.0,4998.98,0.232,10.6,6461.0,3.846,2.225
K07819.01,FALSE POSITIVE,0,0.769358923,1.5364,44.8,1.93,2928.0,17335.4,0.111,19.8,5267.0,3.655,2.935
K00572.02,CONFIRMED,2,4.93883135,4.388,123.5,1.44,1244.0,566.38,0.633,21.3,6112.0,4.281,1.233
K07917.01,FALSE POSITIVE,0,1.41435861,2.285,56.8,0.74,1578.0,1458.2,0.189,9.5,5470.0,4.366,0.994
K07919.01,FALSE POSITIVE,0,31.97280045,4.9,2236.4,5.88,626.0,36.33,0.935,44.8,6340.0,4.457,1.01
K07920.01,CANDIDATE,1,1.04347858,2.012,22.5,1.09,2688.0,12313.82,0.497,8.6,6014.0,3.843,2.246
K07921.01,FALSE POSITIVE,0,364.33929,13.486,1944.0,4.4,228.0,0.64,0.934,15.9,5606.0,4.557,0.8
K07922.01,FALSE POSITIVE,0,0.812678859,0.841,39.3,0.83,2403.0,7917.14,0.664,7.4,6636.0,4.349,1.236
K07923.01,CANDIDATE,1,395.13138,21.291,126.4,0.97,208.0,0.44,0.45,14.4,5060.0,4.493,0.869
K00579.01,CONFIRMED,2,2.019997006,1.8073,332.8,1.46,1166.0,437.85,0.502,52.1,5103.0,4.562,0.787
K08022.01,FALSE POSITIVE,0,0.93372008,2.591,17.0,0.41,1990.0,3704.01,0.413,7.9,6221.0,4.452,0.983
K08023.01,FALSE POSITIVE,0,0.93373591,4.517,35.1,0.57,1904.0,3116.05,0.21,10.8,6028.0,4.47,0.95
K08024.01,FALSE POSITIVE,0,0.93374911,3.504,57.8,0.66,1793.0,2442.7,0.505,8.4,5978.0,4.554,0.846
K08025.01,FALSE POSITIVE,0,0.93372261,3.052,31.2,0.59,1949.0,3430.76,0.534,8.2,5984.0,4.419,1.017
K08026.01,CANDIDATE,1,7.7529342,5.072,72.1,0.93,1002.0,238.09,0.449,9.2,5975.0,4.335,1.072
K00584.02,CONFIRMED,2,21.22349325,4.9416,582.9,2.63,623.0,35.69,0.794,60.2,5475.0,4.43,0.982
K08027.01,FALSE POSITIVE,0,0.573762943,2.196,48.3,0.39,1538.0,1331.17,0.13,8.5,4891.0,4.683,0.571
K08124.01,FALSE POSITIVE,0,103.039788,14.197,1370.0,2.05,210.0,0.46,0.039,15.9,3749.0,4.674,0.581
K08125.01,FALSE POSITIVE,0,312.61007,14.85,438.7,2.01,258.0,1.05,0.601,11.9,5818.0,4.523,0.925
K08126.01,FALSE POSITIVE,0,429.60143,18.11,1001.4,2.74,223.0,0.58,0.025,12.2,5587.0,4.502,0.877
K08127.01,FALSE POSITIVE,0,499.88159,13.39,184.4,2.61,338.0,3.07,0.671,12.4,6486.0,3.992,1.812
K00593.01,CONFIRMED,2,9.99760285,3.4423,638.7,2.82,860.0,129.18,0.851,39.0,6004.0,4.484,0.977
K08128.01,FALSE POSITIVE,0,197.37704,18.71,226.2,84.37,815.0,104.45,1.277,15.1,10974.0,4.041,2.677
K08129.01,FALSE POSITIVE,0,1.65746034,4.572,22.9,0.54,1663.0,1808.13,0.193,9.1,5860.0,4.326,1.13
K08221.01,FALSE POSITIVE,0,293.38641,15.23,94.9,1.35,347.0,3.43,0.537,13.4,6392.0,4.213,1.34
K08222.01,FALSE POSITIVE,0,677.56282,10.53,631.0,2.24,190.0,0.31,0.537,8.5,5511.0,4.477,0.872
K08223.01,CANDIDATE,1,66.716453,3.855,626.0,2.2,402.0,6.18,0.548,8.1,5447.0,4.506,0.859
K00599.01,CONFIRMED,2,6.45442931,2.6772,586.1,2.48,999.0,234.98,0.749,45.3,6092.0,4.496,0.943
K08224.01,FALSE POSITIVE,0,371.21205,19.95,719.9,2.55,259.0,1.07,0.357,12.9,6106.0,4.497,0.94
K08225.01,FALSE POSITIVE,0,190.783023,4.069,1385.0,71.66,989.0,226.51,0.088,9.5,5013.0,2.394,19.813
K08226.01,FALSE POSITIVE,0,371.90464,25.36,519.1,2.88,271.0,1.28,0.922,14.4,6164.0,4.446,1.045
K00622.01,CANDIDATE,1,155.042265,9.848,4880.9,26.44,511.0,16.15,0.824,117.9,4994.0,3.509,3.322
K00623.01,CONFIRMED,2,10.34973276,4.4859,119.0,1.44,930.0,177.25,0.905,44.5,6003.0,4.303,1.109
K00098.01,CONFIRMED,2,6.790120801,6.0437,2302.3,9.86,1434.0,998.97,0.486,526.1,6372.0,3.954,2.001
K00623.02,CONFIRMED,2,15.67750191,5.5082,115.5,1.42,810.0,101.79,0.911,39.6,6003.0,4.303,1.109
K00623.03,CONFIRMED,2,5.59931543,3.8944,84.8,1.22,1142.0,402.39,0.914,41.4,6003.0,4.303,1.109
K00623.04,CONFIRMED,2,25.2100146,6.553,62.1,0.95,691.0,54.06,0.771,18.8,6003.0,4.303,1.109
K00624.01,CONFIRMED,2,17.79001678,4.4116,871.4,2.7,655.0,43.5,0.182,67.2,5569.0,4.474,0.927
K06670.01,FALSE POSITIVE,0,0.94895231,3.952,57.7,2.51,3464.0,33931.93,0.738,18.1,6661.0,3.666,3.067
K06671.01,FALSE POSITIVE,0,11.702203927,2.75173,28998.7,57.95,1240.0,560.24,0.967,2184.7,6148.0,3.793,2.133
K06672.01,CANDIDATE,1,2.28494301,1.01,161.8,1.0,1180.0,458.39,0.013,10.6,5396.0,4.571,0.789
K06673.01,FALSE POSITIVE,0,3.722775537,14.3309,107594.0,90.36,1731.0,2125.53,0.626,864.9,5425.0,3.678,2.592
K00082.05,CONFIRMED,2,5.28691996,2.579,41.5,0.51,792.0,92.97,0.705,15.8,4900.0,4.602,0.741
K00509.02,CONFIRMED,2,11.46347165,2.599,1048.6,3.0,752.0,75.57,0.103,56.5,5456.0,4.45,0.943
K06674.01,FALSE POSITIVE,0,1.245342215,4.40308,234086.0,90.34,2341.0,7120.27,0.728,1178.5,6967.0,4.25,1.476
K06786.01,CANDIDATE,1,455.62395,13.07,1112.1,3.0,228.0,0.64,0.335,14.0,5883.0,4.53,0.892
K06787.01,FALSE POSITIVE,0,1.574063832,5.6357,1118.1,28.63,1619.0,1622.84,1.237,145.3,5951.0,4.411,0.962
K00082.06,CANDIDATE,1,22.4098677,2.271,69.8,0.73,489.0,13.55,0.869,11.9,4900.0,4.602,0.741
K00514.01,FALSE POSITIVE,0,11.75560012,4.7,648.8,22.39,716.0,62.19,1.228,46.3,5644.0,4.575,0.806
K06789.01,FALSE POSITIVE,0,3.867613816,5.36467,340908.0,69.23,1203.0,494.75,0.553,1379.1,5780.0,4.364,1.046
K06790.01,FALSE POSITIVE,0,0.733726452,2.309,114.6,0.86,1867.0,2891.64,0.291,13.8,5855.0,4.578,0.797
K06791.01,FALSE POSITIVE,0,36.473115046,2.91005,161926.0,53.1,467.0,11.24,1.003,1899.1,5452.0,4.594,0.766
K06909.01,FALSE POSITIVE,0,0.758355704,4.4135,9568.3,8.78,1765.0,2292.94,0.846,153.3,5629.0,4.586,0.783
K06911.01,FALSE POSITIVE,0,0.843400322,1.7606,43.7,0.65,1941.0,3371.24,0.489,23.8,5982.0,4.493,0.96
K06912.01,FALSE POSITIVE,0,17.042155208,7.80412,55165.0,24.93,760.0,78.98,0.455,2046.2,6197.0,4.449,1.035
K06914.01,FALSE POSITIVE,0,0.60886299,1.27896,2019.5,158.5,3651.0,42225.89,1.294,457.8,5022.0,3.311,4.167
K00084.01,CONFIRMED,2,9.286964466,3.3649,691.7,2.1,762.0,79.68,0.004,251.9,5546.0,4.575,0.81
K00520.02,CONFIRMED,2,5.433132902,2.4012,328.2,1.61,841.0,118.56,0.72,33.1,4963.0,4.501,0.826
K06915.01,FALSE POSITIVE,0,4.43529675,2.117,181.9,1.15,1026.0,261.33,0.353,9.6,5659.0,4.511,0.842
K07019.01,FALSE POSITIVE,0,5.065329723,4.90392,155614.0,60.35,1315.0,705.6,0.725,5497.0,6350.0,4.233,1.286
K07020.01,FALSE POSITIVE,0,0.957079167,3.85011,48673.6,72.76,2441.0,8421.62,1.135,3062.6,6367.0,4.133,1.468
K07021.01,FALSE POSITIVE,0,9.380632783,4.295,65832.8,46.72,846.0,120.99,1.084,1053.1,5926.0,4.519,0.913
K07022.01,FALSE POSITIVE,0,10.064687893,3.59854,10088.0,30.11,679.0,50.11,1.261,585.4,5185.0,4.571,0.705
K07023.01,CANDIDATE,1,2.71772323,3.22,70.3,0.72,1123.0,375.05,0.197,9.3,5135.0,4.464,0.874
K07024.01,FALSE POSITIVE,0,7.73591011,5.01919,315131.0,50.46,806.0,99.92,0.613,3786.7,5623.0,4.596,0.763
K07025.01,FALSE POSITIVE,0,5.1348689,48.69,115.8,16.17,1040.0,276.25,1.137,36.1,5515.0,4.357,1.001
K07132.01,FALSE POSITIVE,0,8.258181993,3.9122,311858.0,58.19,809.0,101.33,0.61,2981.6,5306.0,4.445,0.888
K07133.01,CANDIDATE,1,82.78482,7.52,190.4,2.16,501.0,14.88,0.682,8.4,5749.0,4.123,1.48
K07134.01,FALSE POSITIVE,0,1.81139053,8.64,77.5,14.47,1466.0,1092.69,1.137,12.5,5941.0,4.519,0.911
K07135.01,FALSE POSITIVE,0,18.646323091,8.853,231000.0,213.31,1194.0,480.54,0.742,2895.8,5786.0,3.542,3.478
K07138.01,FALSE POSITIVE,0,3.044771557,11.0593,487818.0,231.93,2816.0,14849.39,0.295,3684.9,8199.0,3.747,3.163
K00008.01,FALSE POSITIVE,0,1.16015259,1.3433,170.2,1.4,1751.0,2229.29,0.748,48.4,5842.0,4.433,0.985
K07241.01,FALSE POSITIVE,0,4.994773558,4.48893,259761.0,62.69,1264.0,604.21,0.416,5742.0,6253.0,4.271,1.181
K07242.01,FALSE POSITIVE,0,2.028512246,5.00309,121562.0,50.28,1542.0,1333.24,0.871,1545.8,6105.0,4.412,1.025
K07243.01,FALSE POSITIVE,0,1.33256167,3.743,59.5,0.63,1326.0,727.84,0.402,13.0,4895.0,4.502,0.828
K07244.01,FALSE POSITIVE,0,1.332567821,3.4844,31.0,0.96,2395.0,7802.17,0.413,5.0,6600.0,4.047,1.681
K07245.01,FALSE POSITIVE,0,1.332545609,3.997,278.2,28.37,5080.0,157611.61,0.582,31.4,5154.0,2.435,16.486
K07246.01,FALSE POSITIVE,0,1.33256256,3.088,174.9,16.03,4529.0,99175.88,0.137,11.9,4601.0,2.321,12.581
K07247.01,FALSE POSITIVE,0,1.33258981,3.987,78.4,0.67,1369.0,832.33,0.223,16.1,5309.0,4.595,0.763
K00548.01,CONFIRMED,2,21.30020491,4.0852,659.8,2.99,725.0,65.37,0.075,58.1,6008.0,4.35,1.168
K07355.01,FALSE POSITIVE,0,1.23133063,3.7,78.9,0.54,1072.0,311.53,0.051,17.6,4237.0,4.63,0.631
K07356.01,FALSE POSITIVE,0,0.61566096,2.669,13.9,0.84,3459.0,33790.36,0.161,8.5,6619.0,3.89,2.23
K07357.01,FALSE POSITIVE,0,1.23140522,3.338,51.3,0.81,1756.0,2252.47,0.412,10.8,5600.0,4.32,1.118
K07358.01,CANDIDATE,1,11.3251153,2.126,297.2,1.26,674.0,48.78,0.352,7.0,5334.0,4.574,0.727
K07359.01,CANDIDATE,1,4.237447181,0.3792,350.1,2.26,1172.0,446.38,0.187,11.1,5993.0,4.425,0.993
K07361.01,CANDIDATE,1,0.92623983,1.267,411.4,1.16,1208.0,504.34,0.058,9.1,4494.0,4.692,0.591
K07460.01,CANDIDATE,1,5.70509519,1.58,283.6,1.58,947.0,189.8,0.469,9.2,5455.0,4.448,0.927
K07461.01,FALSE POSITIVE,0,65.4317194,12.2384,153407.0,59.22,490.0,13.58,0.885,1146.6,6201.0,4.431,1.04
K07462.01,FALSE POSITIVE,0,1.718649321,3.94095,190567.0,39.08,1499.0,1194.16,0.421,833.4,6071.0,4.541,0.865
K07463.01,FALSE POSITIVE,0,7.2949175,41.04,182.8,11.67,763.0,79.99,1.132,18.9,5289.0,4.614,0.731
K07464.01,FALSE POSITIVE,0,7.2935801,40.02,124.5,17.41,925.0,173.44,1.157,26.6,5900.0,4.509,0.951
K07466.01,FALSE POSITIVE,0,10.368552685,4.37878,153233.0,61.14,845.0,120.48,0.978,3170.1,5855.0,4.418,0.944
K07598.01,FALSE POSITIVE,0,4.44709107,16.79,40.5,0.96,1228.0,537.35,0.988,22.6,6137.0,4.357,1.076
K07601.01,FALSE POSITIVE,0,342.55315723,73.8068,192887.0,830.99,738.0,70.22,0.797,8248.4,4857.0,2.422,14.219
K07608.01,FALSE POSITIVE,0,7.4539297,14.21,449.2,2.47,938.0,183.39,0.583,27.5,5761.0,4.438,0.997
K07609.01,FALSE POSITIVE,0,36.136968,15.42,152.0,1.3,600.0,30.69,0.296,10.4,6258.0,4.442,1.046
K07610.01,FALSE POSITIVE,0,0.933746709,3.435,18.6,0.36,1893.0,3026.99,0.057,14.3,6302.0,4.535,0.815
K07611.01,FALSE POSITIVE,0,0.93376738,4.036,55.4,0.63,1678.0,1879.0,0.714,16.5,5611.0,4.53,0.787
K07612.01,FALSE POSITIVE,0,0.93374073,4.296,147.6,0.84,1371.0,831.95,0.009,13.4,4753.0,4.585,0.717
K07714.01,FALSE POSITIVE,0,1.52593737,1.958,159.1,1.39,1697.0,1963.41,0.681,9.6,6184.0,4.448,1.038
K07715.01,CANDIDATE,1,25.8616058,7.78,123.0,1.12,613.0,33.37,0.855,8.5,6067.0,4.524,0.884
K07716.01,CANDIDATE,1,483.36405,15.61,285.4,1.27,202.0,0.39,0.614,8.3,5700.0,4.626,0.718
K07717.01,FALSE POSITIVE,0,1.041619932,8.1218,1840.5,30.94,1858.0,2828.16,1.237,374.1,5838.0,4.374,0.991
K07718.01,FALSE POSITIVE,0,208.18711785,2.5404,394.7,1.99,307.0,2.1,0.321,4.2,5780.0,4.438,1.0
K07719.01,FALSE POSITIVE,0,219.74735,22.48,190.4,3.24,427.0,7.82,0.097,12.7,5127.0,3.602,2.38
K07720.01,FALSE POSITIVE,0,46.9434911,1.368,100.7,1.57,669.0,47.27,0.213,6.6,6253.0,4.102,1.55
K07821.01,FALSE POSITIVE,0,1.13357304,2.849,33.1,0.59,1836.0,2688.01,0.739,12.0,6147.0,4.449,0.954
K07822.01,FALSE POSITIVE,0,0.566795586,4.124,39.4,0.66,2296.0,6597.1,0.686,19.6,6108.0,4.471,0.997
K07823.01,FALSE POSITIVE,0,0.566781152,3.995,133.4,0.54,1090.0,337.1,0.427,24.9,3725.0,4.787,0.46
K07824.01,FALSE POSITIVE,0,0.566799125,3.072,30.7,0.56,2299.0,6590.95,0.232,22.5,6063.0,4.451,1.004
K07825.01,FALSE POSITIVE,0,0.566796615,1.999,47.8,0.59,2077.0,4426.68,0.243,8.5,5858.0,4.553,0.849
K07826.01,FALSE POSITIVE,0,9.087508013,2.7597,140.6,1.37,987.0,224.7,0.511,2.5,6078.0,4.297,1.119
K07828.01,FALSE POSITIVE,0,17.5859472,3.815,509.5,2.24,700.0,56.81,0.042,8.4,5780.0,4.438,1.0
K07924.01,CANDIDATE,1,0.770658979,1.401,83.5,0.68,1548.0,1348.87,0.444,11.7,5058.0,4.61,0.739
K07925.01,CANDIDATE,1,4.6318914,3.88,50.9,0.64,1060.0,297.79,0.395,9.2,5926.0,4.532,0.887
K07926.01,FALSE POSITIVE,0,29.3657204,8.7303,74936.0,51.33,685.0,51.92,0.954,808.9,6167.0,4.299,1.195
K07927.01,FALSE POSITIVE,0,1.035329922,3.8022,992.8,105.66,3654.0,42120.85,1.243,178.0,7030.0,3.65,3.512
K07928.01,CANDIDATE,1,1.12625975,3.62,449.2,2.47,938.0,183.39,0.583,27.5,5761.0,4.438,0.997
K07929.01,FALSE POSITIVE,0,3.04463691,6.656,47.0,0.68,1321.0,721.48,0.322,10.4,6181.0,4.474,0.98
K07930.01,CANDIDATE,1,377.67241,15.82,514.8,1.37,187.0,0.29,0.107,10.2,5031.0,4.644,0.615
K08028.01,FALSE POSITIVE,0,1.072934147,4.50475,96883.0,81.42,2523.0,9590.04,1.009,949.0,7031.0,4.222,1.523
K08029.01,FALSE POSITIVE,0,2.61854596,4.866,19.7,1.18,2008.0,3846.53,0.033,8.1,5657.0,3.721,2.682
K08030.01,FALSE POSITIVE,0,13.667809025,2.7993,127.7,0.91,705.0,58.32,0.212,2.6,5796.0,4.556,0.807
K08031.01,CANDIDATE,1,254.336707,8.585,398.4,13.97,586.0,27.88,0.728,11.3,5193.0,3.117,6.502
K08032.01,FALSE POSITIVE,0,1.105123883,3.001,66.7,0.83,1755.0,2235.64,0.685,20.7,5883.0,4.476,0.959
K08033.01,CANDIDATE,1,362.13187,5.59,849.0,2.23,208.0,0.45,0.397,8.2,5176.0,4.567,0.766
K08034.01,FALSE POSITIVE,0,9.1447861,5.422,268.8,1.63,843.0,119.61,0.742,14.9,5849.0,4.517,0.919
K08130.01,FALSE POSITIVE,0,0.566799395,1.5368,231.2,1.65,2448.0,8550.93,0.042,33.7,6322.0,4.426,1.075
K08131.01,FALSE POSITIVE,0,203.8406,9.33,227.4,2.41,385.0,5.21,0.04,8.6,5548.0,3.97,1.616
K08132.01,FALSE POSITIVE,0,381.85852,16.121,362.9,8.3,453.0,9.93,0.024,16.0,4959.0,3.155,4.486
K08133.01,FALSE POSITIVE,0,455.77076435,5.1149,341.1,5.34,419.0,7.28,0.802,11.6,6785.0,3.788,2.623
K08134.01,FALSE POSITIVE,0,212.760495,3.703,195.8,2.8,485.0,13.13,0.036,9.2,7021.0,4.031,1.976
K08135.01,FALSE POSITIVE,0,73.836858,19.722,231.2,25.09,1143.0,403.37,0.8,13.1,4769.0,2.583,14.706
K08136.01,FALSE POSITIVE,0,160.243128,5.393,556.4,15.72,686.0,52.5,0.258,10.2,5128.0,3.091,6.775
K08227.01,FALSE POSITIVE,0,362.85801,17.03,151.6,1.9,353.0,3.66,0.626,10.1,6740.0,4.165,1.471
K08228.01,FALSE POSITIVE,0,384.558321,4.76,1330.0,14.33,382.0,5.03,0.947,10.1,5078.0,3.479,3.0
K08229.01,FALSE POSITIVE,0,397.72733,11.683,232.8,1.48,253.0,0.97,0.013,9.0,6032.0,4.485,0.973
K08230.01,FALSE POSITIVE,0,504.88419,20.18,5058.0,25.19,157.0,0.14,1.26,15.9,4559.0,4.612,0.655
K08231.01,FALSE POSITIVE,0,384.92275,9.98,184.8,1.64,298.0,1.87,0.288,7.2,6070.0,4.186,1.191
K08232.01,CANDIDATE,1,189.183958,6.829,1014.0,3.31,312.0,2.23,0.68,11.2,5573.0,4.382,0.981
K08233.01,FALSE POSITIVE,0,14.395425,5.12,115.4,0.85,672.0,48.08,0.398,9.4,5715.0,4.586,0.782
K00624.02,CONFIRMED,2,49.5674085,4.002,730.0,2.91,465.0,11.09,0.866,31.2,5569.0,4.474,0.927
K00624.03,CONFIRMED,2,1.311842968,1.7876,245.1,1.43,1562.0,1410.6,0.121,44.2,5569.0,4.474,0.927
K00625.01,CANDIDATE,1,38.13853099,3.8617,1230.2,68.75,873.0,137.15,1.231,58.9,6481.0,3.861,2.343
K00626.01,CONFIRMED,2,14.58649856,4.0249,378.7,2.45,852.0,124.89,0.665,53.0,6063.0,4.29,1.191
K00626.02,CANDIDATE,1,8.0292018,3.462,65.6,0.99,1040.0,276.27,0.51,11.7,6063.0,4.29,1.191
K00627.01,CONFIRMED,2,7.75192755,3.5413,407.3,1.89,852.0,124.47,0.546,77.3,5604.0,4.52,0.912
K00100.01,CANDIDATE,1,9.9664004,5.0127,1619.0,16.89,1578.0,1466.1,0.966,125.9,6638.0,3.664,3.079
K06675.01,FALSE POSITIVE,0,0.604755462,1.3741,334.5,1.29,1598.0,1534.24,0.039,40.3,4842.0,4.616,0.726
K06677.01,FALSE POSITIVE,0,8.144135648,8.88876,87880.8,56.52,1491.0,1169.67,0.222,6113.7,7605.0,4.123,1.862
K06678.01,FALSE POSITIVE,0,4.200206781,5.21948,82364.4,105.07,1737.0,2150.58,1.07,943.7,6873.0,4.051,1.923
K06679.01,FALSE POSITIVE,0,6.091954982,3.60482,36700.0,26.96,1036.0,272.7,0.953,1508.7,6063.0,4.424,0.913
K06680.01,CANDIDATE,1,5.52507406,2.565,61.5,0.8,1028.0,263.79,0.152,9.8,5600.0,4.378,1.037
K06682.01,FALSE POSITIVE,0,0.76647343,2.46345,199901.0,42.33,1628.0,1654.36,0.766,545.0,5297.0,4.594,0.722
K06683.01,FALSE POSITIVE,0,5.2439783,10.1,93.5,1.03,1068.0,307.32,0.82,13.1,6029.0,4.481,0.956
K06792.01,FALSE POSITIVE,0,4.238855579,5.2235,68002.0,38.01,1044.0,280.82,1.031,374.8,5655.0,4.482,0.804
K06793.01,CANDIDATE,1,3.62657392,1.791,98.5,0.79,1014.0,250.0,0.306,10.7,5416.0,4.579,0.8
K06795.01,FALSE POSITIVE,0,7.841066931,5.47901,342094.0,56.33,876.0,139.18,0.579,3314.7,5973.0,4.562,0.829
K06796.01,FALSE POSITIVE,0,40.879068,6.562,499.2,3.35,533.0,19.12,0.988,12.2,6072.0,4.51,0.923
K06798.01,CANDIDATE,1,2.64185268,1.76,149.8,3.56,2104.0,4636.69,0.199,7.9,5195.0,3.409,2.935
K06799.01,FALSE POSITIVE,0,0.634946497,2.40541,426554.0,52.75,1475.0,1123.92,0.442,541.4,4446.0,4.567,0.737
K06800.01,FALSE POSITIVE,0,5.077746556,3.1718,18836.7,54.93,1274.0,622.32,1.211,616.9,6174.0,4.235,1.271
K06916.01,FALSE POSITIVE,0,0.88512187,3.349,136.0,1.05,1659.0,1797.86,0.766,9.9,5392.0,4.521,0.819
K06917.01,FALSE POSITIVE,0,1.734221252,2.4577,289817.0,42.06,1114.0,363.79,0.553,542.2,4765.0,4.584,0.702
K06919.01,FALSE POSITIVE,0,8.7998722,1.153,270.3,1.09,577.0,26.18,0.344,7.4,4298.0,4.603,0.675
K06920.01,FALSE POSITIVE,0,4.292599454,4.73293,140032.0,64.04,1319.0,715.83,0.89,1329.6,6467.0,4.377,1.174
K06921.01,CANDIDATE,1,6.87778029,3.199,124.0,1.19,1052.0,289.51,0.08,10.1,6274.0,4.434,1.062
K06922.01,FALSE POSITIVE,0,2.113197701,3.46341,57315.5,50.13,1825.0,2624.42,0.909,1048.1,6215.0,4.138,1.463
K06923.01,FALSE POSITIVE,0,11.02822674,8.275,278035.0,75.47,1028.0,264.14,0.351,4680.2,6271.0,4.199,1.387
K00085.01,CONFIRMED,2,5.859935955,4.0185,322.8,2.56,1246.0,569.5,0.049,186.7,6181.0,4.22,1.424
K00526.01,CONFIRMED,2,2.104721971,1.7547,905.5,2.89,1365.0,821.44,0.001,153.3,5703.0,4.498,0.975
K07026.01,FALSE POSITIVE,0,5.251918489,5.59653,296478.0,51.51,1060.0,299.43,0.317,6979.7,6099.0,4.511,0.919
K07027.01,FALSE POSITIVE,0,3.62944008,5.94104,130083.0,40.08,1351.0,787.91,0.253,5131.4,6284.0,4.355,1.093
K07028.01,FALSE POSITIVE,0,43.263305017,10.0915,359086.0,62.75,505.0,15.38,0.555,2415.6,5623.0,4.4,0.917
K07029.01,FALSE POSITIVE,0,6.042029838,8.0666,132864.0,23.94,729.0,66.7,0.689,312.5,5030.0,4.67,0.587
K00085.02,CONFIRMED,2,2.154911236,3.1341,99.7,1.42,1740.0,2162.35,0.113,83.0,6181.0,4.22,1.424
K00533.02,CONFIRMED,2,3.52467888,2.484,129.7,1.46,1098.0,344.61,0.976,12.3,5372.0,4.434,0.916
K07139.01,FALSE POSITIVE,0,0.773144492,4.05643,215961.0,107.13,2860.0,15791.97,0.694,2947.8,6413.0,4.038,1.91
K07141.01,FALSE POSITIVE,0,50.440285363,12.2001,85309.1,51.5,673.0,48.36,0.658,2499.7,6225.0,4.039,1.646
K07142.01,FALSE POSITIVE,0,3.255385289,5.9498,158913.0,40.58,1236.0,550.68,0.523,840.7,5806.0,4.425,0.975
K07143.01,FALSE POSITIVE,0,2.131225773,5.4932,2337.1,35.68,1555.0,1382.47,1.264,215.6,6181.0,4.38,1.028
K07144.01,CANDIDATE,1,0.839907158,1.019,119.6,0.92,1640.0,1705.12,0.23,10.7,5120.0,4.478,0.853
K07248.01,FALSE POSITIVE,0,1.33258375,4.081,60.9,0.84,1727.0,2096.92,0.746,16.4,6108.0,4.471,0.997
K07249.01,FALSE POSITIVE,0,8.9648813,61.23,454.5,28.97,1040.0,276.3,1.208,109.9,6543.0,4.382,1.159
K07252.01,CANDIDATE,1,10.2170589,2.259,121.3,1.17,929.0,176.34,0.132,7.9,6211.0,4.384,1.054
K00085.03,CONFIRMED,2,8.13121389,4.2386,111.8,1.58,1117.0,368.36,0.622,55.3,6181.0,4.22,1.424
K00542.02,CONFIRMED,2,13.81733587,4.261,223.2,2.04,781.0,88.04,0.967,20.4,5735.0,4.356,1.028
K07253.01,FALSE POSITIVE,0,3.50474265,8.2852,88625.0,200.24,2689.0,12355.55,1.049,977.2,7624.0,3.622,3.682
K07254.01,FALSE POSITIVE,0,2.14344093,3.9741,133317.0,28.69,1033.0,269.48,0.686,645.9,4817.0,4.624,0.7
K07362.01,FALSE POSITIVE,0,3.10197712,7.083,124.6,2.64,2246.0,6009.05,0.984,63.3,8709.0,4.232,1.797
K07363.01,FALSE POSITIVE,0,2.618414643,4.99923,200864.0,109.33,2582.0,10502.8,0.356,3260.0,8143.0,3.96,2.361
K07364.01,FALSE POSITIVE,0,2.61844178,3.203,45.1,2.16,2033.0,4044.74,0.182,12.7,5088.0,3.502,3.293
K07365.01,FALSE POSITIVE,0,19.407958161,6.09676,142059.0,44.96,633.0,37.92,0.905,2506.6,5702.0,4.485,0.799
K00087.01,CONFIRMED,2,289.864067,7.565,529.1,2.34,257.0,1.03,0.856,57.4,5516.0,4.446,0.886
K00548.02,CANDIDATE,1,6.0799457,2.706,55.1,0.86,1101.0,348.11,0.097,7.3,6008.0,4.35,1.168
K07366.01,FALSE POSITIVE,0,0.933747375,5.974,198.9,8.93,2003.0,3820.18,1.063,35.9,6224.0,4.454,1.024
K00555.01,CONFIRMED,2,3.701765401,2.6061,288.3,1.63,1050.0,286.23,0.713,35.9,5252.0,4.442,0.898
K07468.01,FALSE POSITIVE,0,13.8602646,74.26,481.1,19.71,690.0,53.56,1.204,72.3,5667.0,4.535,0.796
K07469.01,FALSE POSITIVE,0,13.639480425,3.12422,81103.0,44.0,680.0,50.51,1.033,664.1,5461.0,4.517,0.846
K07471.01,CANDIDATE,1,5.29655591,3.93,135.4,1.3,1156.0,421.14,0.37,9.3,6268.0,4.429,1.1
K07472.01,FALSE POSITIVE,0,6.882686062,5.47323,373662.0,60.49,921.0,169.85,0.399,2842.2,5704.0,4.483,0.948
K07473.01,FALSE POSITIVE,0,1.407937865,1.585,50793.0,19.09,1179.0,457.02,0.759,137.3,4627.0,4.564,0.741
K07474.01,FALSE POSITIVE,0,0.71957289,1.79,449.2,2.47,938.0,183.39,0.583,27.5,5761.0,4.438,0.997
K07613.01,FALSE POSITIVE,0,0.93369659,4.444,81.4,0.78,1680.0,1891.43,0.57,10.8,5619.0,4.558,0.838
K07614.01,FALSE POSITIVE,0,0.9337473,3.446,64.6,0.6,1625.0,1652.84,0.385,9.5,5649.0,4.606,0.741
K07616.01,FALSE POSITIVE,0,4.0551242,12.0,148.7,3.13,2013.0,3887.31,0.008,9.3,7064.0,3.888,2.531
K00564.03,CONFIRMED,2,6.21716039,4.4289,211.2,1.81,1098.0,343.21,0.333,25.0,5751.0,4.254,1.247
K07618.01,FALSE POSITIVE,0,21.6817115,7.18,73.5,0.89,713.0,60.99,0.27,6.9,6297.0,4.448,1.031
K07621.01,FALSE POSITIVE,0,275.07365,3.37,228.9,1.86,303.0,2.0,0.595,7.5,5604.0,4.226,1.187
K07622.01,FALSE POSITIVE,0,36.2671673,2.065,627.1,1.5,347.0,3.44,0.214,10.0,4264.0,4.637,0.62
K07721.01,FALSE POSITIVE,0,0.50727675,2.32,214.7,1.7,2449.0,8524.12,0.429,33.5,5970.0,4.399,1.143
K07722.01,FALSE POSITIVE,0,1.337561836,1.575,41.0,1.11,2322.0,6870.94,0.055,9.5,6406.0,4.056,1.715
K00569.01,CONFIRMED,2,20.72904234,2.8066,561.7,1.94,530.0,18.68,0.559,31.6,4979.0,4.538,0.803
K07723.01,FALSE POSITIVE,0,357.82544,9.12,152.5,1.7,306.0,2.08,0.636,11.1,6131.0,4.248,1.312
K07724.01,FALSE POSITIVE,0,488.67353,12.35,691.0,2.03,188.0,0.3,0.432,8.2,5218.0,4.596,0.772
K07725.01,FALSE POSITIVE,0,322.48381,22.99,1023.4,3.5,259.0,1.06,0.938,27.0,5968.0,4.534,0.881
K07726.01,FALSE POSITIVE,0,0.474811162,1.169,205.2,1.28,2206.0,5603.32,0.44,17.4,5799.0,4.539,0.878
K07829.01,FALSE POSITIVE,0,0.566798545,5.224,36.9,0.53,2004.0,3787.58,0.331,23.3,5629.0,4.553,0.87
K07830.01,FALSE POSITIVE,0,0.56678694,1.959,61.2,0.63,1920.0,3194.49,0.213,8.3,5341.0,4.496,0.808
K07831.01,FALSE POSITIVE,0,0.56681727,1.779,35.9,0.42,1832.0,2676.11,0.042,9.1,5481.0,4.629,0.708
K00573.01,CONFIRMED,2,5.996533443,3.3129,711.4,2.96,1025.0,260.49,0.51,70.5,5622.0,4.346,1.089
K07832.01,CANDIDATE,1,3.6092231,2.8,52.4,0.68,1192.0,477.0,0.364,4.4,6032.0,4.508,0.929
K07833.01,CANDIDATE,1,172.820248,7.343,549.3,2.22,338.0,3.08,0.249,10.6,6174.0,4.499,0.939
K07931.01,CANDIDATE,1,242.0367,11.01,333.3,2.11,323.0,2.57,0.568,8.9,6086.0,4.36,1.116
K07932.01,CANDIDATE,1,502.25648,14.84,153.2,1.03,215.0,0.51,0.05,8.1,5637.0,4.46,0.833
K07933.01,FALSE POSITIVE,0,20.004714,2.952,115.7,0.89,577.0,26.19,0.18,6.7,5299.0,4.534,0.848
K00579.02,CONFIRMED,2,3.763041531,1.6011,354.5,1.63,948.0,190.67,0.76,37.9,5103.0,4.562,0.787
K07934.01,CANDIDATE,1,22.6432436,0.806,550.4,2.12,624.0,35.77,0.136,8.2,5880.0,4.516,0.891
K07935.01,FALSE POSITIVE,0,350.65158,7.976,248.1,1.31,243.0,0.83,0.004,8.2,5882.0,4.56,0.833
K07937.01,FALSE POSITIVE,0,4.18587282,1.998,99.4,0.89,1057.0,295.17,0.078,9.3,5455.0,4.421,0.909
K08035.01,CANDIDATE,1,29.4856392,4.27,105.0,1.46,793.0,93.27,0.103,9.3,6870.0,4.266,1.407
K08036.01,FALSE POSITIVE,0,0.786483923,7.035,233.3,21.66,2408.0,7999.91,1.139,104.2,6315.0,4.258,1.282
K00584.03,CONFIRMED,2,6.47027706,3.343,116.9,1.15,926.0,173.79,0.732,18.3,5475.0,4.43,0.982
K08037.01,CANDIDATE,1,3.65034525,1.527,253.2,0.72,578.0,26.47,0.289,6.0,3704.0,4.797,0.45
K08038.01,FALSE POSITIVE,0,0.9438885,2.592,35.8,1.45,3158.0,23572.82,0.649,8.3,6947.0,3.895,2.297
K08039.01,CANDIDATE,1,43.9438891,5.26,154.8,1.12,505.0,15.41,0.523,9.7,6008.0,4.537,0.875
K08041.01,FALSE POSITIVE,0,7.508818,6.5,70.1,1.02,1107.0,354.74,0.025,7.4,6293.0,4.291,1.213
K08137.01,FALSE POSITIVE,0,402.41511,5.156,780.6,2.52,253.0,0.96,0.281,9.5,6251.0,4.53,0.889
K00593.02,CONFIRMED,2,90.4117992,7.106,1265.0,3.96,413.0,6.86,0.849,35.4,6004.0,4.484,0.977
K08138.01,FALSE POSITIVE,0,369.28177,26.96,1017.7,34.25,250.0,0.93,1.297,13.0,5900.0,4.509,0.951
K08139.01,FALSE POSITIVE,0,40.244826,4.303,192.9,115.94,3302.0,28103.18,0.022,16.8,3674.0,0.452,89.878
K08140.01,FALSE POSITIVE,0,135.428746,7.394,381.1,1.83,343.0,3.29,0.498,7.9,5849.0,4.517,0.919
K08141.01,FALSE POSITIVE,0,380.03903,18.5,788.8,2.36,219.0,0.55,0.555,13.2,5477.0,4.568,0.818
K08142.01,FALSE POSITIVE,0,380.294204,12.351,730.5,2.27,229.0,0.65,0.519,15.0,5518.0,4.473,0.822
K00600.01,CONFIRMED,2,3.595769013,3.1569,383.7,2.39,1296.0,666.88,0.496,45.9,5762.0,4.283,1.196
K08234.01,FALSE POSITIVE,0,231.157554,8.489,845.6,37.37,789.0,91.65,0.749,17.4,5386.0,2.78,11.839
K08235.01,FALSE POSITIVE,0,495.06538,21.09,417.0,2.0,236.0,0.74,0.341,13.2,6075.0,4.486,0.969
K08236.01,FALSE POSITIVE,0,595.78152,15.97,84.9,1.18,245.0,0.85,0.164,10.6,5618.0,4.155,1.288
K08237.01,FALSE POSITIVE,0,365.709623,13.553,1033.4,26.93,604.0,31.42,0.338,15.1,4787.0,2.629,8.522
K08238.01,CANDIDATE,1,495.662346,4.428,675.7,2.73,207.0,0.43,0.949,10.2,5515.0,4.509,0.82
K08239.01,FALSE POSITIVE,0,655.25732,20.05,268.2,1.56,226.0,0.62,0.141,11.5,6420.0,4.492,0.941
K00627.02,CONFIRMED,2,4.16536757,3.2935,120.0,1.0,1048.0,284.49,0.348,30.4,5604.0,4.52,0.912
K00628.01,CONFIRMED,2,14.48584765,3.1365,457.1,2.88,784.0,89.16,0.93,52.2,5784.0,4.352,1.085
K00629.01,CONFIRMED,2,40.6992062,7.074,429.9,3.2,685.0,52.05,0.854,38.5,6419.0,4.175,1.362
K00630.01,FALSE POSITIVE,0,4.532402495,3.12,339.1,3.69,1160.0,426.69,0.99,43.1,5575.0,4.278,1.173
K00631.01,CONFIRMED,2,15.458056682,8.79536,4253.2,9.11,871.0,136.4,0.05,1055.9,5868.0,4.169,1.407
K00632.01,CONFIRMED,2,7.23858162,3.1199,268.2,1.34,816.0,104.51,0.147,41.6,5411.0,4.561,0.831
K00633.01,CONFIRMED,2,161.4746786,10.572,828.2,3.25,343.0,3.27,0.746,47.8,5761.0,4.383,1.044
K06684.01,FALSE POSITIVE,0,5.2436639,10.53,93.5,0.88,1059.0,296.41,0.66,10.4,6212.0,4.537,0.862
K06685.01,FALSE POSITIVE,0,5.2438269,8.235,128.6,0.76,743.0,72.18,0.228,11.3,4634.0,4.597,0.689
K00509.03,CONFIRMED,2,39.6034,6.487,572.7,2.22,497.0,14.47,0.166,25.8,5456.0,4.45,0.943
K06686.01,FALSE POSITIVE,0,1.25338826,3.828,44.7,0.64,1651.0,1750.61,0.469,14.8,5869.0,4.513,0.942
K06687.01,CANDIDATE,1,1.002591901,1.247,143.2,0.87,1391.0,884.21,0.312,11.1,4893.0,4.574,0.739
K06688.01,FALSE POSITIVE,0,1.620813697,5.9968,121323.0,43.95,1733.0,2127.67,0.636,680.4,5757.0,4.209,1.177
K06689.01,CANDIDATE,1,3.37116682,4.708,71.4,0.98,1291.0,656.3,0.318,9.8,5653.0,4.288,1.163
K00515.01,FALSE POSITIVE,0,17.79421914,4.1918,1549.4,25.27,606.0,31.94,1.242,111.5,5485.0,4.574,0.805
K06801.01,FALSE POSITIVE,0,2.00383703,3.473,42.3,0.67,1518.0,1256.78,0.268,10.5,6045.0,4.439,1.028
K06802.01,FALSE POSITIVE,0,5.321224925,7.48973,98872.1,40.62,958.0,199.25,1.003,1203.4,5787.0,4.544,0.758
K06803.01,FALSE POSITIVE,0,2.340534383,4.43017,241360.0,69.55,1581.0,1476.77,0.71,881.5,6300.0,4.349,1.136
K06804.01,FALSE POSITIVE,0,0.566795196,2.18,14.8,0.35,2066.0,4277.24,0.227,13.1,5680.0,4.516,0.908
K06805.01,FALSE POSITIVE,0,0.566798827,3.662,34.9,0.52,2045.0,4154.8,0.25,21.9,5548.0,4.473,0.889
K06806.01,FALSE POSITIVE,0,0.56678012,3.257,27.6,0.49,2073.0,4352.1,0.492,13.5,5674.0,4.506,0.911
K06924.01,FALSE POSITIVE,0,70.37626987,6.4205,116050.0,40.43,373.0,4.59,0.944,759.7,5458.0,4.603,0.755
K06926.01,FALSE POSITIVE,0,0.580724809,1.82,64.2,0.75,2191.0,5418.89,0.292,16.9,5989.0,4.492,0.933
K00520.03,CONFIRMED,2,25.75274977,2.7678,738.9,2.27,501.0,14.88,0.516,36.7,4963.0,4.501,0.826
K06928.01,FALSE POSITIVE,0,1.72933255,3.631,29.7,0.69,1745.0,2196.53,0.586,17.1,5921.0,4.22,1.211
K06929.01,FALSE POSITIVE,0,1.729338354,6.8524,140158.0,139.36,2230.0,5838.68,0.887,379.7,5587.0,3.754,2.553
K06930.01,FALSE POSITIVE,0,0.567493852,1.35349,7984.0,65.47,3024.0,19665.18,1.275,1219.8,6370.0,4.053,1.548
K07030.01,FALSE POSITIVE,0,2.892087553,3.16757,71631.0,47.55,1225.0,531.42,1.062,563.9,5622.0,4.443,0.924
K07031.01,FALSE POSITIVE,0,5.40597608,2.79,461.0,31.78,2818.0,14885.1,0.013,23.5,4840.0,2.56,15.355
K07032.01,CANDIDATE,1,3.64049242,1.194,42.1,0.61,1136.0,393.32,0.181,9.5,5745.0,4.503,0.936
K07033.01,FALSE POSITIVE,0,0.510804497,2.539,42.7,1.58,3622.0,40925.32,0.81,15.4,6596.0,3.913,2.176
K07034.01,FALSE POSITIVE,0,0.898837525,3.5342,399778.0,57.14,1615.0,1609.86,0.496,445.6,5284.0,4.518,0.807
K07035.01,FALSE POSITIVE,0,11.931131598,5.56983,300506.0,93.46,831.0,112.47,1.037,5606.7,6089.0,4.449,0.959
K00527.01,FALSE POSITIVE,0,10.63624422,5.055,231.7,1.58,756.0,77.02,0.978,24.7,5834.0,4.591,0.774
K07145.01,FALSE POSITIVE,0,1.219736039,4.89465,611523.0,135.43,2611.0,10982.55,0.229,1037.2,7358.0,4.171,1.637
K07146.01,FALSE POSITIVE,0,2.015152464,8.17997,561687.0,132.05,2107.0,4657.05,0.308,4129.6,6988.0,4.163,1.649
K07147.01,FALSE POSITIVE,0,0.82820657,2.70353,118533.0,35.67,1473.0,1109.75,0.94,548.3,5033.0,4.611,0.655
K07148.01,CANDIDATE,1,1.7613778,1.355,359.3,2.32,1824.0,2621.69,0.159,10.5,6544.0,4.349,1.207
K07149.01,FALSE POSITIVE,0,2.537081943,4.80903,245319.0,67.96,1712.0,2032.57,0.451,2434.8,6735.0,4.307,1.309
K00534.01,CONFIRMED,2,6.400157105,2.0004,743.2,2.52,810.0,101.72,0.898,49.1,5299.0,4.597,0.766
K07256.01,FALSE POSITIVE,0,9.058487716,4.14334,127971.0,20.51,547.0,21.15,0.213,2098.9,4340.0,4.671,0.573
K07257.01,FALSE POSITIVE,0,2.856085147,4.5776,173843.0,88.52,1739.0,2164.0,0.841,422.1,6604.0,4.178,1.526
K07258.01,CANDIDATE,1,2.4376438,1.587,27.1,0.79,1686.0,1909.13,0.112,8.8,5927.0,4.117,1.53
K07259.01,CANDIDATE,1,0.721522907,1.4521,22528.0,11.04,1475.0,1115.99,0.831,815.3,4893.0,4.634,0.625
K07260.01,FALSE POSITIVE,0,7.09520543,3.69044,232683.0,50.23,813.0,103.28,0.778,1959.2,5481.0,4.592,0.778
K07261.01,FALSE POSITIVE,0,0.651731691,2.4602,20524.2,71.9,2604.0,10815.86,1.255,347.5,5791.0,4.052,1.472
K07262.01,FALSE POSITIVE,0,0.50818743,3.433,54.9,1.26,3274.0,27312.92,0.779,29.1,7141.0,4.243,1.56
K07367.01,FALSE POSITIVE,0,1.105094098,4.38191,730498.0,267.59,3771.0,47811.67,0.161,3732.8,8011.0,3.773,2.927
K07368.01,CONFIRMED,2,6.842939,2.8,449.2,2.47,938.0,183.39,0.583,27.5,5761.0,4.438,0.997
K07369.01,FALSE POSITIVE,0,0.8170226,2.974,167696.0,57.56,1947.0,3416.07,0.843,240.1,5780.0,4.438,1.0
K07371.01,FALSE POSITIVE,0,19.40669392,5.27765,464521.0,57.97,597.0,30.05,0.424,1496.8,5622.0,4.588,0.778
K07372.01,FALSE POSITIVE,0,7.143708297,5.83451,202685.0,44.78,943.0,187.0,0.162,2368.6,5655.0,4.386,0.992
K07373.01,FALSE POSITIVE,0,0.952377862,4.0869,2122.3,28.44,1713.0,2023.36,1.248,390.8,5662.0,4.524,0.863
K07374.01,FALSE POSITIVE,0,3.521050679,3.5323,4879.8,256.2,2434.0,8306.9,1.266,337.2,5149.0,3.109,6.619
K07475.01,FALSE POSITIVE,0,1.559090282,4.95211,226981.0,129.87,2905.0,16893.61,0.375,1315.5,7279.0,3.856,2.624
K07476.01,FALSE POSITIVE,0,1.81993557,2.43,109.1,0.66,907.0,159.62,0.768,10.1,4205.0,4.668,0.578
K07477.01,FALSE POSITIVE,0,0.612888148,2.822,43.1,0.93,2796.0,14401.76,0.534,15.9,6720.0,4.276,1.368
K07478.01,FALSE POSITIVE,0,15.541358818,2.44433,10308.2,149.19,1174.0,448.22,1.25,773.4,5092.0,3.42,3.54
K00088.01,FALSE POSITIVE,0,5.17968868,3.7256,121.8,18.91,972.0,211.06,1.203,48.4,5761.0,4.548,0.815
K00555.02,CONFIRMED,2,86.4943704,7.471,995.2,3.07,367.0,4.29,0.741,42.6,5252.0,4.442,0.898
K07479.01,CANDIDATE,1,7.1969168,4.525,47.1,1.1,1132.0,388.54,0.502,10.4,5530.0,4.045,1.575
K07623.01,FALSE POSITIVE,0,2.2227289,2.617,279.1,34.14,4454.0,93172.12,0.254,10.5,4996.0,2.354,20.848
K07624.01,CANDIDATE,1,330.025002,6.659,259.2,5.92,478.0,12.36,0.68,12.2,6126.0,3.578,3.466
K07625.01,FALSE POSITIVE,0,6.12601169,1.733,40.2,0.83,1141.0,400.49,0.422,7.0,5679.0,4.146,1.286
K07626.01,FALSE POSITIVE,0,462.12069,10.42,633.7,2.46,249.0,0.91,0.002,9.9,6079.0,4.411,0.974
K07627.01,FALSE POSITIVE,0,0.967427812,5.8883,9127.8,29.01,1419.0,956.61,1.248,323.4,5066.0,4.625,0.709
K07628.01,CANDIDATE,1,1.8134378,7.776,97.4,0.69,1158.0,423.67,0.418,19.1,5094.0,4.618,0.7
K07629.01,FALSE POSITIVE,0,0.542122617,1.283,88.3,0.94,2238.0,5914.13,0.108,16.3,5875.0,4.476,0.998
K07727.01,FALSE POSITIVE,0,0.759740194,3.252,42.5,0.67,2059.0,4245.86,0.497,13.7,6046.0,4.478,1.007
K07728.01,FALSE POSITIVE,0,0.937923475,3.164,40.4,0.52,1588.0,1503.05,0.515,12.0,5398.0,4.58,0.805
K07729.01,FALSE POSITIVE,0,50.563697,5.381,50.5,1.57,761.0,79.36,0.779,6.8,6759.0,4.018,2.022
K07730.01,FALSE POSITIVE,0,0.77459856,2.71,449.2,2.47,938.0,183.39,0.583,27.5,5761.0,4.438,0.997
K07731.01,FALSE POSITIVE,0,0.755105584,5.02374,250026.0,76.26,2412.0,7996.1,0.732,2158.5,6592.0,4.369,1.19
K07732.01,FALSE POSITIVE,0,0.759768478,2.824,57.4,0.64,1737.0,2149.06,0.583,12.9,5481.0,4.574,0.815
K00089.02,CONFIRMED,2,207.5829306,7.0686,505.1,4.52,453.0,9.97,0.84,70.0,6688.0,4.062,1.79
K07834.01,CANDIDATE,1,7.3812344,2.802,104.5,1.0,944.0,187.24,0.687,8.6,6072.0,4.51,0.923
K07835.01,CANDIDATE,1,3.76565247,1.557,92.4,0.87,1108.0,356.3,0.535,9.1,5815.0,4.54,0.877
K07836.01,FALSE POSITIVE,0,471.65421,3.456,479.7,4.11,313.0,2.26,0.85,12.5,6061.0,4.025,1.653
K07837.01,FALSE POSITIVE,0,48.507991,8.984,288.9,2.06,511.0,16.08,0.944,11.4,6031.0,4.476,0.966
K07838.01,FALSE POSITIVE,0,0.572513875,2.353,49.3,0.52,1779.0,2365.45,0.04,10.2,5171.0,4.576,0.76
K07839.01,FALSE POSITIVE,0,0.566816802,1.981,94.0,0.68,1585.0,1483.43,0.414,12.9,4665.0,4.584,0.704
K07840.01,FALSE POSITIVE,0,0.902222843,2.0516,29.7,48.23,10340.0,2710661.9,0.508,5.1,3705.0,0.798,89.806
K07938.01,CANDIDATE,1,275.5603,15.09,89.4,2.33,437.0,8.6,0.018,11.5,5989.0,3.764,2.467
K07939.01,FALSE POSITIVE,0,2.178142613,0.906,172.7,1.22,1452.0,1050.06,0.468,16.1,6290.0,4.527,0.898
K07940.01,CANDIDATE,1,188.881049,1.49,325.8,1.86,330.0,2.79,0.504,12.9,6077.0,4.471,0.999
K07942.01,FALSE POSITIVE,0,25.3428696,1.51,230.5,1.85,706.0,58.81,0.554,7.5,6311.0,4.398,1.172
K07943.01,FALSE POSITIVE,0,0.66234265,1.049,2359.0,5.13,2089.0,4499.32,0.631,12.4,5780.0,4.438,1.0
K07944.01,FALSE POSITIVE,0,0.536654028,2.783,41.0,0.67,2299.0,6574.04,0.62,21.8,5887.0,4.421,1.001
K07945.01,FALSE POSITIVE,0,1.08908149,2.262,130.7,0.69,1131.0,386.2,0.31,9.9,4327.0,4.639,0.614
K08042.01,FALSE POSITIVE,0,383.937324,2.884,627.7,7.9,389.0,5.43,0.011,10.8,5216.0,3.53,3.207
K08043.01,CANDIDATE,1,10.7781558,3.005,121.3,1.24,942.0,186.22,0.009,7.9,6386.0,4.402,1.123
K08044.01,FALSE POSITIVE,0,0.619618218,1.2517,50.3,3.34,3818.0,50197.86,0.389,4.4,5180.0,3.314,4.717
K08045.01,FALSE POSITIVE,0,4.17363793,2.738,49.7,2.52,2197.0,5511.8,0.597,10.5,6619.0,3.595,3.41
K08046.01,CANDIDATE,1,384.37706,15.139,1204.9,50.93,676.0,49.27,0.901,22.6,4859.0,2.481,12.023
K08047.01,CANDIDATE,1,302.34971,4.978,622.3,1.98,208.0,0.44,0.468,8.0,4829.0,4.564,0.794
K00094.01,CONFIRMED,2,22.342964828,6.66405,5612.8,9.99,785.0,89.61,0.031,1118.9,6181.0,4.234,1.331
K08143.01,FALSE POSITIVE,0,373.74691,28.37,622.3,2.65,260.0,1.08,0.834,16.2,6131.0,4.497,0.945
K08144.01,FALSE POSITIVE,0,315.81065,23.66,541.6,1.82,212.0,0.47,0.094,11.6,4875.0,4.514,0.81
K08145.01,FALSE POSITIVE,0,16.9341628,3.94,207.8,1.71,798.0,95.78,0.662,7.2,6321.0,4.417,1.125
K08145.02,FALSE POSITIVE,0,244.58323,12.822,408.3,2.33,328.0,2.72,0.483,7.1,6321.0,4.417,1.125
K08146.01,FALSE POSITIVE,0,185.83013,10.14,72.6,1.01,370.0,4.42,0.037,8.1,6137.0,4.286,1.187
K00094.02,CONFIRMED,2,10.423677439,5.2257,777.3,3.72,1012.0,247.48,0.005,204.4,6181.0,4.234,1.331
K00593.03,CONFIRMED,2,51.0674355,4.374,597.5,2.44,499.0,14.69,0.482,18.7,6004.0,4.484,0.977
K08240.01,FALSE POSITIVE,0,462.463589,5.007,1024.3,8.92,355.0,3.78,0.386,13.2,5059.0,3.466,2.799
K08241.01,CANDIDATE,1,490.63941,16.5,268.8,7.67,412.0,6.84,0.015,9.6,5037.0,3.252,4.817
K08242.01,CANDIDATE,1,331.55459,5.35,288.7,1.36,240.0,0.78,0.001,6.7,5762.0,4.576,0.801
K08243.01,FALSE POSITIVE,0,0.939375593,2.8424,100893.0,52.18,1936.0,3333.58,0.987,317.3,5826.0,4.345,0.978
K00009.01,FALSE POSITIVE,0,3.719809197,3.5317,2958.2,87.21,1873.0,2912.21,1.279,373.9,6284.0,3.813,2.348
K00094.03,CONFIRMED,2,54.31996151,8.5858,1975.0,6.07,584.0,27.4,0.497,291.3,6181.0,4.234,1.331
K00601.01,CONFIRMED,2,5.40426917,2.5315,860.6,2.85,1073.0,312.93,0.229,40.5,6122.0,4.487,0.964
K00634.01,FALSE POSITIVE,0,6.277827312,8.6841,1856.8,4.87,985.0,222.45,0.95,191.3,6077.0,4.526,0.891
K00635.01,CONFIRMED,2,16.71987303,3.317,523.1,2.52,767.0,81.63,0.437,19.2,6020.0,4.389,1.085
K00636.01,FALSE POSITIVE,0,12.011661094,3.77516,14293.6,55.2,1317.0,710.87,1.024,1898.4,6753.0,3.91,2.396
K00102.01,CONFIRMED,2,1.73513619,2.2741,952.6,3.27,1554.0,1372.87,0.045,473.2,5751.0,4.391,1.071
K00637.01,FALSE POSITIVE,0,26.94927489,10.6977,19963.9,7.37,395.0,5.78,0.438,415.7,4723.0,4.741,0.512
K00638.01,CONFIRMED,2,23.6421965,5.018,1102.2,2.9,595.0,29.65,0.022,97.2,5750.0,4.538,0.882
K06690.01,FALSE POSITIVE,0,5.2434664,18.47,119.4,2.83,831.0,113.05,1.016,10.7,5047.0,4.574,0.766
K06691.01,FALSE POSITIVE,0,5.2439542,9.82,143.8,0.81,778.0,86.51,0.223,14.2,4920.0,4.636,0.691
K06692.01,FALSE POSITIVE,0,5.2441517,9.69,90.1,0.91,1056.0,293.68,0.557,10.5,6060.0,4.509,0.925
K06693.01,FALSE POSITIVE,0,5.2443332,11.268,29.9,0.58,1054.0,291.25,0.775,13.5,5952.0,4.489,0.971
K06694.01,FALSE POSITIVE,0,5.2436612,11.39,88.3,1.1,1249.0,574.76,0.436,14.5,6598.0,4.387,1.145
K06696.01,FALSE POSITIVE,0,1.88984957,19.45,249668.0,73.04,1221.0,526.5,1.182,401.5,5328.0,4.571,0.716
K00510.01,CONFIRMED,2,2.940304817,2.7226,472.4,2.59,1256.0,588.66,0.825,51.8,5527.0,4.376,1.054
K06807.01,FALSE POSITIVE,0,0.566800113,3.315,104.0,0.58,1180.0,455.05,0.751,18.1,3844.0,4.721,0.526
K06808.01,FALSE POSITIVE,0,0.56679293,3.814,101.1,0.86,2064.0,4264.42,0.18,22.1,5812.0,4.551,0.853
K06809.01,FALSE POSITIVE,0,0.566809491,3.156,69.5,0.55,1656.0,1790.3,0.484,21.0,4987.0,4.611,0.654
K06811.01,FALSE POSITIVE,0,0.566797404,4.109,69.4,0.64,1890.0,2993.84,0.119,18.8,5313.0,4.51,0.784
K00516.01,FALSE POSITIVE,0,13.54204116,3.334,338.7,2.01,794.0,93.98,0.722,26.4,5891.0,4.395,1.015
K06813.01,FALSE POSITIVE,0,2.19642864,4.933,99.5,0.79,1193.0,477.24,0.004,11.8,5376.0,4.576,0.806
K06814.01,FALSE POSITIVE,0,2.19635512,9.65516,266552.0,82.04,1793.0,2448.43,0.702,2132.0,6438.0,4.182,1.273
K06931.01,CANDIDATE,1,2.54031121,1.83,173.3,1.2,1268.0,611.31,0.295,10.1,5778.0,4.531,0.911
K06932.01,FALSE POSITIVE,0,2.105238039,5.23595,94675.0,75.1,1966.0,3523.25,0.83,1071.9,5947.0,3.943,1.885
K06933.01,FALSE POSITIVE,0,7.226944171,23.0124,682175.0,237.79,1179.0,457.25,1.233,3076.6,6270.0,4.199,1.36
K06934.01,CANDIDATE,1,22.2548897,13.454,83.8,2.16,899.0,154.4,0.239,11.8,5349.0,3.76,2.388
K06935.01,FALSE POSITIVE,0,4.719336335,2.83787,12367.1,91.91,1722.0,2078.32,1.269,632.4,6792.0,3.971,2.058
K06936.01,FALSE POSITIVE,0,1.258274109,1.92467,14159.9,25.98,1207.0,502.19,1.244,669.1,4937.0,4.669,0.587
K07036.01,FALSE POSITIVE,0,11.93137992,3.639,122.1,0.56,415.0,7.0,0.412,14.7,3787.0,4.742,0.505
K07037.01,FALSE POSITIVE,0,27.533803402,3.96227,48152.7,50.02,777.0,85.95,0.908,5446.9,5925.0,4.052,1.611
K07038.01,FALSE POSITIVE,0,12.4964346,84.32,271.7,55.34,1397.0,899.44,1.17,141.5,6821.0,3.805,2.73
K07039.01,FALSE POSITIVE,0,1.352576807,5.49531,317484.0,161.02,2866.0,15932.27,0.616,1365.1,6881.0,3.831,2.406
K07041.01,CANDIDATE,1,8.3613732,3.649,104.7,0.79,793.0,93.31,0.067,9.5,5470.0,4.509,0.777
K07042.01,FALSE POSITIVE,0,13.254134073,4.34991,44979.8,58.51,990.0,227.51,1.051,2281.0,6175.0,4.111,1.436
K07043.01,FALSE POSITIVE,0,5.776764285,6.99715,153902.0,117.51,1542.0,1336.82,0.88,3033.4,6263.0,3.875,2.072
K07150.01,FALSE POSITIVE,0,14.443127448,8.33598,41685.3,92.28,1182.0,462.07,0.98,2186.0,5757.0,3.672,2.736
K07151.01,FALSE POSITIVE,0,5.61386908,5.07753,57385.6,34.24,714.0,61.43,1.07,1253.6,4504.0,4.582,0.709
K07152.01,FALSE POSITIVE,0,3.359470825,2.14715,2707.8,129.93,2421.0,8125.7,1.281,504.1,6587.0,3.531,3.514
K07153.01,FALSE POSITIVE,0,20.729255112,7.53677,341973.0,53.87,567.0,24.47,0.575,2957.7,5256.0,4.502,0.802
K07154.01,FALSE POSITIVE,0,3.04459739,7.638,66.1,0.62,1076.0,317.36,0.385,18.2,5525.0,4.603,0.753
K07155.01,FALSE POSITIVE,0,3.796448299,11.5917,522879.0,232.39,2577.0,10412.56,0.249,1487.2,8117.0,3.748,3.07
K07155.02,FALSE POSITIVE,0,3.79654367,11.4071,70781.0,159.34,2577.0,10412.56,1.081,283.7,8117.0,3.748,3.07
K07263.01,FALSE POSITIVE,0,2.73398963,1.52,449.2,2.47,938.0,183.39,0.583,27.5,5761.0,4.438,0.997
K00543.01,CONFIRMED,2,4.302139338,2.0289,747.2,2.46,937.0,182.7,0.652,65.5,5041.0,4.479,0.857
K07264.01,FALSE POSITIVE,0,19.1644498,3.553,63.8,1.83,988.0,225.26,0.525,8.9,5877.0,3.86,2.234
K07265.01,FALSE POSITIVE,0,40.069674617,9.3564,41865.1,27.38,588.0,28.2,0.767,1304.8,5911.0,4.321,1.207
K07267.01,FALSE POSITIVE,0,15.68434493,44.463,791.6,56.23,1136.0,393.14,1.206,256.3,6407.0,3.888,2.191
K07268.01,FALSE POSITIVE,0,5.357409918,4.28582,199157.0,124.05,1492.0,1172.13,0.804,936.1,5768.0,3.809,2.057
K07269.01,FALSE POSITIVE,0,1.400991827,4.8798,64104.0,98.13,2468.0,8795.37,1.093,669.6,6706.0,4.026,1.924
K07375.01,CANDIDATE,1,4.84847245,0.874,554.7,1.51,667.0,46.85,0.191,11.4,4137.0,4.625,0.647
K07376.01,CANDIDATE,1,1.284241817,1.965,166.5,1.18,1623.0,1643.57,0.029,13.3,5849.0,4.517,0.919
K00549.01,FALSE POSITIVE,0,10.29767658,6.649,655.5,39.14,1022.0,258.09,1.194,57.0,5671.0,4.075,1.608
K07377.01,FALSE POSITIVE,0,2.161583501,4.0537,50163.0,29.61,1646.0,1741.01,0.715,239.2,5888.0,4.167,1.219
K07378.01,CONFIRMED,2,8.7396758,3.866,1431.0,3.29,577.0,26.17,0.957,15.6,4406.0,4.643,0.628
K07378.02,CANDIDATE,1,56.391062,5.7,2042.0,3.58,310.0,2.18,0.92,11.4,4406.0,4.643,0.628
K07379.01,FALSE POSITIVE,0,0.535493486,2.57,54.0,1.42,3181.0,24045.87,0.566,5.1,6328.0,4.035,1.864
K07481.01,FALSE POSITIVE,0,2.274628199,4.52648,103972.0,104.26,2092.0,4536.51,0.986,2047.9,6389.0,3.914,1.947
K07482.01,FALSE POSITIVE,0,9.762550001,4.87531,41579.9,68.93,1375.0,843.46,1.006,827.0,7199.0,4.055,1.95
K07484.01,FALSE POSITIVE,0,37.0200232,1.421,581.0,2.14,507.0,15.66,0.308,6.6,5685.0,4.537,0.886
K07485.01,FALSE POSITIVE,0,2.521265,2.69,36.5,1.16,2049.0,4175.66,0.463,5.9,6306.0,3.828,1.874
K07486.01,FALSE POSITIVE,0,5.674353343,4.17722,36484.5,51.63,1053.0,290.75,1.167,1098.3,5594.0,4.303,1.071
K07487.01,FALSE POSITIVE,0,0.734426335,2.7415,99056.0,51.42,2106.0,4660.36,0.971,429.7,6108.0,4.471,0.997
K00089.01,CONFIRMED,2,84.6877524,10.0248,347.7,3.37,611.0,32.96,0.017,95.1,6688.0,4.062,1.79
K00565.01,FALSE POSITIVE,0,2.340523247,3.156,175.4,1.4,1456.0,1063.8,0.725,37.2,6056.0,4.397,0.981
K07630.01,CANDIDATE,1,16.2982201,2.558,199.0,0.78,388.0,5.38,0.698,7.9,3905.0,4.736,0.521
K07631.01,FALSE POSITIVE,0,0.983304511,1.78,79.9,1.1,2121.0,4774.53,0.477,10.1,6363.0,4.386,1.198
K07632.01,FALSE POSITIVE,0,39.1307086,2.295,201.0,1.54,600.0,30.75,0.013,7.4,6295.0,4.401,1.08
K07633.01,FALSE POSITIVE,0,0.73975345,4.2,481.8,2.09,1818.0,2580.0,0.525,86.2,5271.0,4.436,0.935
K07634.01,FALSE POSITIVE,0,80.84069,8.567,9326.0,15.11,500.0,14.83,0.003,21.6,5511.0,4.069,1.597
K00569.02,CONFIRMED,2,1.632916419,1.5599,209.2,1.13,1237.0,554.07,0.136,31.0,4979.0,4.538,0.803
K07733.01,FALSE POSITIVE,0,1.048130894,5.6707,191.8,4.52,3871.0,52952.95,0.216,5.2,7673.0,3.679,3.214
K07734.01,FALSE POSITIVE,0,118.314913,4.79,216.3,7.23,786.0,90.09,0.522,7.0,6190.0,3.34,4.763
K07735.01,CANDIDATE,1,382.30306,8.83,225.6,4.05,400.0,6.04,0.597,9.6,5993.0,3.733,2.59
K07736.01,FALSE POSITIVE,0,0.664727127,1.561,16.2,0.46,2343.0,7149.67,0.382,7.6,6143.0,4.344,1.116
K07737.01,FALSE POSITIVE,0,4.75307877,2.35,933.0,505.94,7040.0,580415.2,0.019,6.4,3486.0,0.5,180.013
K07738.01,FALSE POSITIVE,0,0.954873008,1.0613,33.0,0.81,2325.0,6913.47,0.578,1.5,6092.0,4.114,1.363
K07841.01,FALSE POSITIVE,0,371.1495,15.855,597.3,2.07,245.0,0.85,0.228,11.5,5988.0,4.541,0.836
K00090.01,FALSE POSITIVE,0,0.828206212,1.737,132.3,3.88,3274.0,27125.5,0.615,68.1,5812.0,3.598,3.227
K00573.02,CONFIRMED,2,2.06190864,1.9743,214.0,1.63,1463.0,1082.28,0.537,27.9,5622.0,4.346,1.089
K07842.01,CANDIDATE,1,3.11141514,3.074,28.4,0.7,1530.0,1296.58,0.46,8.3,6450.0,4.297,1.273
K07843.01,CANDIDATE,1,0.619023176,1.496,77.9,0.79,1885.0,2985.06,0.387,8.9,5395.0,4.536,0.891
K07844.01,FALSE POSITIVE,0,1.302061421,1.8238,1046.1,92.86,3345.0,29636.26,1.273,29.5,7757.0,3.837,2.783
K07845.01,FALSE POSITIVE,0,341.01495,5.12,386.0,1.72,234.0,0.71,0.087,6.9,5327.0,4.456,0.896
K00092.01,CONFIRMED,2,65.7045275,3.3104,636.1,2.78,472.0,11.72,0.663,70.4,5918.0,4.403,1.043
K00580.01,CONFIRMED,2,6.521209629,2.7975,760.4,2.54,932.0,178.27,0.514,69.8,5822.0,4.529,0.898
K07946.01,FALSE POSITIVE,0,77.97621155,2.0,449.2,2.47,938.0,183.39,0.583,27.5,5761.0,4.438,0.997
K07947.01,FALSE POSITIVE,0,0.609668222,2.836,287.6,1.35,1805.0,2491.57,0.135,15.7,5296.0,4.576,0.815
K07948.01,FALSE POSITIVE,0,3.55650403,6.862,132.3,0.56,580.0,26.66,0.846,11.8,3745.0,4.819,0.427
K07949.01,CANDIDATE,1,1.001916708,1.256,70.9,0.62,1545.0,1352.47,0.074,8.3,5521.0,4.613,0.734
K07950.01,FALSE POSITIVE,0,2.21568076,1.515,43.6,0.57,1236.0,550.44,0.563,6.9,5349.0,4.478,0.836
K00585.01,CONFIRMED,2,3.722158895,1.9941,757.4,2.33,1046.0,283.28,0.644,70.3,5617.0,4.574,0.806
K08048.01,CANDIDATE,1,379.67276,9.662,253.9,1.33,247.0,0.88,0.302,7.9,6156.0,4.563,0.824
K08049.01,FALSE POSITIVE,0,391.420272,3.84,236.7,1.61,256.0,1.01,0.797,10.3,6032.0,4.46,0.949
K08050.01,CANDIDATE,1,278.38935,10.43,262.8,6.81,464.0,10.93,0.12,11.2,4951.0,3.349,4.342
K08051.01,FALSE POSITIVE,0,185.243906,3.276,383.9,2.38,354.0,3.7,0.726,7.9,6218.0,4.417,1.131
K08052.01,CANDIDATE,1,7.8687123,3.739,89.1,1.73,1323.0,722.44,0.748,9.1,6738.0,4.109,1.692
K08053.01,CANDIDATE,1,9.9105786,5.945,99.5,1.19,922.0,170.47,0.813,9.2,6214.0,4.442,1.076
K08147.01,FALSE POSITIVE,0,363.346158,4.911,896.0,22.36,537.0,19.65,0.29,10.7,4994.0,3.002,7.619
K08148.01,FALSE POSITIVE,0,303.91225,15.37,479.5,1.97,242.0,0.81,0.504,12.4,5412.0,4.513,0.887
K08149.01,FALSE POSITIVE,0,536.52197,4.458,293.9,3.0,273.0,1.31,0.14,9.7,5335.0,3.973,1.794
K08150.01,FALSE POSITIVE,0,350.514,19.53,213.5,2.22,346.0,3.37,0.259,12.0,6382.0,4.115,1.5
K08151.01,FALSE POSITIVE,0,431.51734,16.42,5332.7,10.28,287.0,1.6,0.718,206.2,6221.0,4.294,1.312
K08152.01,FALSE POSITIVE,0,261.684363,3.892,817.0,1.46,175.0,0.22,0.037,8.3,4393.0,4.713,0.526
K08153.01,FALSE POSITIVE,0,0.808106001,3.9174,7676.4,39.59,1978.0,3631.91,1.269,73.3,6014.0,4.494,0.958
K08244.01,FALSE POSITIVE,0,31.1911468,7.003,228.4,9.36,1131.0,386.78,0.019,11.4,4785.0,3.009,6.443
K08245.01,FALSE POSITIVE,0,30.9587224,4.411,342.0,2.34,686.0,52.49,0.765,13.1,6525.0,4.381,1.161
K08246.01,CANDIDATE,1,425.64971,11.07,171.2,1.58,281.0,1.48,0.303,7.6,6067.0,4.253,1.195
K08247.01,FALSE POSITIVE,0,527.68601,4.817,602.0,2.0,203.0,0.4,0.011,6.8,5657.0,4.567,0.824
K08248.01,FALSE POSITIVE,0,267.911652,4.124,695.0,2.38,257.0,1.03,0.016,7.7,5291.0,4.423,0.926
K08249.01,CANDIDATE,1,309.191789,11.392,122.8,1.96,383.0,5.08,0.155,10.5,6299.0,3.99,1.754
K08250.01,FALSE POSITIVE,0,99.299502,3.631,408.5,5.4,682.0,51.2,0.526,6.6,6832.0,3.851,2.578
K00638.02,CONFIRMED,2,67.0930642,7.334,1254.2,3.51,420.0,7.38,0.822,73.7,5750.0,4.538,0.882
K00639.01,CONFIRMED,2,17.97979816,5.5828,459.1,2.89,828.0,111.12,0.069,43.9,6141.0,4.272,1.352
K00640.01,CONFIRMED,2,30.99664113,2.9182,655.3,2.43,500.0,14.72,0.791,59.9,5324.0,4.544,0.853
K00641.01,CANDIDATE,1,14.85185526,3.5263,1341.0,2.73,457.0,10.3,0.815,58.3,4129.0,4.636,0.652
K00642.01,FALSE POSITIVE,0,4.350413063,1.7694,192.5,1.26,1088.0,331.98,0.549,37.8,5978.0,4.534,0.876
K00643.01,FALSE POSITIVE,0,1.376384817,1.745,365.9,1.47,1343.0,770.31,0.558,47.8,5278.0,4.591,0.746
K00644.01,FALSE POSITIVE,0,45.977861823,7.4493,23886.1,17.09,541.0,20.32,0.367,1283.6,5761.0,4.306,1.096
K06698.01,FALSE POSITIVE,0,5.22422449,4.56,449.2,2.47,938.0,183.39,0.583,27.5,5761.0,4.438,0.997
K06699.01,FALSE POSITIVE,0,2.49904083,2.651,128.2,1.04,1258.0,592.18,0.01,8.1,5525.0,4.458,0.93
K06700.01,FALSE POSITIVE,0,1.99567242,3.58,18.0,0.75,2137.0,4939.44,0.564,14.2,6773.0,4.063,1.69
K06701.01,FALSE POSITIVE,0,0.89879279,1.031,26.6,0.57,2116.0,4765.1,0.249,5.7,6224.0,4.373,1.096
K06702.01,FALSE POSITIVE,0,16.434352831,5.15682,45699.5,25.25,789.0,91.8,0.572,2171.4,5963.0,4.322,1.134
K06703.01,FALSE POSITIVE,0,2.158398259,8.1633,93038.0,101.02,1829.0,2649.52,0.996,217.0,5210.0,3.778,1.946
K06705.01,CANDIDATE,1,0.9951412,5.588,101.7,0.22,509.0,15.69,0.998,17.6,3325.0,5.364,0.109
K06815.01,FALSE POSITIVE,0,26.718417546,8.14155,72975.7,66.69,727.0,65.88,1.069,2173.1,5957.0,4.168,1.286
K06818.01,FALSE POSITIVE,0,2.213964145,6.7598,123355.0,57.06,1891.0,3030.64,0.634,951.4,6256.0,4.037,1.514
K06820.01,FALSE POSITIVE,0,20.726069913,6.47393,118864.0,51.9,657.0,43.93,0.989,1216.8,6011.0,4.522,0.902
K06821.01,FALSE POSITIVE,0,0.566801447,2.352,16.2,0.57,2633.0,11321.32,0.615,13.8,5966.0,4.184,1.349
K06822.01,FALSE POSITIVE,0,0.566794934,4.399,68.9,1.15,2457.0,8648.94,0.974,21.7,6395.0,4.436,1.049
K06823.01,FALSE POSITIVE,0,0.566800287,3.487,73.9,0.88,2260.0,6188.18,0.648,23.3,6075.0,4.486,0.969
K06824.01,FALSE POSITIVE,0,0.566791946,2.77,125.7,1.54,2160.0,5129.25,0.982,14.1,5836.0,4.5,0.97
K06937.01,FALSE POSITIVE,0,8.966610607,4.01883,59618.5,56.94,1038.0,274.04,1.101,2049.1,6480.0,4.351,1.132
K00520.04,CONFIRMED,2,51.1658019,4.637,259.2,1.51,398.0,5.96,0.817,12.2,4963.0,4.501,0.826
K06938.01,FALSE POSITIVE,0,15.32763411,6.0662,17749.0,291.01,1472.0,1108.58,1.204,117.0,4830.0,2.987,6.784
K06939.01,FALSE POSITIVE,0,2.10413487,4.2269,321239.0,67.03,1421.0,963.4,0.611,86.4,5780.0,4.438,1.0
K06940.01,FALSE POSITIVE,0,6.767341062,4.49213,244952.0,52.84,933.0,178.98,0.724,3356.8,5926.0,4.513,0.843
K06941.01,CANDIDATE,1,1.92730001,18.812,6177.1,45.99,1614.0,1605.97,1.285,351.1,6057.0,4.352,1.11
K06942.01,FALSE POSITIVE,0,1.025534511,3.52048,110948.0,43.68,1896.0,3066.26,0.883,3769.0,6267.0,4.487,0.919
K07044.01,FALSE POSITIVE,0,1.26227317,3.30141,7342.5,369.2,3790.0,48665.04,1.247,1159.9,4927.0,2.882,9.356
K07045.01,CANDIDATE,1,0.76757669,2.04757,157612.0,34.23,1530.0,1294.42,0.821,431.3,5182.0,4.635,0.627
K07046.01,FALSE POSITIVE,0,5.860377067,10.4634,361615.0,78.14,1191.0,475.44,0.526,3044.1,6267.0,4.284,1.158
K00528.01,CONFIRMED,2,9.57665962,3.3603,746.8,2.88,846.0,121.26,0.043,82.6,5386.0,4.322,1.076
K07047.01,FALSE POSITIVE,0,5.801881299,4.21133,34469.8,62.9,2001.0,3784.87,0.81,3642.0,7259.0,3.739,3.009
K07048.01,FALSE POSITIVE,0,4.00770453,5.50884,168776.0,92.08,1699.0,1969.22,0.835,1753.5,7162.0,4.185,1.631
K00710.01,CONFIRMED,2,5.37493289,3.9567,155.8,2.12,1413.0,942.35,0.228,49.0,6167.0,4.037,1.689
K00710.02,CONFIRMED,2,8.58600968,3.3443,102.1,1.84,1208.0,503.98,0.728,23.2,6167.0,4.037,1.689
K00710.03,CONFIRMED,2,3.88688862,3.683,58.3,1.29,1574.0,1448.04,0.035,20.8,6167.0,4.037,1.689
K00711.01,CONFIRMED,2,44.6996563,6.2289,837.7,3.05,500.0,14.81,0.472,71.3,5497.0,4.394,1.046
K00711.02,CONFIRMED,2,3.619309734,3.0504,206.6,1.47,1156.0,422.53,0.116,47.4,5497.0,4.394,1.046
K00711.03,CONFIRMED,2,124.5245224,9.654,689.9,2.69,356.0,3.78,0.004,47.5,5497.0,4.394,1.046
K00712.01,FALSE POSITIVE,0,2.178150857,1.931,162.5,1.11,1282.0,636.74,0.58,37.4,5691.0,4.56,0.836
K00649.02,CANDIDATE,1,10.2090268,6.264,36.7,0.92,1058.0,296.42,0.213,9.8,6188.0,4.196,1.524
K00650.01,CONFIRMED,2,11.95474513,2.1433,903.4,5.15,906.0,159.04,0.601,96.3,5059.0,3.976,1.657
K00651.01,FALSE POSITIVE,0,42.55930625,3.0148,2303.5,5.45,527.0,18.24,0.927,60.9,6032.0,4.489,0.924
K00652.01,CONFIRMED,2,16.080657264,2.8701,3076.0,4.43,614.0,33.64,0.051,195.9,5303.0,4.547,0.817
K00103.01,CONFIRMED,2,14.91095177,3.325,864.5,2.62,694.0,54.87,0.014,116.9,5650.0,4.5,0.899
K00653.01,FALSE POSITIVE,0,1.125963085,1.5034,146.0,1.41,1988.0,3689.22,0.596,43.1,6225.0,4.348,1.116
K00654.01,CONFIRMED,2,8.59481851,3.254,336.5,1.75,854.0,125.48,0.617,37.5,5675.0,4.459,0.915
K00713.01,FALSE POSITIVE,0,2.178150567,3.5065,511.3,34.19,1796.0,2457.28,1.228,131.4,6820.0,4.328,1.254
K00714.01,CONFIRMED,2,4.182001885,2.2209,847.4,2.46,974.0,213.29,0.015,160.3,5328.0,4.551,0.865
K00715.01,FALSE POSITIVE,0,1.621668852,1.7517,7662.0,32.76,1598.0,1546.28,1.194,67.8,6106.0,4.487,0.966
K00111.02,CONFIRMED,2,23.66834635,5.8297,449.4,2.32,668.0,47.11,0.758,112.8,5979.0,4.394,1.005
K00716.01,CANDIDATE,1,26.89316101,2.3266,2193.2,6.78,614.0,33.54,0.98,119.6,6096.0,4.511,0.908
K00717.01,CONFIRMED,2,14.70749512,3.1506,262.0,2.04,819.0,106.22,0.127,36.3,5676.0,4.247,1.28
K00717.02,CONFIRMED,2,0.900375925,1.257,41.4,0.82,2078.0,4399.18,0.093,14.6,5676.0,4.247,1.28
K00654.02,CONFIRMED,2,10.22215697,1.1939,238.2,1.72,806.0,99.68,0.911,13.6,5675.0,4.459,0.915
K00655.01,CONFIRMED,2,25.6721559,5.9629,387.1,2.68,683.0,51.47,0.867,78.4,6034.0,4.359,1.179
K00655.02,CONFIRMED,2,151.8851881,12.091,360.6,2.47,378.0,4.81,0.788,46.3,6034.0,4.359,1.179
K00656.01,FALSE POSITIVE,0,1.906633332,3.0825,268.0,2.72,1847.0,2745.66,0.98,83.3,6736.0,4.335,1.243
K00657.01,CONFIRMED,2,4.069425638,2.0396,549.1,1.53,802.0,97.72,0.102,68.0,4671.0,4.636,0.68
K00657.02,CONFIRMED,2,16.28247625,2.9227,792.6,1.88,505.0,15.37,0.382,60.0,4671.0,4.636,0.68
K00658.01,CONFIRMED,2,3.162692075,1.9529,503.7,2.61,1308.0,692.32,0.716,75.4,5821.0,4.355,1.085
K00718.01,CONFIRMED,2,4.585466941,3.4437,383.5,3.29,1307.0,688.54,0.823,84.8,5788.0,4.16,1.495
K00718.02,CONFIRMED,2,22.71443351,6.0875,575.1,4.01,766.0,81.57,0.816,74.4,5788.0,4.16,1.495
K00718.03,CONFIRMED,2,47.903427,6.191,379.3,3.55,598.0,30.17,0.918,34.1,5788.0,4.16,1.495
K00719.01,CONFIRMED,2,9.034190783,1.5501,577.6,1.8,586.0,27.87,0.846,82.1,4499.0,4.635,0.639
K00719.02,CONFIRMED,2,28.1224393,4.174,194.3,0.9,401.0,6.13,0.516,26.9,4499.0,4.635,0.639
K00719.03,CONFIRMED,2,45.9029768,5.0041,361.8,1.18,341.0,3.19,0.303,42.9,4499.0,4.635,0.639
K00719.04,CONFIRMED,2,4.159816554,1.6261,160.3,0.86,759.0,78.4,0.676,35.6,4499.0,4.635,0.639
K00658.02,CONFIRMED,2,5.370639542,2.1121,491.3,2.54,1096.0,341.68,0.667,58.8,5821.0,4.355,1.085
K00104.01,CONFIRMED,2,2.508057497,1.1134,1507.6,3.25,997.0,234.06,0.742,312.7,4780.0,4.597,0.761
K00658.03,CONFIRMED,2,11.32977062,3.845,162.4,1.37,855.0,126.21,0.036,18.5,5821.0,4.355,1.085
K00659.01,CONFIRMED,2,23.20579353,4.3243,342.5,5.86,1002.0,238.21,0.059,46.9,5460.0,3.626,3.231
K00660.01,CONFIRMED,2,6.07972016,7.1228,290.8,2.32,1111.0,360.77,0.471,77.9,5460.0,4.139,1.346
K00661.01,CONFIRMED,2,14.40090414,4.1682,379.6,2.71,828.0,111.24,0.872,41.1,5815.0,4.27,1.198
K00661.02,CONFIRMED,2,25.6613816,4.459,166.5,1.78,683.0,51.48,0.864,14.6,5815.0,4.27,1.198
K00111.03,CONFIRMED,2,51.75530504,7.4355,609.2,2.61,515.0,16.6,0.638,116.9,5979.0,4.394,1.005
K00720.01,CONFIRMED,2,5.69059163,2.557,1384.3,3.1,860.0,129.31,0.573,45.5,5244.0,4.538,0.81
K00720.02,CONFIRMED,2,10.04157214,2.6577,1114.0,2.97,712.0,60.74,0.768,28.1,5244.0,4.538,0.81
K00720.03,CONFIRMED,2,18.36974658,2.939,1143.3,3.58,582.0,27.14,0.947,20.1,5244.0,4.538,0.81
K00720.04,CONFIRMED,2,2.79590004,2.056,383.7,1.66,1090.0,333.31,0.638,16.3,5244.0,4.538,0.81
K00721.01,CONFIRMED,2,13.72462702,6.9758,281.8,2.13,831.0,112.82,0.748,50.1,5817.0,4.293,1.171
K00722.01,CONFIRMED,2,46.40626,7.0281,469.1,2.66,588.0,28.23,0.018,51.2,6086.0,4.276,1.227
K00662.01,CONFIRMED,2,10.21418792,5.8201,303.8,2.29,957.0,198.34,0.016,78.6,5843.0,4.25,1.332
K00663.01,CONFIRMED,2,2.755637216,1.8559,536.7,1.37,757.0,77.57,0.717,99.8,4121.0,4.709,0.553
K00663.02,CONFIRMED,2,20.30652862,2.8014,715.4,1.58,389.0,5.4,0.714,60.8,4121.0,4.709,0.553
K00664.01,CONFIRMED,2,13.13747785,4.8655,212.8,1.85,825.0,109.68,0.8,43.1,5762.0,4.314,1.143
K00664.02,CONFIRMED,2,7.78199862,3.947,106.9,1.32,983.0,220.8,0.816,25.6,5762.0,4.314,1.143
K00105.01,CONFIRMED,2,8.981014925,1.8478,1059.3,3.14,880.0,141.77,0.097,198.3,5666.0,4.362,0.967
K00664.03,CONFIRMED,2,23.4433748,5.768,85.0,1.29,681.0,50.72,0.924,14.1,5762.0,4.314,1.143
K00723.01,CONFIRMED,2,3.936993144,1.887,1266.0,3.36,1004.0,240.16,0.801,59.3,5431.0,4.563,0.843
K00723.02,CONFIRMED,2,28.08185982,4.5288,1840.3,3.63,522.0,17.52,0.425,50.8,5431.0,4.563,0.843
K00723.03,CONFIRMED,2,10.08881066,1.7726,1995.9,4.71,734.0,68.62,0.921,51.4,5431.0,4.563,0.843
K00724.01,FALSE POSITIVE,0,6.97106919,3.9125,452.8,2.07,946.0,189.16,0.044,41.7,5871.0,4.493,0.983
K00112.01,CONFIRMED,2,51.07926451,6.3729,736.8,2.75,503.0,15.17,0.017,126.8,5833.0,4.407,1.022
K00725.01,FALSE POSITIVE,0,7.30497811,4.5414,10930.0,10.86,760.0,78.87,0.932,69.6,5247.0,4.609,0.744
K00726.01,CANDIDATE,1,5.115750935,2.5378,1055.8,60.74,1202.0,493.38,1.475,51.8,6398.0,4.411,1.101
K00665.01,CONFIRMED,2,5.868066282,4.1246,436.5,3.6,1254.0,584.32,0.801,97.6,5918.0,4.127,1.555
K00665.02,CONFIRMED,2,1.61189046,3.0792,101.1,1.72,1930.0,3267.98,0.782,38.0,5918.0,4.127,1.555
K00665.03,CONFIRMED,2,3.07155284,4.0935,86.0,1.65,1556.0,1389.97,0.855,27.2,5918.0,4.127,1.555
K00666.01,CONFIRMED,2,22.24814617,4.1483,613.7,2.72,609.0,32.58,0.868,74.2,5629.0,4.503,0.943
K00667.01,CANDIDATE,1,4.305219002,2.6845,9738.6,10.34,1119.0,370.84,0.626,205.8,5780.0,4.438,1.0
K00668.01,FALSE POSITIVE,0,13.779711352,7.63871,25479.1,47.58,1376.0,848.24,0.201,2013.6,6444.0,3.643,2.947
K00669.01,FALSE POSITIVE,0,5.07437786,5.942,605.7,23.71,1008.0,244.04,1.21,86.6,5661.0,4.48,0.919
K00727.01,FALSE POSITIVE,0,1.213745575,5.5835,2012.2,21.69,1246.0,572.53,1.246,213.7,4820.0,4.606,0.661
K00728.01,CANDIDATE,1,7.189379172,2.0351,8126.4,11.94,1026.0,261.94,0.908,288.5,6214.0,4.442,1.076
K00729.01,FALSE POSITIVE,0,1.423799421,1.4866,2008.4,4.69,1659.0,1791.61,0.501,125.3,5962.0,4.464,1.019
K00730.01,CONFIRMED,2,14.78767172,6.1191,781.8,3.46,827.0,110.42,0.021,39.4,5814.0,4.269,1.248
K00730.02,CONFIRMED,2,9.84824649,5.7471,436.7,2.68,947.0,189.82,0.55,25.3,5814.0,4.269,1.248
K00730.03,CONFIRMED,2,19.7243672,7.202,577.9,3.57,751.0,75.23,0.898,26.0,5814.0,4.269,1.248
K00730.04,CONFIRMED,2,7.38443269,5.7351,349.8,2.42,1042.0,278.67,0.594,23.7,5814.0,4.269,1.248
K00670.01,CONFIRMED,2,9.48965527,3.587,262.2,2.16,926.0,173.79,0.795,42.5,5672.0,4.279,1.204
K00671.01,CONFIRMED,2,4.22865217,3.3275,150.0,1.83,1379.0,854.59,0.009,41.5,5966.0,4.169,1.499
K00010.01,CONFIRMED,2,3.522498429,3.19843,9145.7,14.59,1521.0,1264.67,0.631,1741.5,6225.0,4.169,1.451
K00106.01,FALSE POSITIVE,0,1.612249049,4.235,154.0,50.98,2713.0,12788.25,1.171,45.4,6732.0,3.793,2.569
K00671.02,CONFIRMED,2,7.46662068,3.87,120.9,1.65,1141.0,401.08,0.255,27.4,5966.0,4.169,1.499
K00671.03,CONFIRMED,2,16.25951967,3.854,129.5,1.72,880.0,142.1,0.374,19.6,5966.0,4.169,1.499
K00671.04,CONFIRMED,2,11.1317901,4.051,95.5,1.47,999.0,235.55,0.342,18.2,5966.0,4.169,1.499
K00731.01,FALSE POSITIVE,0,7.06115081,3.547,1526.9,171.85,886.0,145.61,2.824,60.4,5795.0,4.554,0.848
K00672.01,CONFIRMED,2,16.08786246,3.095,612.5,2.56,668.0,47.17,0.824,63.7,5506.0,4.473,0.914
K00672.02,CONFIRMED,2,41.74938613,5.6098,1055.4,2.94,486.0,13.22,0.226,95.0,5506.0,4.473,0.914
K00672.03,FALSE POSITIVE,0,0.56680081,3.6116,127.7,1.02,2038.0,4065.92,0.004,71.5,5506.0,4.473,0.914
K00673.01,CONFIRMED,2,4.41746257,2.965,291.0,3.95,1810.0,2536.07,0.085,22.6,6570.0,3.86,2.297
K00674.01,CONFIRMED,2,16.33888067,9.3599,1718.4,10.47,963.0,203.31,0.256,201.9,4877.0,3.645,2.595
K00675.01,FALSE POSITIVE,0,1.655467295,3.2424,1059.4,2.17,1080.0,322.97,0.001,98.7,4583.0,4.6,0.695
K00676.01,CONFIRMED,2,7.972510087,2.9754,3139.0,3.22,497.0,14.45,0.739,206.7,3912.0,4.728,0.533
K00107.01,CONFIRMED,2,7.256962446,4.9402,463.2,3.53,1163.0,432.1,0.676,168.3,5858.0,4.112,1.549
K00676.02,CONFIRMED,2,2.453236139,1.6691,1723.2,2.26,737.0,69.36,0.496,158.0,3912.0,4.728,0.533
K00677.01,FALSE POSITIVE,0,11.9710626,2.7607,421.8,5.84,1044.0,280.97,0.999,42.6,6312.0,4.127,1.464
K00678.01,CONFIRMED,2,6.0404622,1.98,241.0,1.3,841.0,118.56,0.508,14.9,5297.0,4.578,0.825
K00678.02,CONFIRMED,2,4.13852825,2.281,256.5,1.3,954.0,196.51,0.185,20.5,5297.0,4.578,0.825
K00679.01,CONFIRMED,2,31.80475991,8.699,360.6,2.99,664.0,45.9,0.87,73.4,5867.0,4.235,1.356
K00679.02,CONFIRMED,2,16.2580276,6.375,47.0,0.92,830.0,112.41,0.131,11.5,5867.0,4.235,1.356
K00680.01,CONFIRMED,2,8.600153929,9.0015,4510.2,26.52,1703.0,1986.75,0.296,1208.1,6093.0,3.475,3.913
K00681.01,FALSE POSITIVE,0,44.258173075,7.58264,20541.7,37.38,845.0,120.38,0.815,1282.3,6544.0,3.839,2.326
K00683.01,CANDIDATE,1,278.1243979,3.978,2297.8,5.86,286.0,1.57,0.871,58.5,5799.0,4.408,1.05
K00684.01,CANDIDATE,1,4.034914368,1.7874,800.1,6.95,1452.0,1052.15,0.965,92.6,5548.0,3.964,1.793
K00108.01,CONFIRMED,2,15.96532718,4.5837,482.2,3.33,872.0,136.42,0.674,144.2,5880.0,4.154,1.433
K00685.01,CONFIRMED,2,3.173914037,3.6069,303.0,3.07,1655.0,1769.83,0.819,76.1,6432.0,4.164,1.584
K00686.01,CANDIDATE,1,52.513548727,3.2743,14252.3,12.43,472.0,11.73,0.679,825.0,5589.0,4.421,0.98
K00687.01,CANDIDATE,1,4.17838675,2.123,316.0,3.13,1430.0,988.44,0.617,15.1,5746.0,4.039,1.687
K00688.01,CONFIRMED,2,3.275821982,3.0427,274.9,3.54,1730.0,2121.23,0.746,64.4,6185.0,4.013,1.972
K00689.01,CONFIRMED,2,15.87360981,3.5246,415.6,1.53,632.0,37.68,0.395,38.4,5656.0,4.607,0.737
K00690.01,FALSE POSITIVE,0,1.360834768,1.4886,1570.5,7.24,1660.0,1792.47,1.008,169.8,6215.0,4.543,0.872
K00691.01,CONFIRMED,2,29.66631669,8.412,668.0,2.83,644.0,40.68,0.019,95.3,5956.0,4.322,1.098
K00691.02,CONFIRMED,2,16.2254975,6.471,120.4,1.21,788.0,90.93,0.273,20.3,5956.0,4.322,1.098
K00692.01,CONFIRMED,2,2.462344253,1.8113,180.1,1.33,1326.0,730.86,0.051,42.1,5736.0,4.467,1.008
K00692.02,CONFIRMED,2,4.822969318,0.8752,332.1,2.22,1060.0,297.73,0.891,36.0,5736.0,4.467,1.008
K00108.02,CONFIRMED,2,179.609803,13.755,1273.0,5.47,389.0,5.41,0.711,184.6,5880.0,4.154,1.433
K00693.01,CONFIRMED,2,28.7796446,8.349,253.2,1.95,619.0,34.65,0.886,36.5,6000.0,4.45,1.044
K00693.02,CONFIRMED,2,15.66057688,7.012,384.1,2.05,758.0,78.01,0.244,67.5,6000.0,4.45,1.044
K00694.01,CONFIRMED,2,17.42115972,4.9974,928.1,3.11,674.0,48.91,0.651,114.3,5679.0,4.487,0.972
K00695.01,CONFIRMED,2,29.90721859,4.8475,588.0,2.16,564.0,23.92,0.022,79.8,5739.0,4.476,0.896
K00696.01,CANDIDATE,1,7.03380109,6.4185,138.5,2.61,1320.0,718.45,0.861,46.7,6122.0,4.019,1.934
K00697.01,CONFIRMED,2,3.032147946,3.8627,488.6,3.62,1507.0,1218.88,0.836,103.1,5827.0,4.151,1.447
K00698.01,FALSE POSITIVE,0,12.718711489,2.48998,8378.9,120.02,1042.0,279.33,1.588,550.2,6120.0,4.036,1.596
K00699.01,FALSE POSITIVE,0,5.41460536,33.787,4080.1,116.93,1737.0,2150.63,1.29,294.4,6033.0,3.676,2.943
K00700.01,CONFIRMED,2,30.86436512,2.9557,551.3,2.23,527.0,18.22,0.851,51.8,5677.0,4.563,0.828
K00700.02,CONFIRMED,2,9.36059705,3.2069,236.5,1.42,784.0,89.47,0.802,42.0,5677.0,4.563,0.828
K00109.01,FALSE POSITIVE,0,6.41496453,3.9015,201.2,25.79,1153.0,417.97,1.187,53.1,6170.0,4.259,1.183
K00700.03,CONFIRMED,2,14.6672293,3.742,198.1,1.21,675.0,49.12,0.596,30.5,5677.0,4.563,0.828
K00700.04,CONFIRMED,2,68.1609897,5.662,295.6,1.45,405.0,6.34,0.459,25.0,5677.0,4.563,0.828
K00701.01,CONFIRMED,2,18.16407304,2.9355,943.2,1.98,508.0,15.72,0.021,99.7,4926.0,4.653,0.662
K00701.02,CONFIRMED,2,5.71489692,2.3572,425.9,1.33,747.0,73.38,0.011,73.0,4926.0,4.653,0.662
K00701.03,CONFIRMED,2,122.3858681,7.123,711.1,1.72,269.0,1.24,0.101,46.3,4926.0,4.653,0.662
K00701.04,CONFIRMED,2,267.282521,7.788,471.9,1.43,207.0,0.44,0.378,19.3,4926.0,4.653,0.662
K00701.05,CONFIRMED,2,12.4418003,3.572,78.4,0.57,576.0,26.03,0.043,11.4,4926.0,4.653,0.662
K00702.01,FALSE POSITIVE,0,1.274840187,14.833,229.2,66.76,2498.0,9187.9,1.198,79.3,5365.0,3.669,2.872
K00703.01,FALSE POSITIVE,0,1.368617188,1.6235,126.9,1.84,2255.0,6108.26,0.464,44.4,6561.0,4.14,1.584
K00704.01,CONFIRMED,2,18.39629744,2.7838,680.2,2.47,582.0,27.09,0.872,58.4,5316.0,4.57,0.804
K00110.01,CONFIRMED,2,9.940666412,3.9092,520.2,2.87,996.0,233.04,0.02,161.4,6215.0,4.305,1.259
K00705.01,FALSE POSITIVE,0,1.012672041,3.0512,1197.6,5.89,2337.0,7026.31,0.957,237.4,6663.0,4.275,1.338
K00706.01,FALSE POSITIVE,0,28.714216138,6.0624,43701.9,42.19,794.0,93.74,0.919,1230.7,6706.0,4.226,1.417
K00707.01,CONFIRMED,2,21.77568158,7.9588,797.9,4.76,853.0,125.14,0.025,117.3,5900.0,4.022,1.694
K00707.02,CONFIRMED,2,41.0283424,9.8052,541.4,3.92,691.0,53.8,0.011,66.5,5900.0,4.022,1.694
K00707.03,CONFIRMED,2,31.7848157,8.8077,444.5,3.55,752.0,75.59,0.015,57.6,5900.0,4.022,1.694
K00707.04,CONFIRMED,2,13.17555999,6.6677,280.0,2.82,1009.0,244.58,0.013,48.8,5900.0,4.022,1.694
K00707.05,CONFIRMED,2,5.66815821,4.9064,119.7,1.85,1336.0,752.7,0.177,27.3,5900.0,4.022,1.694
K00708.01,CONFIRMED,2,17.40665216,6.864,586.9,2.95,814.0,104.04,0.022,85.7,6086.0,4.274,1.216
K00708.02,CONFIRMED,2,7.69363627,5.0324,295.1,2.12,1069.0,308.61,0.366,55.1,6086.0,4.274,1.216
K00709.01,CONFIRMED,2,21.3851584,4.0819,663.9,2.17,574.0,25.63,0.518,67.3,5376.0,4.516,0.825
K00111.01,CONFIRMED,2,11.427550984,4.6074,500.9,2.35,852.0,124.31,0.608,165.5,5979.0,4.394,1.005
K00649.01,CONFIRMED,2,23.44970494,8.6567,315.6,2.71,802.0,97.94,0.193,67.9,6188.0,4.196,1.524
